representative_exercise_id,stable_code,name_ko,name_en,source_name,source_name_en,exercise_family_code,primary_movement_pattern_code,training_type_code,body_focus_code,target_muscle_status,primary_body_area_codes,secondary_body_area_codes,body_area_status,equipment_codes,location_codes,setup_condition_ko,difficulty_code,beginner_suitable,recovery_eligible,difficulty_status,fitt_template_id,timing_mode_code,fitt_default_sets,fitt_default_reps,fitt_default_work_seconds,fitt_default_rest_seconds,fitt_default_transition_seconds,default_seconds_per_rep,default_work_seconds,default_rest_seconds,default_transition_seconds,instruction_summary_ko,form_cues_ko,instruction_content_version,review_status_code,source_track,source_identity,fitt_intensity_level,fitt_status,met_value,met_intensity_level,met_source,met_status,nex_exercise_ids,nex_exercise_count,taxonomy_review_status,taxonomy_reviewer,taxonomy_reviewed_at,catalog_status
REX-000001,abs_core_brace_core_brace_mat,누워서 복부 수축하기,누워서 배가로근 수축1,누워서 배가로근 수축1,누워서 배가로근 수축1,ABS_CORE_BRACE,CORE_BRACE,STRENGTH,CORE,APPROVED,"[""ABDOMEN""]","[""LOWER_BACK""]",APPROVED,MAT,HOME,,BEGINNER,false,false,APPROVED,FITT-CORE-STABILITY-V1,DURATION,2-3,,30-45,45-60,,,30,90,15,복부 브레이싱 운동은 몸통을 유지하며 몸통 주변에 힘을 쓰는 운동입니다.,"[""안내된 시작 자세를 안정적으로 잡는다."", ""배 주변에 가볍게 힘을 주고 숨을 쉰다."", ""몸통이 흔들리지 않는 범위에서 팔이나 다리를 움직인다."", ""천천히 시작 자세로 돌아온다.""]",representative-content-v0.1.0,DOMAIN_APPROVED,kspo,9cbed9e85b778b40b4786394c774c081fcfb39e3cf13df612476c9d0bf56c9e7,LIGHT_MODERATE,APPROVED,5,MODERATE,ADULT_COMPENDIUM_2024;activity_code=02052;url=https://pacompendium.com/;domain_approval=DATA_OWNER_APPROVAL;reviewed_at=2026-08-24T00:00:00+09:00;approval_scope=ALL_MET_MAPPINGS,DOMAIN_APPROVED,"[""NEX-000177""]",1,TAXONOMY_APPROVED,DOMAIN_EXPERT_REVIEW,2026-08-21T00:00:00+09:00,FINAL_CATALOG_PENDING_MEDIA_RIGHTS
REX-000002,all_fours_squat_stretch_mobility_stretch_bodyweight,쿼드러펫 락백,all fours squad stretch,all fours squad stretch,all fours squad stretch,ALL_FOURS_SQUAT_STRETCH,MOBILITY_STRETCH,MOBILITY,MOBILITY,APPROVED,"[""KNEE"",""HIP""]","[""ANKLE_FOOT""]",APPROVED,BODYWEIGHT,HOME|GYM,,INTERMEDIATE,false,true,APPROVED,FITT-MOBILITY-V1,DURATION,,,30-60,,15-30,,30,30,15,네발기기 스쿼트 스트레칭 운동은 무릎·고관절 주변을 천천히 움직이며 범위를 확인하는 스트레칭입니다.,"[""편안한 시작 자세를 잡고 주변 공간을 확인한다."", ""숨을 고르게 쉬며 안내된 방향으로 천천히 움직인다."", ""당김이 느껴지는 범위에서 잠시 멈춘다."", ""반동 없이 시작 자세로 천천히 돌아온다.""]",representative-content-v0.1.0,DOMAIN_APPROVED,gymvisual,1512,LIGHT,APPROVED,2.3,LIGHT,ADULT_COMPENDIUM_2024;activity_code=02101;url=https://pacompendium.com/;domain_approval=DATA_OWNER_APPROVAL;reviewed_at=2026-08-24T00:00:00+09:00;approval_scope=ALL_MET_MAPPINGS,DOMAIN_APPROVED,"[""NEX-000131""]",1,TAXONOMY_APPROVED,DOMAIN_EXPERT_REVIEW,2026-08-21T00:00:00+09:00,FINAL_CATALOG_PENDING_MEDIA_RIGHTS
REX-000003,ankle_circles_mobility_stretch_bodyweight,발목 돌리기,ankle circles,ankle circles,ankle circles,ANKLE_CIRCLES,MOBILITY_STRETCH,MOBILITY,MOBILITY,APPROVED,"[""ANKLE_FOOT""]","[""KNEE""]",APPROVED,BODYWEIGHT,HOME|GYM,,BEGINNER,false,true,APPROVED,FITT-MOBILITY-V1,DURATION,,,30-60,,15-30,,30,30,15,발목 돌리기 운동은 발목과 발 주변을 천천히 움직이며 범위를 확인하는 스트레칭입니다.,"[""편안한 시작 자세를 잡고 주변 공간을 확인한다."", ""숨을 고르게 쉬며 안내된 방향으로 천천히 움직인다."", ""당김이 느껴지는 범위에서 잠시 멈춘다."", ""반동 없이 시작 자세로 천천히 돌아온다.""]",representative-content-v0.1.0,DOMAIN_APPROVED,gymvisual,1368,LIGHT,APPROVED,2.3,LIGHT,ADULT_COMPENDIUM_2024;activity_code=02101;url=https://pacompendium.com/;domain_approval=DATA_OWNER_APPROVAL;reviewed_at=2026-08-24T00:00:00+09:00;approval_scope=ALL_MET_MAPPINGS,DOMAIN_APPROVED,"[""NEX-000116""]",1,TAXONOMY_APPROVED,DOMAIN_EXPERT_REVIEW,2026-08-21T00:00:00+09:00,FINAL_CATALOG_PENDING_MEDIA_RIGHTS
REX-000004,barbell_deadlift_hip_dominant_barbell,데드리프트,barbell deadlift,barbell deadlift,barbell deadlift,BARBELL_DEADLIFT,HIP_DOMINANT,STRENGTH,GLUTES,APPROVED,"[""HIP""]","[""KNEE"",""LOWER_BACK""]",APPROVED,BARBELL,GYM,,INTERMEDIATE,false,false,APPROVED,FITT-COMPOUND-HINGE-V1,REPS,3,8-12,,90,,4,,90,15,데드리프트 운동은 엉덩이를 뒤로 보내며 엉덩이를 사용하는 운동입니다.,"[""발을 편하게 두고 기구나 주변을 안정적으로 준비한다."", ""엉덩이를 뒤로 보내며 상체를 천천히 기울인다."", ""등과 목을 편안히 두고 엉덩이로 힘을 낸다."", ""천천히 시작 자세로 돌아온다.""]",representative-content-v0.1.0,DOMAIN_APPROVED,gymvisual,0032,MODERATE,APPROVED,6,VIGOROUS,ADULT_COMPENDIUM_2024;activity_code=02050;url=https://pacompendium.com/;domain_approval=DATA_OWNER_APPROVAL;reviewed_at=2026-08-24T00:00:00+09:00;approval_scope=ALL_MET_MAPPINGS,DOMAIN_APPROVED,"[""NEX-000001"", ""NEX-000032"", ""NEX-000186"", ""NEX-000192""]",4,TAXONOMY_APPROVED,DOMAIN_EXPERT_REVIEW,2026-08-21T00:00:00+09:00,FINAL_CATALOG_PENDING_MEDIA_RIGHTS
REX-000005,barbell_front_raise_isolation_barbell,프론트 레이즈,barbell front raise,barbell front raise,barbell front raise,BARBELL_FRONT_RAISE,ISOLATION,STRENGTH,SHOULDERS,APPROVED,"[""SHOULDER""]","[""ELBOW""]",APPROVED,BARBELL,GYM,,BEGINNER,false,false,APPROVED,FITT-ISOLATION-STRENGTH-V1,REPS,3,10-15,,60-90,,4,,90,15,프론트 레이즈 운동은 다른 부위의 움직임을 줄이고 어깨를 집중해 사용하는 운동입니다.,"[""시작 자세와 기구를 안정적으로 준비한다."", ""안내된 부위를 중심으로 천천히 움직인다."", ""끝 범위에서 힘을 잠시 유지한다."", ""반동 없이 시작 자세로 돌아온다.""]",representative-content-v0.1.0,DOMAIN_APPROVED,gymvisual,0041,MODERATE,APPROVED,3.5,LIGHT,ADULT_COMPENDIUM_2024;activity_code=02054;url=https://pacompendium.com/;domain_approval=DATA_OWNER_APPROVAL;reviewed_at=2026-08-24T00:00:00+09:00;approval_scope=ALL_MET_MAPPINGS,DOMAIN_APPROVED,"[""NEX-000004"", ""NEX-000035"", ""NEX-000036"", ""NEX-000040"", ""NEX-000053"", ""NEX-000098""]",6,TAXONOMY_APPROVED,DOMAIN_EXPERT_REVIEW,2026-08-21T00:00:00+09:00,FINAL_CATALOG_PENDING_MEDIA_RIGHTS
REX-000006,barbell_pullover_isolation_barbell,풀오버,barbell pullover,barbell pullover,barbell pullover,BARBELL_PULLOVER,ISOLATION,STRENGTH,BACK,APPROVED,"[""UPPER_BACK""]","[""CHEST"",""ELBOW""]",APPROVED,BARBELL,GYM,안정적인 지지물(벤치 또는 의자 등)을 준비한다.,INTERMEDIATE,false,false,APPROVED,FITT-ISOLATION-STRENGTH-V1,REPS,3,10-15,,60-90,,4,,90,15,풀오버 운동은 다른 부위의 움직임을 줄이고 등을 집중해 사용하는 운동입니다.,"[""시작 자세와 기구를 안정적으로 준비한다."", ""안내된 부위를 중심으로 천천히 움직인다."", ""끝 범위에서 힘을 잠시 유지한다."", ""반동 없이 시작 자세로 돌아온다.""]",representative-content-v0.1.0,DOMAIN_APPROVED,gymvisual,0073,MODERATE,APPROVED,3.5,MODERATE,ADULT_COMPENDIUM_2024;activity_code=02054;url=https://pacompendium.com/;domain_approval=DATA_OWNER_APPROVAL;reviewed_at=2026-08-24T00:00:00+09:00;approval_scope=ALL_MET_MAPPINGS,DOMAIN_APPROVED,"[""NEX-000002"", ""NEX-000003"", ""NEX-000005"", ""NEX-000018"", ""NEX-000148"", ""NEX-000161""]",6,TAXONOMY_APPROVED,DOMAIN_EXPERT_REVIEW,2026-08-21T00:00:00+09:00,FINAL_CATALOG_PENDING_MEDIA_RIGHTS
REX-000007,barbell_straight_leg_deadlift_hip_dominant_barbell,루마니안 데드리프트,barbell straight leg deadlift,barbell straight leg deadlift,barbell straight leg deadlift,BARBELL_STRAIGHT_LEG_DEADLIFT,HIP_DOMINANT,STRENGTH,HAMSTRINGS,APPROVED,"[""HIP""]","[""KNEE"",""LOWER_BACK""]",APPROVED,BARBELL,GYM,,INTERMEDIATE,false,false,APPROVED,FITT-COMPOUND-HINGE-V1,REPS,3,8-12,,90,,4,,90,15,루마니안 데드리프트 운동은 엉덩이를 뒤로 보내며 허벅지 뒤쪽을 사용하는 운동입니다.,"[""발을 편하게 두고 기구나 주변을 안정적으로 준비한다."", ""엉덩이를 뒤로 보내며 상체를 천천히 기울인다."", ""등과 목을 편안히 두고 엉덩이로 힘을 낸다."", ""천천히 시작 자세로 돌아온다.""]",representative-content-v0.1.0,DOMAIN_APPROVED,gymvisual,0116,MODERATE,APPROVED,6,VIGOROUS,ADULT_COMPENDIUM_2024;activity_code=02050;url=https://pacompendium.com/;domain_approval=DATA_OWNER_APPROVAL;reviewed_at=2026-08-24T00:00:00+09:00;approval_scope=ALL_MET_MAPPINGS,DOMAIN_APPROVED,"[""NEX-000009"", ""NEX-000061"", ""NEX-000062"", ""NEX-000104"", ""NEX-000107"", ""NEX-000193"", ""NEX-000205""]",7,TAXONOMY_APPROVED,DOMAIN_EXPERT_REVIEW,2026-08-21T00:00:00+09:00,FINAL_CATALOG_PENDING_MEDIA_RIGHTS
REX-000008,bodyweight_back_extension_hip_dominant_bodyweight,백 익스텐션,hyperextension,hyperextension,hyperextension,BODYWEIGHT_BACK_EXTENSION,HIP_DOMINANT,STRENGTH,BACK,APPROVED,"[""LOWER_BACK""]","[""HIP"",""UPPER_BACK""]",APPROVED,BODYWEIGHT,HOME|GYM,안정적인 지지물(벤치 또는 의자 등)을 준비한다.,INTERMEDIATE,false,false,APPROVED,FITT-COMPOUND-HINGE-V1,REPS,3,8-12,,90,,4,,90,15,백 익스텐션 운동은 엉덩이를 뒤로 보내며 등을 사용하는 운동입니다.,"[""발을 편하게 두고 기구나 주변을 안정적으로 준비한다."", ""엉덩이를 뒤로 보내며 상체를 천천히 기울인다."", ""등과 목을 편안히 두고 엉덩이로 힘을 낸다."", ""천천히 시작 자세로 돌아온다.""]",representative-content-v0.1.0,DOMAIN_APPROVED,gymvisual,0489,MODERATE,APPROVED,5,MODERATE,ADULT_COMPENDIUM_2024;activity_code=02052;url=https://pacompendium.com/;domain_approval=DATA_OWNER_APPROVAL;reviewed_at=2026-08-24T00:00:00+09:00;approval_scope=ALL_MET_MAPPINGS,DOMAIN_APPROVED,"[""NEX-000064""]",1,TAXONOMY_APPROVED,DOMAIN_EXPERT_REVIEW,2026-08-21T00:00:00+09:00,FINAL_CATALOG_PENDING_MEDIA_RIGHTS
REX-000009,bodyweight_crunch_core_brace_bodyweight,크런치,crunch floor,crunch floor,crunch floor,BODYWEIGHT_CRUNCH,CORE_BRACE,STRENGTH,CORE,APPROVED,"[""ABDOMEN""]","[""LOWER_BACK""]",APPROVED,BODYWEIGHT,HOME|GYM,,BEGINNER,true,false,APPROVED,FITT-CORE-STABILITY-V1,DURATION,2-3,,30-45,45-60,,,30,90,15,크런치 운동은 몸통을 유지하며 몸통 주변에 힘을 쓰는 운동입니다.,"[""안내된 시작 자세를 안정적으로 잡는다."", ""배 주변에 가볍게 힘을 주고 숨을 쉰다."", ""몸통이 흔들리지 않는 범위에서 팔이나 다리를 움직인다."", ""천천히 시작 자세로 돌아온다.""]",representative-content-v0.1.0,DOMAIN_APPROVED,gymvisual,0274,LIGHT_MODERATE,APPROVED,3,LIGHT,ADULT_COMPENDIUM_2024;activity_code=02056;url=https://pacompendium.com/;domain_approval=DATA_OWNER_APPROVAL;reviewed_at=2026-08-24T00:00:00+09:00;approval_scope=ALL_MET_MAPPINGS,DOMAIN_APPROVED,"[""NEX-000029"", ""NEX-000031""]",2,TAXONOMY_APPROVED,DOMAIN_EXPERT_REVIEW,2026-08-21T00:00:00+09:00,FINAL_CATALOG_PENDING_MEDIA_RIGHTS
REX-000010,bodyweight_forward_lunge_knee_dominant_bodyweight,포워드 런지,forward lunge (male),forward lunge (male),forward lunge (male),BODYWEIGHT_FORWARD_LUNGE,KNEE_DOMINANT,STRENGTH,GLUTES,APPROVED,"[""HIP"",""KNEE""]","[""ANKLE_FOOT""]",APPROVED,BODYWEIGHT,HOME|GYM,,INTERMEDIATE,false,false,APPROVED,FITT-COMPOUND-LUNGE-V1,REPS,3,8-12,,90,,4,,90,15,포워드 런지 운동은 다리를 굽혔다 펴며 엉덩이를 사용하는 운동입니다.,"[""발을 편하게 벌리고 양발에 무게를 나눈다."", ""엉덩이를 뒤로 보내며 무릎을 천천히 굽힌다."", ""발바닥을 바닥에 두고 편한 범위까지만 내려간다."", ""발로 바닥을 밀며 천천히 시작 자세로 돌아온다.""]",representative-content-v0.1.0,DOMAIN_APPROVED,gymvisual,3470,MODERATE,APPROVED,3.8,MODERATE,ADULT_COMPENDIUM_2024;activity_code=02022;url=https://pacompendium.com/;domain_approval=DATA_OWNER_APPROVAL;reviewed_at=2026-08-24T00:00:00+09:00;approval_scope=ALL_MET_MAPPINGS,DOMAIN_APPROVED,"[""NEX-000041"", ""NEX-000051"", ""NEX-000068"", ""NEX-000128"", ""NEX-000165"", ""NEX-000167""]",6,TAXONOMY_APPROVED,DOMAIN_EXPERT_REVIEW,2026-08-21T00:00:00+09:00,FINAL_CATALOG_PENDING_MEDIA_RIGHTS
REX-000011,bodyweight_glute_bridge_hip_dominant_bodyweight,글루트 브리지,low glute bridge on floor,low glute bridge on floor,low glute bridge on floor,BODYWEIGHT_GLUTE_BRIDGE,HIP_DOMINANT,STRENGTH,GLUTES,APPROVED,"[""HIP""]","[""KNEE"",""LOWER_BACK""]",APPROVED,BODYWEIGHT,HOME|GYM,,BEGINNER,true,false,APPROVED,FITT-BODYWEIGHT-BEGINNER-V1,REPS,2,8-15,,60,,4,,90,15,글루트 브리지 운동은 엉덩이를 뒤로 보내며 엉덩이를 사용하는 운동입니다.,"[""발을 편하게 두고 기구나 주변을 안정적으로 준비한다."", ""엉덩이를 뒤로 보내며 상체를 천천히 기울인다."", ""등과 목을 편안히 두고 엉덩이로 힘을 낸다."", ""천천히 시작 자세로 돌아온다.""]",representative-content-v0.1.0,DOMAIN_APPROVED,gymvisual,3013,LIGHT_MODERATE,APPROVED,5,MODERATE,ADULT_COMPENDIUM_2024;activity_code=02052;url=https://pacompendium.com/;domain_approval=DATA_OWNER_APPROVAL;reviewed_at=2026-08-24T00:00:00+09:00;approval_scope=ALL_MET_MAPPINGS,DOMAIN_APPROVED,"[""NEX-000162""]",1,TAXONOMY_APPROVED,DOMAIN_EXPERT_REVIEW,2026-08-21T00:00:00+09:00,FINAL_CATALOG_PENDING_MEDIA_RIGHTS
REX-000012,bodyweight_pull_up_biceps_vertical_pull_bodyweight_pull_up_bar,풀업,biceps pull-up,biceps pull-up,biceps pull-up,BODYWEIGHT_PULL_UP_BICEPS,VERTICAL_PULL,STRENGTH,BICEPS,APPROVED,"[""ELBOW""]","[""UPPER_BACK"",""WRIST_HAND""]",APPROVED,BODYWEIGHT|PULL_UP_BAR,HOME|GYM,,INTERMEDIATE,false,false,APPROVED,FITT-COMPOUND-PULL-V1,REPS,3,8-12,,90,,4,,90,15,풀업 운동은 팔꿈치를 아래로 당기며 팔 앞쪽을 사용하는 운동입니다.,"[""손잡이를 안정적으로 잡고 몸을 준비한다."", ""어깨를 내린 채 팔꿈치를 아래로 당긴다."", ""조절할 수 있는 범위까지만 당긴다."", ""팔을 천천히 펴며 시작 위치로 돌아온다.""]",representative-content-v0.1.0,DOMAIN_APPROVED,gymvisual,0140,MODERATE,APPROVED,6.5,VIGOROUS,ADULT_COMPENDIUM_2024;activity_code=02057;url=https://pacompendium.com/;domain_approval=DATA_OWNER_APPROVAL;reviewed_at=2026-08-24T00:00:00+09:00;approval_scope=ALL_MET_MAPPINGS,DOMAIN_APPROVED,"[""NEX-000011""]",1,TAXONOMY_APPROVED,DOMAIN_EXPERT_REVIEW,2026-08-21T00:00:00+09:00,FINAL_CATALOG_PENDING_MEDIA_RIGHTS
REX-000013,bodyweight_reverse_crunch_core_brace_bodyweight,리버스 크런치,reverse crunch,reverse crunch,reverse crunch,BODYWEIGHT_REVERSE_CRUNCH,CORE_BRACE,STRENGTH,CORE,APPROVED,"[""ABDOMEN""]","[""LOWER_BACK""]",APPROVED,BODYWEIGHT,HOME|GYM,,BEGINNER,false,false,APPROVED,FITT-CORE-STABILITY-V1,DURATION,2-3,,30-45,45-60,,,30,90,15,리버스 크런치 운동은 몸통을 유지하며 몸통 주변에 힘을 쓰는 운동입니다.,"[""안내된 시작 자세를 안정적으로 잡는다."", ""배 주변에 가볍게 힘을 주고 숨을 쉰다."", ""몸통이 흔들리지 않는 범위에서 팔이나 다리를 움직인다."", ""천천히 시작 자세로 돌아온다.""]",representative-content-v0.1.0,DOMAIN_APPROVED,gymvisual,0872,LIGHT_MODERATE,APPROVED,3,LIGHT,ADULT_COMPENDIUM_2024;activity_code=02056;url=https://pacompendium.com/;domain_approval=DATA_OWNER_APPROVAL;reviewed_at=2026-08-24T00:00:00+09:00;approval_scope=ALL_MET_MAPPINGS,DOMAIN_APPROVED,"[""NEX-000027"", ""NEX-000088"", ""NEX-000094"", ""NEX-000095"", ""NEX-000146""]",5,TAXONOMY_APPROVED,DOMAIN_EXPERT_REVIEW,2026-08-21T00:00:00+09:00,FINAL_CATALOG_PENDING_MEDIA_RIGHTS
REX-000014,bodyweight_russian_twist_core_brace_bodyweight,러시안 트위스트,russian twist,russian twist,russian twist,BODYWEIGHT_RUSSIAN_TWIST,CORE_BRACE,STRENGTH,CORE,APPROVED,"[""ABDOMEN""]","[""LOWER_BACK""]",APPROVED,BODYWEIGHT,HOME|GYM,,INTERMEDIATE,false,false,APPROVED,FITT-CORE-STABILITY-V1,DURATION,2-3,,30-45,45-60,,,30,90,15,러시안 트위스트 운동은 몸통을 유지하며 몸통 주변에 힘을 쓰는 운동입니다.,"[""안내된 시작 자세를 안정적으로 잡는다."", ""배 주변에 가볍게 힘을 주고 숨을 쉰다."", ""몸통이 흔들리지 않는 범위에서 팔이나 다리를 움직인다."", ""천천히 시작 자세로 돌아온다.""]",representative-content-v0.1.0,DOMAIN_APPROVED,gymvisual,0687,LIGHT_MODERATE,APPROVED,5,MODERATE,ADULT_COMPENDIUM_2024;activity_code=02052;url=https://pacompendium.com/;domain_approval=DATA_OWNER_APPROVAL;reviewed_at=2026-08-24T00:00:00+09:00;approval_scope=ALL_MET_MAPPINGS,DOMAIN_APPROVED,"[""NEX-000023"", ""NEX-000077"", ""NEX-000090"", ""NEX-000091"", ""NEX-000155""]",5,TAXONOMY_APPROVED,DOMAIN_EXPERT_REVIEW,2026-08-21T00:00:00+09:00,FINAL_CATALOG_PENDING_MEDIA_RIGHTS
REX-000015,bodyweight_split_squat_knee_dominant_bodyweight,스플릿 스쿼트,split squats,split squats,split squats,BODYWEIGHT_SPLIT_SQUAT,KNEE_DOMINANT,STRENGTH,QUADRICEPS,APPROVED,"[""KNEE"",""HIP""]","[""ANKLE_FOOT""]",APPROVED,BODYWEIGHT,HOME|GYM,,INTERMEDIATE,false,false,APPROVED,FITT-COMPOUND-LUNGE-V1,REPS,3,8-12,,90,,4,,90,15,스플릿 스쿼트 운동은 다리를 굽혔다 펴며 허벅지 앞쪽을 사용하는 운동입니다.,"[""발을 편하게 벌리고 양발에 무게를 나눈다."", ""엉덩이를 뒤로 보내며 무릎을 천천히 굽힌다."", ""발바닥을 바닥에 두고 편한 범위까지만 내려간다."", ""발로 바닥을 밀며 천천히 시작 자세로 돌아온다.""]",representative-content-v0.1.0,DOMAIN_APPROVED,gymvisual,2368,MODERATE,APPROVED,5,MODERATE,ADULT_COMPENDIUM_2024;activity_code=02052;url=https://pacompendium.com/;domain_approval=DATA_OWNER_APPROVAL;reviewed_at=2026-08-24T00:00:00+09:00;approval_scope=ALL_MET_MAPPINGS,DOMAIN_APPROVED,"[""NEX-000154"", ""NEX-000195""]",2,TAXONOMY_APPROVED,DOMAIN_EXPERT_REVIEW,2026-08-21T00:00:00+09:00,FINAL_CATALOG_PENDING_MEDIA_RIGHTS
REX-000016,bodyweight_standing_calf_raise_isolation_bodyweight,스탠딩 카프 레이즈,bodyweight standing calf raise,bodyweight standing calf raise,bodyweight standing calf raise,BODYWEIGHT_STANDING_CALF_RAISE,ISOLATION,STRENGTH,CALVES,APPROVED,"[""ANKLE_FOOT""]","[""KNEE""]",APPROVED,BODYWEIGHT,HOME|GYM,,BEGINNER,true,false,APPROVED,FITT-BODYWEIGHT-BEGINNER-V1,REPS,2,8-15,,60,,4,,90,15,스탠딩 카프 레이즈 운동은 다른 부위의 움직임을 줄이고 종아리를 집중해 사용하는 운동입니다.,"[""시작 자세와 기구를 안정적으로 준비한다."", ""안내된 부위를 중심으로 천천히 움직인다."", ""끝 범위에서 힘을 잠시 유지한다."", ""반동 없이 시작 자세로 돌아온다.""]",representative-content-v0.1.0,DOMAIN_APPROVED,gymvisual,1373,LIGHT_MODERATE,APPROVED,3.5,LIGHT,ADULT_COMPENDIUM_2024;activity_code=02054;url=https://pacompendium.com/;domain_approval=DATA_OWNER_APPROVAL;reviewed_at=2026-08-24T00:00:00+09:00;approval_scope=ALL_MET_MAPPINGS,DOMAIN_APPROVED,"[""NEX-000058"", ""NEX-000102"", ""NEX-000117"", ""NEX-000118"", ""NEX-000121"", ""NEX-000122""]",6,TAXONOMY_APPROVED,DOMAIN_EXPERT_REVIEW,2026-08-21T00:00:00+09:00,FINAL_CATALOG_PENDING_MEDIA_RIGHTS
REX-000017,butterfly_adductor_stretch_mobility_stretch_bodyweight,버터플라이 스트레칭,butterfly yoga pose,butterfly yoga pose,butterfly yoga pose,BUTTERFLY_ADDUCTOR_STRETCH,MOBILITY_STRETCH,MOBILITY,MOBILITY,APPROVED,"[""HIP""]","[""KNEE""]",APPROVED,BODYWEIGHT,HOME|GYM,,BEGINNER,false,true,APPROVED,FITT-MOBILITY-V1,DURATION,,,30-60,,15-30,,30,30,15,버터플라이 스트레칭 운동은 고관절 주변을 천천히 움직이며 범위를 확인하는 스트레칭입니다.,"[""편안한 시작 자세를 잡고 주변 공간을 확인한다."", ""숨을 고르게 쉬며 안내된 방향으로 천천히 움직인다."", ""당김이 느껴지는 범위에서 잠시 멈춘다."", ""반동 없이 시작 자세로 천천히 돌아온다.""]",representative-content-v0.1.0,DOMAIN_APPROVED,gymvisual,1494,LIGHT,APPROVED,2.3,LIGHT,ADULT_COMPENDIUM_2024;activity_code=02175;url=https://pacompendium.com/;domain_approval=DATA_OWNER_APPROVAL;reviewed_at=2026-08-24T00:00:00+09:00;approval_scope=ALL_MET_MAPPINGS,DOMAIN_APPROVED,"[""NEX-000129""]",1,TAXONOMY_APPROVED,DOMAIN_EXPERT_REVIEW,2026-08-21T00:00:00+09:00,FINAL_CATALOG_PENDING_MEDIA_RIGHTS
REX-000018,cable_fly_isolation_cable_machine,케이블 플라이,cable standing fly,cable standing fly,cable standing fly,CABLE_FLY,ISOLATION,STRENGTH,CHEST,APPROVED,"[""CHEST""]","[""SHOULDER""]",APPROVED,CABLE_MACHINE,GYM,,BEGINNER,false,false,APPROVED,FITT-ISOLATION-STRENGTH-V1,REPS,3,10-15,,60-90,,4,,90,15,케이블 플라이 운동은 다른 부위의 움직임을 줄이고 가슴을 집중해 사용하는 운동입니다.,"[""시작 자세와 기구를 안정적으로 준비한다."", ""안내된 부위를 중심으로 천천히 움직인다."", ""끝 범위에서 힘을 잠시 유지한다."", ""반동 없이 시작 자세로 돌아온다.""]",representative-content-v0.1.0,DOMAIN_APPROVED,gymvisual,0227,MODERATE,APPROVED,3.5,LIGHT,ADULT_COMPENDIUM_2024;activity_code=02054;url=https://pacompendium.com/;domain_approval=DATA_OWNER_APPROVAL;reviewed_at=2026-08-24T00:00:00+09:00;approval_scope=ALL_MET_MAPPINGS,DOMAIN_APPROVED,"[""NEX-000012"", ""NEX-000016"", ""NEX-000017"", ""NEX-000019"", ""NEX-000026"", ""NEX-000109""]",6,TAXONOMY_APPROVED,DOMAIN_EXPERT_REVIEW,2026-08-21T00:00:00+09:00,FINAL_CATALOG_PENDING_MEDIA_RIGHTS
REX-000019,cable_triceps_pushdown_isolation_cable_machine,케이블 트라이셉스 푸시다운,cable pushdown,cable pushdown,cable pushdown,CABLE_TRICEPS_PUSHDOWN,ISOLATION,STRENGTH,TRICEPS,APPROVED,"[""ELBOW""]","[""SHOULDER""]",APPROVED,CABLE_MACHINE,GYM,,BEGINNER,true,false,APPROVED,FITT-ISOLATION-STRENGTH-V1,REPS,3,10-15,,60-90,,4,,90,15,케이블 트라이셉스 푸시다운 운동은 다른 부위의 움직임을 줄이고 팔 뒤쪽을 집중해 사용하는 운동입니다.,"[""시작 자세와 기구를 안정적으로 준비한다."", ""안내된 부위를 중심으로 천천히 움직인다."", ""끝 범위에서 힘을 잠시 유지한다."", ""반동 없이 시작 자세로 돌아온다.""]",representative-content-v0.1.0,DOMAIN_APPROVED,gymvisual,0201,MODERATE,APPROVED,5,MODERATE,ADULT_COMPENDIUM_2024;activity_code=02052;url=https://pacompendium.com/;domain_approval=DATA_OWNER_APPROVAL;reviewed_at=2026-08-24T00:00:00+09:00;approval_scope=ALL_MET_MAPPINGS,DOMAIN_APPROVED,"[""NEX-000021""]",1,TAXONOMY_APPROVED,DOMAIN_EXPERT_REVIEW,2026-08-21T00:00:00+09:00,FINAL_CATALOG_PENDING_MEDIA_RIGHTS
REX-000020,chair_leg_extended_stretch_mobility_stretch_bodyweight,시티드 레그 익스텐션 스트레칭,chair leg extended stretch,chair leg extended stretch,chair leg extended stretch,CHAIR_LEG_EXTENDED_STRETCH,MOBILITY_STRETCH,MOBILITY,MOBILITY,APPROVED,"[""KNEE""]","[""HIP""]",APPROVED,BODYWEIGHT,HOME|GYM,안정적인 지지물(벤치 또는 의자 등)을 준비한다.,BEGINNER,false,true,APPROVED,FITT-MOBILITY-V1,DURATION,,,30-60,,15-30,,30,30,15,의자 다리 스트레칭 운동은 무릎 주변을 천천히 움직이며 범위를 확인하는 스트레칭입니다.,"[""편안한 시작 자세를 잡고 주변 공간을 확인한다."", ""숨을 고르게 쉬며 안내된 방향으로 천천히 움직인다."", ""당김이 느껴지는 범위에서 잠시 멈춘다."", ""반동 없이 시작 자세로 천천히 돌아온다.""]",representative-content-v0.1.0,DOMAIN_APPROVED,gymvisual,1548,LIGHT,APPROVED,2.3,LIGHT,ADULT_COMPENDIUM_2024;activity_code=02101;url=https://pacompendium.com/;domain_approval=DATA_OWNER_APPROVAL;reviewed_at=2026-08-24T00:00:00+09:00;approval_scope=ALL_MET_MAPPINGS,DOMAIN_APPROVED,"[""NEX-000132""]",1,TAXONOMY_APPROVED,DOMAIN_EXPERT_REVIEW,2026-08-21T00:00:00+09:00,FINAL_CATALOG_PENDING_MEDIA_RIGHTS
REX-000021,chest_front_shoulder_stretch_mobility_stretch_bodyweight,가슴·어깨 앞면 스트레칭,chest and front of shoulder stretch,chest and front of shoulder stretch,chest and front of shoulder stretch,CHEST_FRONT_SHOULDER_STRETCH,MOBILITY_STRETCH,MOBILITY,MOBILITY,APPROVED,"[""CHEST"",""SHOULDER""]","[""UPPER_BACK""]",APPROVED,BODYWEIGHT,HOME|GYM,,BEGINNER,false,true,APPROVED,FITT-MOBILITY-V1,DURATION,,,30-60,,15-30,,30,30,15,가슴·어깨 앞면 스트레칭 운동은 가슴·어깨 주변을 천천히 움직이며 범위를 확인하는 스트레칭입니다.,"[""편안한 시작 자세를 잡고 주변 공간을 확인한다."", ""숨을 고르게 쉬며 안내된 방향으로 천천히 움직인다."", ""당김이 느껴지는 범위에서 잠시 멈춘다."", ""반동 없이 시작 자세로 천천히 돌아온다.""]",representative-content-v0.1.0,DOMAIN_APPROVED,gymvisual,1271,LIGHT,APPROVED,2.3,LIGHT,ADULT_COMPENDIUM_2024;activity_code=02101;url=https://pacompendium.com/;domain_approval=DATA_OWNER_APPROVAL;reviewed_at=2026-08-24T00:00:00+09:00;approval_scope=ALL_MET_MAPPINGS,DOMAIN_APPROVED,"[""NEX-000110""]",1,TAXONOMY_APPROVED,DOMAIN_EXPERT_REVIEW,2026-08-21T00:00:00+09:00,FINAL_CATALOG_PENDING_MEDIA_RIGHTS
REX-000022,close_grip_push_up_horizontal_push_bodyweight,클로즈 그립 푸시업,close-grip push-up,close-grip push-up,close-grip push-up,CLOSE_GRIP_PUSH_UP,HORIZONTAL_PUSH,STRENGTH,TRICEPS,APPROVED,"[""ELBOW"",""CHEST""]","[""SHOULDER"",""ABDOMEN""]",APPROVED,BODYWEIGHT,HOME|GYM,,BEGINNER,false,false,APPROVED,FITT-COMPOUND-PUSH-V1,REPS,3,8-12,,90,,4,,90,15,클로즈 그립 푸시업 운동은 팔을 앞으로 밀어 팔 뒤쪽을 사용하는 운동입니다.,"[""손과 발 또는 기구를 안정적으로 준비한다."", ""어깨가 으쓱하지 않게 팔을 천천히 밀어낸다."", ""팔꿈치를 조절할 수 있는 범위에서 굽힌다."", ""천천히 처음 위치로 돌아온다.""]",representative-content-v0.1.0,DOMAIN_APPROVED,gymvisual,0259,MODERATE,APPROVED,5,MODERATE,ADULT_COMPENDIUM_2024;activity_code=02052;url=https://pacompendium.com/;domain_approval=DATA_OWNER_APPROVAL;reviewed_at=2026-08-24T00:00:00+09:00;approval_scope=ALL_MET_MAPPINGS,DOMAIN_APPROVED,"[""NEX-000028""]",1,TAXONOMY_APPROVED,DOMAIN_EXPERT_REVIEW,2026-08-21T00:00:00+09:00,FINAL_CATALOG_PENDING_MEDIA_RIGHTS
REX-000023,crunch_variant_core_brace_bodyweight,사이드 크런치,seated side crunch (wall),seated side crunch (wall),seated side crunch (wall),CRUNCH_VARIANT,CORE_BRACE,STRENGTH,CORE,APPROVED,"[""ABDOMEN""]","[""LOWER_BACK""]",APPROVED,BODYWEIGHT,HOME|GYM,,BEGINNER,false,false,APPROVED,FITT-CORE-STABILITY-V1,DURATION,2-3,,30-45,45-60,,,30,90,15,사이드 크런치 운동은 몸통을 유지하며 몸통 주변에 힘을 쓰는 운동입니다.,"[""안내된 시작 자세를 안정적으로 잡는다."", ""배 주변에 가볍게 힘을 주고 숨을 쉰다."", ""몸통이 흔들리지 않는 범위에서 팔이나 다리를 움직인다."", ""천천히 시작 자세로 돌아온다.""]",representative-content-v0.1.0,DOMAIN_APPROVED,gymvisual,0691,LIGHT_MODERATE,APPROVED,3.8,MODERATE,ADULT_COMPENDIUM_2024;activity_code=02022;url=https://pacompendium.com/;domain_approval=DATA_OWNER_APPROVAL;reviewed_at=2026-08-24T00:00:00+09:00;approval_scope=ALL_MET_MAPPINGS,DOMAIN_APPROVED,"[""NEX-000080""]",1,TAXONOMY_APPROVED,DOMAIN_EXPERT_REVIEW,2026-08-21T00:00:00+09:00,FINAL_CATALOG_PENDING_MEDIA_RIGHTS
REX-000024,dead_bug_core_brace_bodyweight,데드버그,dead bug,dead bug,dead bug,DEAD_BUG,CORE_BRACE,STRENGTH,CORE,APPROVED,"[""ABDOMEN""]","[""LOWER_BACK""]",APPROVED,BODYWEIGHT,HOME|GYM,,BEGINNER,true,false,APPROVED,FITT-CORE-STABILITY-V1,DURATION,2-3,,30-45,45-60,,,30,90,15,데드버그 운동은 몸통을 유지하며 몸통 주변에 힘을 쓰는 운동입니다.,"[""안내된 시작 자세를 안정적으로 잡는다."", ""배 주변에 가볍게 힘을 주고 숨을 쉰다."", ""몸통이 흔들리지 않는 범위에서 팔이나 다리를 움직인다."", ""천천히 시작 자세로 돌아온다.""]",representative-content-v0.1.0,DOMAIN_APPROVED,gymvisual,0276,LIGHT_MODERATE,APPROVED,5,MODERATE,ADULT_COMPENDIUM_2024;activity_code=02052;url=https://pacompendium.com/;domain_approval=DATA_OWNER_APPROVAL;reviewed_at=2026-08-24T00:00:00+09:00;approval_scope=ALL_MET_MAPPINGS,DOMAIN_APPROVED,"[""NEX-000030""]",1,TAXONOMY_APPROVED,DOMAIN_EXPERT_REVIEW,2026-08-21T00:00:00+09:00,FINAL_CATALOG_PENDING_MEDIA_RIGHTS
REX-000025,dumbbell_goblet_squat_knee_dominant_dumbbell,고블릿 스쿼트,dumbbell goblet squat,dumbbell goblet squat,dumbbell goblet squat,DUMBBELL_GOBLET_SQUAT,KNEE_DOMINANT,STRENGTH,QUADRICEPS,APPROVED,"[""KNEE"",""HIP""]","[""ANKLE_FOOT""]",APPROVED,DUMBBELL,HOME|GYM,,BEGINNER,false,false,APPROVED,FITT-COMPOUND-SQUAT-V1,REPS,3,8-12,,90,,4,,90,15,고블릿 스쿼트 운동은 다리를 굽혔다 펴며 허벅지 앞쪽을 사용하는 운동입니다.,"[""발을 편하게 벌리고 양발에 무게를 나눈다."", ""엉덩이를 뒤로 보내며 무릎을 천천히 굽힌다."", ""발바닥을 바닥에 두고 편한 범위까지만 내려간다."", ""발로 바닥을 밀며 천천히 시작 자세로 돌아온다.""]",representative-content-v0.1.0,DOMAIN_APPROVED,gymvisual,1760,MODERATE,APPROVED,5,MODERATE,ADULT_COMPENDIUM_2024;activity_code=02052;url=https://pacompendium.com/;domain_approval=DATA_OWNER_APPROVAL;reviewed_at=2026-08-24T00:00:00+09:00;approval_scope=ALL_MET_MAPPINGS,DOMAIN_APPROVED,"[""NEX-000142"", ""NEX-000201""]",2,TAXONOMY_APPROVED,DOMAIN_EXPERT_REVIEW,2026-08-21T00:00:00+09:00,FINAL_CATALOG_PENDING_MEDIA_RIGHTS
REX-000026,dumbbell_lateral_raise_isolation_dumbbell,레터럴 레이즈,dumbbell lateral raise,dumbbell lateral raise,dumbbell lateral raise,DUMBBELL_LATERAL_RAISE,ISOLATION,STRENGTH,SHOULDERS,APPROVED,"[""SHOULDER""]","[""ELBOW""]",APPROVED,DUMBBELL,HOME|GYM,,BEGINNER,true,false,APPROVED,FITT-ISOLATION-STRENGTH-V1,REPS,3,10-15,,60-90,,4,,90,15,레터럴 레이즈 운동은 다른 부위의 움직임을 줄이고 어깨를 집중해 사용하는 운동입니다.,"[""시작 자세와 기구를 안정적으로 준비한다."", ""안내된 부위를 중심으로 천천히 움직인다."", ""끝 범위에서 힘을 잠시 유지한다."", ""반동 없이 시작 자세로 돌아온다.""]",representative-content-v0.1.0,DOMAIN_APPROVED,gymvisual,0334,MODERATE,APPROVED,3.5,LIGHT,ADULT_COMPENDIUM_2024;activity_code=02054;url=https://pacompendium.com/;domain_approval=DATA_OWNER_APPROVAL;reviewed_at=2026-08-24T00:00:00+09:00;approval_scope=ALL_MET_MAPPINGS,DOMAIN_APPROVED,"[""NEX-000039"", ""NEX-000097""]",2,TAXONOMY_APPROVED,DOMAIN_EXPERT_REVIEW,2026-08-21T00:00:00+09:00,FINAL_CATALOG_PENDING_MEDIA_RIGHTS
REX-000027,dumbbell_preacher_curl_isolation_dumbbell,프리처 컬,dumbbell preacher curl,dumbbell preacher curl,dumbbell preacher curl,DUMBBELL_PREACHER_CURL,ISOLATION,STRENGTH,BICEPS,APPROVED,"[""ELBOW""]","[""WRIST_HAND""]",APPROVED,DUMBBELL,HOME|GYM,안정적인 지지물(벤치 또는 의자 등)을 준비한다.,BEGINNER,false,false,APPROVED,FITT-ISOLATION-STRENGTH-V1,REPS,3,10-15,,60-90,,4,,90,15,프리처 컬 운동은 다른 부위의 움직임을 줄이고 팔 앞쪽을 집중해 사용하는 운동입니다.,"[""시작 자세와 기구를 안정적으로 준비한다."", ""안내된 부위를 중심으로 천천히 움직인다."", ""끝 범위에서 힘을 잠시 유지한다."", ""반동 없이 시작 자세로 돌아온다.""]",representative-content-v0.1.0,DOMAIN_APPROVED,gymvisual,0372,MODERATE,APPROVED,3.5,LIGHT,ADULT_COMPENDIUM_2024;activity_code=02054;url=https://pacompendium.com/;domain_approval=DATA_OWNER_APPROVAL;reviewed_at=2026-08-24T00:00:00+09:00;approval_scope=ALL_MET_MAPPINGS,DOMAIN_APPROVED,"[""NEX-000047"", ""NEX-000054"", ""NEX-000060"", ""NEX-000140"", ""NEX-000141"", ""NEX-000149""]",6,TAXONOMY_APPROVED,DOMAIN_EXPERT_REVIEW,2026-08-21T00:00:00+09:00,FINAL_CATALOG_PENDING_MEDIA_RIGHTS
REX-000028,dumbbell_rear_fly_isolation_dumbbell,리어 델트 플라이,dumbbell rear fly,dumbbell rear fly,dumbbell rear fly,DUMBBELL_REAR_FLY,ISOLATION,STRENGTH,SHOULDERS,APPROVED,"[""SHOULDER""]","[""UPPER_BACK""]",APPROVED,DUMBBELL,HOME|GYM,,BEGINNER,false,false,APPROVED,FITT-ISOLATION-STRENGTH-V1,REPS,3,10-15,,60-90,,4,,90,15,리어 델트 플라이 운동은 다른 부위의 움직임을 줄이고 어깨를 집중해 사용하는 운동입니다.,"[""시작 자세와 기구를 안정적으로 준비한다."", ""안내된 부위를 중심으로 천천히 움직인다."", ""끝 범위에서 힘을 잠시 유지한다."", ""반동 없이 시작 자세로 돌아온다.""]",representative-content-v0.1.0,DOMAIN_APPROVED,gymvisual,0378,MODERATE,APPROVED,3.5,LIGHT,ADULT_COMPENDIUM_2024;activity_code=02054;url=https://pacompendium.com/;domain_approval=DATA_OWNER_APPROVAL;reviewed_at=2026-08-24T00:00:00+09:00;approval_scope=ALL_MET_MAPPINGS,DOMAIN_APPROVED,"[""NEX-000037"", ""NEX-000042"", ""NEX-000048"", ""NEX-000049"", ""NEX-000050""]",5,TAXONOMY_APPROVED,DOMAIN_EXPERT_REVIEW,2026-08-21T00:00:00+09:00,FINAL_CATALOG_PENDING_MEDIA_RIGHTS
REX-000029,dumbbell_shrug_isolation_dumbbell,슈러그,dumbbell shrug,dumbbell shrug,dumbbell shrug,DUMBBELL_SHRUG,ISOLATION,STRENGTH,BACK,APPROVED,"[""UPPER_BACK""]","[""SHOULDER""]",APPROVED,DUMBBELL,HOME|GYM,,BEGINNER,true,false,APPROVED,FITT-ISOLATION-STRENGTH-V1,REPS,3,10-15,,60-90,,4,,90,15,슈러그 운동은 다른 부위의 움직임을 줄이고 등을 집중해 사용하는 운동입니다.,"[""시작 자세와 기구를 안정적으로 준비한다."", ""안내된 부위를 중심으로 천천히 움직인다."", ""끝 범위에서 힘을 잠시 유지한다."", ""반동 없이 시작 자세로 돌아온다.""]",representative-content-v0.1.0,DOMAIN_APPROVED,gymvisual,0406,MODERATE,APPROVED,3.5,LIGHT,ADULT_COMPENDIUM_2024;activity_code=02054;url=https://pacompendium.com/;domain_approval=DATA_OWNER_APPROVAL;reviewed_at=2026-08-24T00:00:00+09:00;approval_scope=ALL_MET_MAPPINGS,DOMAIN_APPROVED,"[""NEX-000025"", ""NEX-000033"", ""NEX-000034"", ""NEX-000038"", ""NEX-000057"", ""NEX-000106""]",6,TAXONOMY_APPROVED,DOMAIN_EXPERT_REVIEW,2026-08-21T00:00:00+09:00,FINAL_CATALOG_PENDING_MEDIA_RIGHTS
REX-000030,dumbbell_standing_curl_isolation_dumbbell,덤벨 바이셉스 컬,dumbbell standing biceps curl,dumbbell standing biceps curl,dumbbell standing biceps curl,DUMBBELL_STANDING_CURL,ISOLATION,STRENGTH,BICEPS,APPROVED,"[""ELBOW""]","[""WRIST_HAND""]",APPROVED,DUMBBELL,HOME|GYM,,BEGINNER,true,false,APPROVED,FITT-ISOLATION-STRENGTH-V1,REPS,3,10-15,,60-90,,4,,90,15,덤벨 바이셉스 컬 운동은 다른 부위의 움직임을 줄이고 팔 앞쪽을 집중해 사용하는 운동입니다.,"[""시작 자세와 기구를 안정적으로 준비한다."", ""안내된 부위를 중심으로 천천히 움직인다."", ""끝 범위에서 힘을 잠시 유지한다."", ""반동 없이 시작 자세로 돌아온다.""]",representative-content-v0.1.0,DOMAIN_APPROVED,gymvisual,0416,MODERATE,APPROVED,3.5,LIGHT,ADULT_COMPENDIUM_2024;activity_code=02054;url=https://pacompendium.com/;domain_approval=DATA_OWNER_APPROVAL;reviewed_at=2026-08-24T00:00:00+09:00;approval_scope=ALL_MET_MAPPINGS,DOMAIN_APPROVED,"[""NEX-000059""]",1,TAXONOMY_APPROVED,DOMAIN_EXPERT_REVIEW,2026-08-21T00:00:00+09:00,FINAL_CATALOG_PENDING_MEDIA_RIGHTS
REX-000031,dumbbell_step_up_lunge_knee_dominant_dumbbell_step_box,덤벨 스텝업 런지,dumbbell step-up lunge,dumbbell step-up lunge,dumbbell step-up lunge,DUMBBELL_STEP_UP_LUNGE,KNEE_DOMINANT,STRENGTH,QUADRICEPS,APPROVED,"[""KNEE"",""HIP""]","[""ANKLE_FOOT""]",APPROVED,DUMBBELL|STEP_BOX,HOME|GYM,,INTERMEDIATE,false,false,APPROVED,FITT-COMPOUND-LUNGE-V1,REPS,3,8-12,,90,,4,,90,15,덤벨 스텝업 런지 운동은 다리를 굽혔다 펴며 허벅지 앞쪽을 사용하는 운동입니다.,"[""발을 편하게 벌리고 양발에 무게를 나눈다."", ""엉덩이를 뒤로 보내며 무릎을 천천히 굽힌다."", ""발바닥을 바닥에 두고 편한 범위까지만 내려간다."", ""발로 바닥을 밀며 천천히 시작 자세로 돌아온다.""]",representative-content-v0.1.0,DOMAIN_APPROVED,gymvisual,2796,MODERATE,APPROVED,3.8,MODERATE,ADULT_COMPENDIUM_2024;activity_code=02022;url=https://pacompendium.com/;domain_approval=DATA_OWNER_APPROVAL;reviewed_at=2026-08-24T00:00:00+09:00;approval_scope=ALL_MET_MAPPINGS,DOMAIN_APPROVED,"[""NEX-000159""]",1,TAXONOMY_APPROVED,DOMAIN_EXPERT_REVIEW,2026-08-21T00:00:00+09:00,FINAL_CATALOG_PENDING_MEDIA_RIGHTS
REX-000032,dynamic_chest_stretch_mobility_stretch_bodyweight,다이내믹 가슴 스트레칭,dynamic chest stretch (male),dynamic chest stretch (male),dynamic chest stretch (male),DYNAMIC_CHEST_STRETCH,MOBILITY_STRETCH,MOBILITY,MOBILITY,APPROVED,"[""CHEST""]","[""SHOULDER"",""UPPER_BACK""]",APPROVED,BODYWEIGHT,HOME|GYM,,BEGINNER,false,true,APPROVED,FITT-MOBILITY-V1,DURATION,,,30-60,,15-30,,30,30,15,다이내믹 가슴 스트레칭 운동은 가슴 주변을 천천히 움직이며 범위를 확인하는 스트레칭입니다.,"[""편안한 시작 자세를 잡고 주변 공간을 확인한다."", ""숨을 고르게 쉬며 안내된 방향으로 천천히 움직인다."", ""당김이 느껴지는 범위에서 잠시 멈춘다."", ""반동 없이 시작 자세로 천천히 돌아온다.""]",representative-content-v0.1.0,DOMAIN_APPROVED,gymvisual,1167,LIGHT,APPROVED,2.3,LIGHT,ADULT_COMPENDIUM_2024;activity_code=02101;url=https://pacompendium.com/;domain_approval=DATA_OWNER_APPROVAL;reviewed_at=2026-08-24T00:00:00+09:00;approval_scope=ALL_MET_MAPPINGS,DOMAIN_APPROVED,"[""NEX-000108""]",1,TAXONOMY_APPROVED,DOMAIN_EXPERT_REVIEW,2026-08-21T00:00:00+09:00,FINAL_CATALOG_PENDING_MEDIA_RIGHTS
REX-000033,exercise_ball_hip_flexor_stretch_mobility_stretch_stability_ball,짐볼 고관절 스트레칭,exercise ball hip flexor stretch,exercise ball hip flexor stretch,exercise ball hip flexor stretch,EXERCISE_BALL_HIP_FLEXOR_STRETCH,MOBILITY_STRETCH,MOBILITY,MOBILITY,APPROVED,"[""HIP""]","[""LOWER_BACK""]",APPROVED,STABILITY_BALL,HOME|GYM,,INTERMEDIATE,false,true,APPROVED,FITT-MOBILITY-V1,DURATION,,,30-60,,15-30,,30,30,15,짐볼 고관절 굴근 스트레칭 운동은 고관절 주변을 천천히 움직이며 범위를 확인하는 스트레칭입니다.,"[""편안한 시작 자세를 잡고 주변 공간을 확인한다."", ""숨을 고르게 쉬며 안내된 방향으로 천천히 움직인다."", ""당김이 느껴지는 범위에서 잠시 멈춘다."", ""반동 없이 시작 자세로 천천히 돌아온다.""]",representative-content-v0.1.0,DOMAIN_APPROVED,gymvisual,1559,LIGHT,APPROVED,2.3,LIGHT,ADULT_COMPENDIUM_2024;activity_code=02101;url=https://pacompendium.com/;domain_approval=DATA_OWNER_APPROVAL;reviewed_at=2026-08-24T00:00:00+09:00;approval_scope=ALL_MET_MAPPINGS,DOMAIN_APPROVED,"[""NEX-000133""]",1,TAXONOMY_APPROVED,DOMAIN_EXPERT_REVIEW,2026-08-21T00:00:00+09:00,FINAL_CATALOG_PENDING_MEDIA_RIGHTS
REX-000034,hamstring_stretch_mobility_stretch_bodyweight,햄스트링 스트레칭,hamstring stretch,hamstring stretch,hamstring stretch,HAMSTRING_STRETCH,MOBILITY_STRETCH,MOBILITY,MOBILITY,APPROVED,"[""KNEE""]","[""HIP""]",APPROVED,BODYWEIGHT,HOME|GYM,,BEGINNER,false,true,APPROVED,FITT-MOBILITY-V1,DURATION,,,30-60,,15-30,,30,30,15,햄스트링 스트레칭 운동은 무릎 주변을 천천히 움직이며 범위를 확인하는 스트레칭입니다.,"[""편안한 시작 자세를 잡고 주변 공간을 확인한다."", ""숨을 고르게 쉬며 안내된 방향으로 천천히 움직인다."", ""당김이 느껴지는 범위에서 잠시 멈춘다."", ""반동 없이 시작 자세로 천천히 돌아온다.""]",representative-content-v0.1.0,DOMAIN_APPROVED,gymvisual,1511,LIGHT,APPROVED,2.3,LIGHT,ADULT_COMPENDIUM_2024;activity_code=02101;url=https://pacompendium.com/;domain_approval=DATA_OWNER_APPROVAL;reviewed_at=2026-08-24T00:00:00+09:00;approval_scope=ALL_MET_MAPPINGS,DOMAIN_APPROVED,"[""NEX-000130""]",1,TAXONOMY_APPROVED,DOMAIN_EXPERT_REVIEW,2026-08-21T00:00:00+09:00,FINAL_CATALOG_PENDING_MEDIA_RIGHTS
REX-000035,hand_grip_squeeze_isolation_household_weight,손 악력 쥐기,weighted standing hand squeeze,weighted standing hand squeeze,weighted standing hand squeeze,HAND_GRIP_SQUEEZE,ISOLATION,STRENGTH,FOREARMS,APPROVED,"[""WRIST_HAND""]","[""ELBOW""]",APPROVED,HOUSEHOLD_WEIGHT,HOME|GYM,,BEGINNER,true,false,APPROVED,FITT-ISOLATION-STRENGTH-V1,REPS,3,10-15,,60-90,,4,,90,15,손 악력 쥐기 운동은 다른 부위의 움직임을 줄이고 팔뚝을 집중해 사용하는 운동입니다.,"[""시작 자세와 기구를 안정적으로 준비한다."", ""안내된 부위를 중심으로 천천히 움직인다."", ""끝 범위에서 힘을 잠시 유지한다."", ""반동 없이 시작 자세로 돌아온다.""]",representative-content-v0.1.0,DOMAIN_APPROVED,gymvisual,0854,MODERATE,APPROVED,3.5,LIGHT,ADULT_COMPENDIUM_2024;activity_code=02054;url=https://pacompendium.com/;domain_approval=DATA_OWNER_APPROVAL;reviewed_at=2026-08-24T00:00:00+09:00;approval_scope=ALL_MET_MAPPINGS,DOMAIN_APPROVED,"[""NEX-000092""]",1,TAXONOMY_APPROVED,DOMAIN_EXPERT_REVIEW,2026-08-21T00:00:00+09:00,FINAL_CATALOG_PENDING_MEDIA_RIGHTS
REX-000036,hip_flexor_quadriceps_stretch_mobility_stretch_stretch_strap,고관절 굴근·대퇴사두근 스트레칭,intermediate hip flexor and quad stretch,intermediate hip flexor and quad stretch,intermediate hip flexor and quad stretch,HIP_FLEXOR_QUADRICEPS_STRETCH,MOBILITY_STRETCH,MOBILITY,MOBILITY,APPROVED,"[""KNEE""]","[""HIP""]",APPROVED,STRETCH_STRAP,HOME|GYM,,INTERMEDIATE,false,true,APPROVED,FITT-MOBILITY-V1,DURATION,,,30-60,,15-30,,30,30,15,고관절 굴근·대퇴사두근 스트레칭 운동은 무릎 주변을 천천히 움직이며 범위를 확인하는 스트레칭입니다.,"[""편안한 시작 자세를 잡고 주변 공간을 확인한다."", ""숨을 고르게 쉬며 안내된 방향으로 천천히 움직인다."", ""당김이 느껴지는 범위에서 잠시 멈춘다."", ""반동 없이 시작 자세로 천천히 돌아온다.""]",representative-content-v0.1.0,DOMAIN_APPROVED,gymvisual,1564,LIGHT,APPROVED,2.3,LIGHT,ADULT_COMPENDIUM_2024;activity_code=02101;url=https://pacompendium.com/;domain_approval=DATA_OWNER_APPROVAL;reviewed_at=2026-08-24T00:00:00+09:00;approval_scope=ALL_MET_MAPPINGS,DOMAIN_APPROVED,"[""NEX-000134""]",1,TAXONOMY_APPROVED,DOMAIN_EXPERT_REVIEW,2026-08-21T00:00:00+09:00,FINAL_CATALOG_PENDING_MEDIA_RIGHTS
REX-000037,incline_y_raise_isolation_dumbbell,인클라인 Y 레이즈,dumbbell incline y-raise,dumbbell incline y-raise,dumbbell incline y-raise,INCLINE_Y_RAISE,ISOLATION,STRENGTH,BACK,APPROVED,"[""UPPER_BACK""]","[""SHOULDER"",""ELBOW""]",APPROVED,DUMBBELL,HOME|GYM,안정적인 지지물(벤치 또는 의자 등)을 준비한다.,INTERMEDIATE,false,false,APPROVED,FITT-ISOLATION-STRENGTH-V1,REPS,3,10-15,,60-90,,4,,90,15,인클라인 Y 레이즈 운동은 다른 부위의 움직임을 줄이고 등을 집중해 사용하는 운동입니다.,"[""시작 자세와 기구를 안정적으로 준비한다."", ""안내된 부위를 중심으로 천천히 움직인다."", ""끝 범위에서 힘을 잠시 유지한다."", ""반동 없이 시작 자세로 돌아온다.""]",representative-content-v0.1.0,DOMAIN_APPROVED,gymvisual,3541,MODERATE,APPROVED,5,MODERATE,ADULT_COMPENDIUM_2024;activity_code=02052;url=https://pacompendium.com/;domain_approval=DATA_OWNER_APPROVAL;reviewed_at=2026-08-24T00:00:00+09:00;approval_scope=ALL_MET_MAPPINGS,DOMAIN_APPROVED,"[""NEX-000166""]",1,TAXONOMY_APPROVED,DOMAIN_EXPERT_REVIEW,2026-08-21T00:00:00+09:00,FINAL_CATALOG_PENDING_MEDIA_RIGHTS
REX-000038,inverted_row_horizontal_pull_bodyweight,인버티드 로우,inverted row,inverted row,inverted row,INVERTED_ROW,HORIZONTAL_PULL,STRENGTH,BACK,APPROVED,"[""UPPER_BACK""]","[""ELBOW"",""SHOULDER""]",APPROVED,BODYWEIGHT,HOME|GYM,,INTERMEDIATE,false,false,APPROVED,FITT-COMPOUND-PULL-V1,REPS,3,8-12,,90,,4,,90,15,인버티드 로우 운동은 팔꿈치를 뒤로 보내며 등을 사용하는 운동입니다.,"[""가슴을 편안히 열고 손잡이나 기구를 잡는다."", ""어깨를 끌어올리지 않고 팔꿈치를 뒤로 보낸다."", ""손잡이를 몸 가까이 가져온 뒤 잠시 멈춘다."", ""팔을 천천히 펴며 처음 위치로 돌아온다.""]",representative-content-v0.1.0,DOMAIN_APPROVED,gymvisual,0499,MODERATE,APPROVED,5,MODERATE,ADULT_COMPENDIUM_2024;activity_code=02052;url=https://pacompendium.com/;domain_approval=DATA_OWNER_APPROVAL;reviewed_at=2026-08-24T00:00:00+09:00;approval_scope=ALL_MET_MAPPINGS,DOMAIN_APPROVED,"[""NEX-000066"", ""NEX-000067"", ""NEX-000150"", ""NEX-000199""]",4,TAXONOMY_APPROVED,DOMAIN_EXPERT_REVIEW,2026-08-21T00:00:00+09:00,FINAL_CATALOG_PENDING_MEDIA_RIGHTS
REX-000039,kneeling_lat_stretch_mobility_stretch_bodyweight,무릎 꿇고 광배근 스트레칭,kneeling lat stretch,kneeling lat stretch,kneeling lat stretch,KNEELING_LAT_STRETCH,MOBILITY_STRETCH,MOBILITY,MOBILITY,APPROVED,"[""UPPER_BACK""]","[""SHOULDER"",""CHEST""]",APPROVED,BODYWEIGHT,HOME|GYM,,BEGINNER,false,true,APPROVED,FITT-MOBILITY-V1,DURATION,,,30-60,,15-30,,30,30,15,무릎 꿇고 광배근 스트레칭 운동은 상부 등 주변을 천천히 움직이며 범위를 확인하는 스트레칭입니다.,"[""편안한 시작 자세를 잡고 주변 공간을 확인한다."", ""숨을 고르게 쉬며 안내된 방향으로 천천히 움직인다."", ""당김이 느껴지는 범위에서 잠시 멈춘다."", ""반동 없이 시작 자세로 천천히 돌아온다.""]",representative-content-v0.1.0,DOMAIN_APPROVED,gymvisual,1346,LIGHT,APPROVED,2.3,LIGHT,ADULT_COMPENDIUM_2024;activity_code=02101;url=https://pacompendium.com/;domain_approval=DATA_OWNER_APPROVAL;reviewed_at=2026-08-24T00:00:00+09:00;approval_scope=ALL_MET_MAPPINGS,DOMAIN_APPROVED,"[""NEX-000111""]",1,TAXONOMY_APPROVED,DOMAIN_EXPERT_REVIEW,2026-08-21T00:00:00+09:00,FINAL_CATALOG_PENDING_MEDIA_RIGHTS
REX-000040,lat_pulldown_vertical_pull_cable_machine,랫풀다운,cable pulldown,cable pulldown,cable pulldown,LAT_PULLDOWN,VERTICAL_PULL,STRENGTH,BACK,APPROVED,"[""UPPER_BACK""]","[""ELBOW"",""SHOULDER""]",APPROVED,CABLE_MACHINE,GYM,,BEGINNER,true,false,APPROVED,FITT-COMPOUND-PULL-V1,REPS,3,8-12,,90,,4,,90,15,랫풀다운 운동은 팔꿈치를 아래로 당기며 등을 사용하는 운동입니다.,"[""손잡이를 안정적으로 잡고 몸을 준비한다."", ""어깨를 내린 채 팔꿈치를 아래로 당긴다."", ""조절할 수 있는 범위까지만 당긴다."", ""팔을 천천히 펴며 시작 위치로 돌아온다.""]",representative-content-v0.1.0,DOMAIN_APPROVED,gymvisual,0198,MODERATE,APPROVED,5,MODERATE,ADULT_COMPENDIUM_2024;activity_code=02052;url=https://pacompendium.com/;domain_approval=DATA_OWNER_APPROVAL;reviewed_at=2026-08-24T00:00:00+09:00;approval_scope=ALL_MET_MAPPINGS,DOMAIN_APPROVED,"[""NEX-000020"", ""NEX-000189"", ""NEX-000190""]",3,TAXONOMY_APPROVED,DOMAIN_EXPERT_REVIEW,2026-08-21T00:00:00+09:00,FINAL_CATALOG_PENDING_MEDIA_RIGHTS
REX-000041,leg_press_knee_dominant_machine,레그 프레스,Leg Press,Leg Press,Leg Press,LEG_PRESS,KNEE_DOMINANT,STRENGTH,QUADRICEPS,APPROVED,"[""KNEE"",""HIP""]","[""ANKLE_FOOT""]",APPROVED,MACHINE,GYM,,BEGINNER,true,false,APPROVED,FITT-COMPOUND-SQUAT-V1,REPS,3,8-12,,90,,4,,90,15,레그 프레스 운동은 다리를 굽혔다 펴며 허벅지 앞쪽을 사용하는 운동입니다.,"[""발을 편하게 벌리고 양발에 무게를 나눈다."", ""엉덩이를 뒤로 보내며 무릎을 천천히 굽힌다."", ""발바닥을 바닥에 두고 편한 범위까지만 내려간다."", ""발로 바닥을 밀며 천천히 시작 자세로 돌아온다.""]",representative-content-v0.1.0,DOMAIN_APPROVED,wger,371,MODERATE,APPROVED,5,MODERATE,ADULT_COMPENDIUM_2024;activity_code=02052;url=https://pacompendium.com/;domain_approval=DATA_OWNER_APPROVAL;reviewed_at=2026-08-24T00:00:00+09:00;approval_scope=ALL_MET_MAPPINGS,DOMAIN_APPROVED,"[""NEX-000204""]",1,TAXONOMY_APPROVED,DOMAIN_EXPERT_REVIEW,2026-08-21T00:00:00+09:00,FINAL_CATALOG_PENDING_MEDIA_RIGHTS
REX-000042,leg_up_hamstring_stretch_mobility_stretch_bodyweight,누워서 햄스트링 스트레칭,leg up hamstring stretch,leg up hamstring stretch,leg up hamstring stretch,LEG_UP_HAMSTRING_STRETCH,MOBILITY_STRETCH,MOBILITY,MOBILITY,APPROVED,"[""KNEE""]","[""HIP""]",APPROVED,BODYWEIGHT,HOME|GYM,,BEGINNER,false,true,APPROVED,FITT-MOBILITY-V1,DURATION,,,30-60,,15-30,,30,30,15,누워서 햄스트링 스트레칭 운동은 무릎 주변을 천천히 움직이며 범위를 확인하는 스트레칭입니다.,"[""편안한 시작 자세를 잡고 주변 공간을 확인한다."", ""숨을 고르게 쉬며 안내된 방향으로 천천히 움직인다."", ""당김이 느껴지는 범위에서 잠시 멈춘다."", ""반동 없이 시작 자세로 천천히 돌아온다.""]",representative-content-v0.1.0,DOMAIN_APPROVED,gymvisual,1576,LIGHT,APPROVED,2.3,LIGHT,ADULT_COMPENDIUM_2024;activity_code=02101;url=https://pacompendium.com/;domain_approval=DATA_OWNER_APPROVAL;reviewed_at=2026-08-24T00:00:00+09:00;approval_scope=ALL_MET_MAPPINGS,DOMAIN_APPROVED,"[""NEX-000135""]",1,TAXONOMY_APPROVED,DOMAIN_EXPERT_REVIEW,2026-08-21T00:00:00+09:00,FINAL_CATALOG_PENDING_MEDIA_RIGHTS
REX-000043,lower_back_curl_core_brace_bodyweight,로어 백 컬,lower back curl,lower back curl,lower back curl,LOWER_BACK_CURL,CORE_BRACE,STRENGTH,BACK,APPROVED,"[""LOWER_BACK""]","[""UPPER_BACK""]",APPROVED,BODYWEIGHT,HOME|GYM,,INTERMEDIATE,false,false,APPROVED,FITT-MOBILITY-V1,DURATION,,,30-60,,15-30,,30,90,15,로어 백 컬 운동은 몸통을 유지하며 등에 힘을 쓰는 운동입니다.,"[""안내된 시작 자세를 안정적으로 잡는다."", ""배 주변에 가볍게 힘을 주고 숨을 쉰다."", ""몸통이 흔들리지 않는 범위에서 팔이나 다리를 움직인다."", ""천천히 시작 자세로 돌아온다.""]",representative-content-v0.1.0,DOMAIN_APPROVED,gymvisual,1352,LIGHT,APPROVED,2.8,LIGHT,ADULT_COMPENDIUM_2024;activity_code=02024;url=https://pacompendium.com/;domain_approval=DATA_OWNER_APPROVAL;reviewed_at=2026-08-24T00:00:00+09:00;approval_scope=ALL_MET_MAPPINGS,DOMAIN_APPROVED,"[""NEX-000112""]",1,TAXONOMY_APPROVED,DOMAIN_EXPERT_REVIEW,2026-08-21T00:00:00+09:00,FINAL_CATALOG_PENDING_MEDIA_RIGHTS
REX-000044,machine_leg_extension_isolation_machine,레그 익스텐션,lever leg extension,lever leg extension,lever leg extension,MACHINE_LEG_EXTENSION,ISOLATION,STRENGTH,QUADRICEPS,APPROVED,"[""KNEE""]","[""HIP""]",APPROVED,MACHINE,GYM,,BEGINNER,true,false,APPROVED,FITT-ISOLATION-STRENGTH-V1,REPS,3,10-15,,60-90,,4,,90,15,레그 익스텐션 운동은 다른 부위의 움직임을 줄이고 허벅지 앞쪽을 집중해 사용하는 운동입니다.,"[""시작 자세와 기구를 안정적으로 준비한다."", ""안내된 부위를 중심으로 천천히 움직인다."", ""끝 범위에서 힘을 잠시 유지한다."", ""반동 없이 시작 자세로 돌아온다.""]",representative-content-v0.1.0,DOMAIN_APPROVED,gymvisual,0585,MODERATE,APPROVED,5,MODERATE,ADULT_COMPENDIUM_2024;activity_code=02052;url=https://pacompendium.com/;domain_approval=DATA_OWNER_APPROVAL;reviewed_at=2026-08-24T00:00:00+09:00;approval_scope=ALL_MET_MAPPINGS,DOMAIN_APPROVED,"[""NEX-000069"", ""NEX-000160"", ""NEX-000203""]",3,TAXONOMY_APPROVED,DOMAIN_EXPERT_REVIEW,2026-08-21T00:00:00+09:00,FINAL_CATALOG_PENDING_MEDIA_RIGHTS
REX-000045,neck_lateral_stretch_mobility_stretch_bodyweight,목 옆면 스트레칭,neck side stretch,neck side stretch,neck side stretch,NECK_LATERAL_STRETCH,MOBILITY_STRETCH,MOBILITY,MOBILITY,APPROVED,"[""NECK""]","[""SHOULDER""]",APPROVED,BODYWEIGHT,HOME|GYM,,BEGINNER,false,true,APPROVED,FITT-MOBILITY-V1,DURATION,,,30-60,,15-30,,30,30,15,목 옆면 스트레칭 운동은 목 주변을 천천히 움직이며 범위를 확인하는 스트레칭입니다.,"[""편안한 시작 자세를 잡고 주변 공간을 확인한다."", ""숨을 고르게 쉬며 안내된 방향으로 천천히 움직인다."", ""당김이 느껴지는 범위에서 잠시 멈춘다."", ""반동 없이 시작 자세로 천천히 돌아온다.""]",representative-content-v0.1.0,DOMAIN_APPROVED,gymvisual,1403,LIGHT,APPROVED,2.3,LIGHT,ADULT_COMPENDIUM_2024;activity_code=02101;url=https://pacompendium.com/;domain_approval=DATA_OWNER_APPROVAL;reviewed_at=2026-08-24T00:00:00+09:00;approval_scope=ALL_MET_MAPPINGS,DOMAIN_APPROVED,"[""NEX-000083"", ""NEX-000125""]",2,TAXONOMY_APPROVED,DOMAIN_EXPERT_REVIEW,2026-08-21T00:00:00+09:00,FINAL_CATALOG_PENDING_MEDIA_RIGHTS
REX-000046,one_arm_wall_lats_isolation_bodyweight,벽 짚고 한 팔 광배근 스트레칭,one arm against wall,one arm against wall,one arm against wall,ONE_ARM_WALL_LATS,ISOLATION,STRENGTH,BACK,APPROVED,"[""UPPER_BACK""]","[""SHOULDER"",""ELBOW""]",APPROVED,BODYWEIGHT,HOME|GYM,,BEGINNER,false,false,APPROVED,FITT-COMPOUND-PULL-V1,REPS,3,8-12,,90,,4,,90,15,벽 짚고 한 팔 광배근 스트레칭 운동은 다른 부위의 움직임을 줄이고 등을 집중해 사용하는 운동입니다.,"[""시작 자세와 기구를 안정적으로 준비한다."", ""안내된 부위를 중심으로 천천히 움직인다."", ""끝 범위에서 힘을 잠시 유지한다."", ""반동 없이 시작 자세로 돌아온다.""]",representative-content-v0.1.0,DOMAIN_APPROVED,gymvisual,1355,MODERATE,APPROVED,3.0,MODERATE,ADULT_COMPENDIUM_2024;activity_code=02056;url=https://pacompendium.com/;domain_approval=DATA_OWNER_APPROVAL;reviewed_at=2026-08-24T00:00:00+09:00;approval_scope=ALL_MET_MAPPINGS,DOMAIN_APPROVED,"[""NEX-000113""]",1,TAXONOMY_APPROVED,DOMAIN_EXPERT_REVIEW,2026-08-21T00:00:00+09:00,FINAL_CATALOG_PENDING_MEDIA_RIGHTS
REX-000047,overhead_triceps_extension_isolation_barbell,오버헤드 트라이셉스 익스텐션,barbell standing overhead triceps extension,barbell standing overhead triceps extension,barbell standing overhead triceps extension,OVERHEAD_TRICEPS_EXTENSION,ISOLATION,STRENGTH,TRICEPS,APPROVED,"[""ELBOW""]","[""SHOULDER""]",APPROVED,BARBELL,GYM,,BEGINNER,false,false,APPROVED,FITT-ISOLATION-STRENGTH-V1,REPS,3,10-15,,60-90,,4,,90,15,오버헤드 트라이셉스 익스텐션 운동은 다른 부위의 움직임을 줄이고 팔 뒤쪽을 집중해 사용하는 운동입니다.,"[""시작 자세와 기구를 안정적으로 준비한다."", ""안내된 부위를 중심으로 천천히 움직인다."", ""끝 범위에서 힘을 잠시 유지한다."", ""반동 없이 시작 자세로 돌아온다.""]",representative-content-v0.1.0,DOMAIN_APPROVED,gymvisual,0109,MODERATE,APPROVED,3.5,LIGHT,ADULT_COMPENDIUM_2024;activity_code=02054;url=https://pacompendium.com/;domain_approval=DATA_OWNER_APPROVAL;reviewed_at=2026-08-24T00:00:00+09:00;approval_scope=ALL_MET_MAPPINGS,DOMAIN_APPROVED,"[""NEX-000008""]",1,TAXONOMY_APPROVED,DOMAIN_EXPERT_REVIEW,2026-08-21T00:00:00+09:00,FINAL_CATALOG_PENDING_MEDIA_RIGHTS
REX-000048,overhead_triceps_stretch_mobility_stretch_bodyweight,오버헤드 삼두근 스트레칭,overhead triceps stretch,overhead triceps stretch,overhead triceps stretch,OVERHEAD_TRICEPS_STRETCH,MOBILITY_STRETCH,MOBILITY,MOBILITY,APPROVED,"[""ELBOW""]","[""SHOULDER"",""WRIST_HAND""]",APPROVED,BODYWEIGHT,HOME|GYM,,BEGINNER,false,true,APPROVED,FITT-MOBILITY-V1,DURATION,,,30-60,,15-30,,30,30,15,오버헤드 삼두근 스트레칭 운동은 팔꿈치 주변을 천천히 움직이며 범위를 확인하는 스트레칭입니다.,"[""편안한 시작 자세를 잡고 주변 공간을 확인한다."", ""숨을 고르게 쉬며 안내된 방향으로 천천히 움직인다."", ""당김이 느껴지는 범위에서 잠시 멈춘다."", ""반동 없이 시작 자세로 천천히 돌아온다.""]",representative-content-v0.1.0,DOMAIN_APPROVED,gymvisual,0643,LIGHT,APPROVED,2.3,LIGHT,ADULT_COMPENDIUM_2024;activity_code=02101;url=https://pacompendium.com/;domain_approval=DATA_OWNER_APPROVAL;reviewed_at=2026-08-24T00:00:00+09:00;approval_scope=ALL_MET_MAPPINGS,DOMAIN_APPROVED,"[""NEX-000073""]",1,TAXONOMY_APPROVED,DOMAIN_EXPERT_REVIEW,2026-08-21T00:00:00+09:00,FINAL_CATALOG_PENDING_MEDIA_RIGHTS
REX-000049,pectorals_horizontal_push_horizontal_push_machine,체스트 프레스,Seated Bench Press,Seated Bench Press,Seated Bench Press,PECTORALS_HORIZONTAL_PUSH,HORIZONTAL_PUSH,STRENGTH,CHEST,APPROVED,"[""CHEST""]","[""SHOULDER"",""ELBOW""]",APPROVED,MACHINE,GYM,안정적인 지지물(벤치 또는 의자 등)을 준비한다.,BEGINNER,true,false,APPROVED,FITT-COMPOUND-PUSH-V1,REPS,3,8-12,,90,,4,,90,15,체스트 프레스 운동은 팔을 앞으로 밀어 가슴을 사용하는 운동입니다.,"[""손과 발 또는 기구를 안정적으로 준비한다."", ""어깨가 으쓱하지 않게 팔을 천천히 밀어낸다."", ""팔꿈치를 조절할 수 있는 범위에서 굽힌다."", ""천천히 처음 위치로 돌아온다.""]",representative-content-v0.1.0,DOMAIN_APPROVED,wger,1094,MODERATE,APPROVED,5,MODERATE,ADULT_COMPENDIUM_2024;activity_code=02052;url=https://pacompendium.com/;domain_approval=DATA_OWNER_APPROVAL;reviewed_at=2026-08-24T00:00:00+09:00;approval_scope=ALL_MET_MAPPINGS,DOMAIN_APPROVED,"[""NEX-000182"", ""NEX-000194"", ""NEX-000206""]",3,TAXONOMY_APPROVED,DOMAIN_EXPERT_REVIEW,2026-08-21T00:00:00+09:00,FINAL_CATALOG_PENDING_MEDIA_RIGHTS
REX-000050,peroneal_stretch_mobility_stretch_stretch_strap,종아리 바깥쪽 스트레칭,peroneals stretch,peroneals stretch,peroneals stretch,PERONEAL_STRETCH,MOBILITY_STRETCH,MOBILITY,MOBILITY,APPROVED,"[""ANKLE_FOOT""]","[""KNEE""]",APPROVED,STRETCH_STRAP,HOME|GYM,,INTERMEDIATE,false,true,APPROVED,FITT-MOBILITY-V1,DURATION,,,30-60,,15-30,,30,30,15,종아리 바깥쪽 스트레칭 운동은 발목과 발 주변을 천천히 움직이며 범위를 확인하는 스트레칭입니다.,"[""편안한 시작 자세를 잡고 주변 공간을 확인한다."", ""숨을 고르게 쉬며 안내된 방향으로 천천히 움직인다."", ""당김이 느껴지는 범위에서 잠시 멈춘다."", ""반동 없이 시작 자세로 천천히 돌아온다.""]",representative-content-v0.1.0,DOMAIN_APPROVED,gymvisual,1388,LIGHT,APPROVED,2.3,LIGHT,ADULT_COMPENDIUM_2024;activity_code=02101;url=https://pacompendium.com/;domain_approval=DATA_OWNER_APPROVAL;reviewed_at=2026-08-24T00:00:00+09:00;approval_scope=ALL_MET_MAPPINGS,DOMAIN_APPROVED,"[""NEX-000123""]",1,TAXONOMY_APPROVED,DOMAIN_EXPERT_REVIEW,2026-08-21T00:00:00+09:00,FINAL_CATALOG_PENDING_MEDIA_RIGHTS
REX-000051,plank_rotation_core_brace_bodyweight,플랭크 로테이션,front plank with twist,front plank with twist,front plank with twist,PLANK_ROTATION,CORE_BRACE,STRENGTH,CORE,APPROVED,"[""ABDOMEN""]","[""LOWER_BACK""]",APPROVED,BODYWEIGHT,HOME|GYM,,INTERMEDIATE,false,false,APPROVED,FITT-CORE-STABILITY-V1,DURATION,2-3,,30-45,45-60,,,30,90,15,플랭크 로테이션 운동은 몸통을 유지하며 몸통 주변에 힘을 쓰는 운동입니다.,"[""안내된 시작 자세를 안정적으로 잡는다."", ""배 주변에 가볍게 힘을 주고 숨을 쉰다."", ""몸통이 흔들리지 않는 범위에서 팔이나 다리를 움직인다."", ""천천히 시작 자세로 돌아온다.""]",representative-content-v0.1.0,DOMAIN_APPROVED,gymvisual,0464,LIGHT_MODERATE,APPROVED,3.8,MODERATE,ADULT_COMPENDIUM_2024;activity_code=02022;url=https://pacompendium.com/;domain_approval=DATA_OWNER_APPROVAL;reviewed_at=2026-08-24T00:00:00+09:00;approval_scope=ALL_MET_MAPPINGS,DOMAIN_APPROVED,"[""NEX-000063""]",1,TAXONOMY_APPROVED,DOMAIN_EXPERT_REVIEW,2026-08-21T00:00:00+09:00,FINAL_CATALOG_PENDING_MEDIA_RIGHTS
REX-000052,push_up_horizontal_push_bodyweight,푸시업,push-up,push-up,push-up,PUSH_UP,HORIZONTAL_PUSH,STRENGTH,CHEST,APPROVED,"[""CHEST""]","[""SHOULDER"",""ELBOW""]",APPROVED,BODYWEIGHT,HOME|GYM,,BEGINNER,true,false,APPROVED,FITT-BODYWEIGHT-BEGINNER-V1,REPS,2,8-15,,60,,4,,90,15,푸시업 운동은 팔을 앞으로 밀어 가슴을 사용하는 운동입니다.,"[""손과 발 또는 기구를 안정적으로 준비한다."", ""어깨가 으쓱하지 않게 팔을 천천히 밀어낸다."", ""팔꿈치를 조절할 수 있는 범위에서 굽힌다."", ""천천히 처음 위치로 돌아온다.""]",representative-content-v0.1.0,DOMAIN_APPROVED,gymvisual,0662,LIGHT_MODERATE,APPROVED,5,MODERATE,ADULT_COMPENDIUM_2024;activity_code=02052;url=https://pacompendium.com/;domain_approval=DATA_OWNER_APPROVAL;reviewed_at=2026-08-24T00:00:00+09:00;approval_scope=ALL_MET_MAPPINGS,DOMAIN_APPROVED,"[""NEX-000074""]",1,TAXONOMY_APPROVED,DOMAIN_EXPERT_REVIEW,2026-08-21T00:00:00+09:00,FINAL_CATALOG_PENDING_MEDIA_RIGHTS
REX-000053,rear_deltoid_stretch_mobility_stretch_bodyweight,후면 어깨 스트레칭,rear deltoid stretch,rear deltoid stretch,rear deltoid stretch,REAR_DELTOID_STRETCH,MOBILITY_STRETCH,MOBILITY,MOBILITY,APPROVED,"[""SHOULDER""]","[""UPPER_BACK""]",APPROVED,BODYWEIGHT,HOME|GYM,,BEGINNER,false,true,APPROVED,FITT-MOBILITY-V1,DURATION,,,30-60,,15-30,,30,30,15,후면 어깨 스트레칭 운동은 어깨 주변을 천천히 움직이며 범위를 확인하는 스트레칭입니다.,"[""편안한 시작 자세를 잡고 주변 공간을 확인한다."", ""숨을 고르게 쉬며 안내된 방향으로 천천히 움직인다."", ""당김이 느껴지는 범위에서 잠시 멈춘다."", ""반동 없이 시작 자세로 천천히 돌아온다.""]",representative-content-v0.1.0,DOMAIN_APPROVED,gymvisual,0669,LIGHT,APPROVED,2.3,LIGHT,ADULT_COMPENDIUM_2024;activity_code=02101;url=https://pacompendium.com/;domain_approval=DATA_OWNER_APPROVAL;reviewed_at=2026-08-24T00:00:00+09:00;approval_scope=ALL_MET_MAPPINGS,DOMAIN_APPROVED,"[""NEX-000075""]",1,TAXONOMY_APPROVED,DOMAIN_EXPERT_REVIEW,2026-08-21T00:00:00+09:00,FINAL_CATALOG_PENDING_MEDIA_RIGHTS
REX-000054,reverse_calf_raise_isolation_resistance_band,리버스 카프 레이즈,band single leg reverse calf raise,band single leg reverse calf raise,band single leg reverse calf raise,REVERSE_CALF_RAISE,ISOLATION,STRENGTH,CALVES,APPROVED,"[""ANKLE_FOOT""]","[""KNEE""]",APPROVED,RESISTANCE_BAND,HOME|GYM,,INTERMEDIATE,false,false,APPROVED,FITT-ISOLATION-STRENGTH-V1,REPS,3,10-15,,60-90,,4,,90,15,리버스 카프 레이즈 운동은 다른 부위의 움직임을 줄이고 종아리를 집중해 사용하는 운동입니다.,"[""시작 자세와 기구를 안정적으로 준비한다."", ""안내된 부위를 중심으로 천천히 움직인다."", ""끝 범위에서 힘을 잠시 유지한다."", ""반동 없이 시작 자세로 돌아온다.""]",representative-content-v0.1.0,DOMAIN_APPROVED,gymvisual,1000,MODERATE,APPROVED,3.5,LIGHT,ADULT_COMPENDIUM_2024;activity_code=02054;url=https://pacompendium.com/;domain_approval=DATA_OWNER_APPROVAL;reviewed_at=2026-08-24T00:00:00+09:00;approval_scope=ALL_MET_MAPPINGS,DOMAIN_APPROVED,"[""NEX-000085"", ""NEX-000103""]",2,TAXONOMY_APPROVED,DOMAIN_EXPERT_REVIEW,2026-08-21T00:00:00+09:00,FINAL_CATALOG_PENDING_MEDIA_RIGHTS
REX-000055,reverse_wrist_curl_isolation_barbell,리버스 리스트 컬,barbell reverse wrist curl,barbell reverse wrist curl,barbell reverse wrist curl,REVERSE_WRIST_CURL,ISOLATION,STRENGTH,FOREARMS,APPROVED,"[""WRIST_HAND""]","[""ELBOW""]",APPROVED,BARBELL,GYM,,BEGINNER,true,false,APPROVED,FITT-ISOLATION-STRENGTH-V1,REPS,3,10-15,,60-90,,4,,90,15,리버스 리스트 컬 운동은 다른 부위의 움직임을 줄이고 팔뚝을 집중해 사용하는 운동입니다.,"[""시작 자세와 기구를 안정적으로 준비한다."", ""안내된 부위를 중심으로 천천히 움직인다."", ""끝 범위에서 힘을 잠시 유지한다."", ""반동 없이 시작 자세로 돌아온다.""]",representative-content-v0.1.0,DOMAIN_APPROVED,gymvisual,0082,MODERATE,APPROVED,3.5,LIGHT,ADULT_COMPENDIUM_2024;activity_code=02054;url=https://pacompendium.com/;domain_approval=DATA_OWNER_APPROVAL;reviewed_at=2026-08-24T00:00:00+09:00;approval_scope=ALL_MET_MAPPINGS,DOMAIN_APPROVED,"[""NEX-000006"", ""NEX-000045"", ""NEX-000052"", ""NEX-000100""]",4,TAXONOMY_APPROVED,DOMAIN_EXPERT_REVIEW,2026-08-21T00:00:00+09:00,FINAL_CATALOG_PENDING_MEDIA_RIGHTS
REX-000056,cardio_gait_bodyweight,앞뒤 스텝,back and forth step,back and forth step,back and forth step,CARDIO,GAIT,CARDIO,CARDIO,APPROVED,"[""ANKLE_FOOT"",""KNEE""]","[""HIP""]",APPROVED,BODYWEIGHT,HOME,,BEGINNER,false,false,APPROVED,FITT-CARDIO-V1,DURATION,,,1200-2400,,,,60,60,15,앞뒤 스텝 운동은 일정한 리듬으로 몸을 움직이는 유산소 운동입니다.,"[""주변 공간과 발을 디딜 곳을 확인한다."", ""천천히 시작해 편안한 리듬을 찾는다."", ""시선을 앞에 두고 발을 안정적으로 디딘다."", ""속도와 움직임을 낮추며 마무리한다.""]",representative-content-v0.1.0,DOMAIN_APPROVED,gymvisual,3672,MODERATE,APPROVED,3.8,MODERATE,ADULT_COMPENDIUM_2024;activity_code=02022;url=https://pacompendium.com/;domain_approval=DATA_OWNER_APPROVAL;reviewed_at=2026-08-24T00:00:00+09:00;approval_scope=ALL_MET_MAPPINGS,DOMAIN_APPROVED,"[""NEX-000171""]",1,TAXONOMY_APPROVED,DOMAIN_EXPERT_REVIEW,2026-08-21T00:00:00+09:00,FINAL_CATALOG_PENDING_MEDIA_RIGHTS
REX-000057,hip_flexion_isolation_bodyweight,의자 잡고 무릎 들기,의자잡고 전방으로 무릎 굽혀 들기,의자잡고 전방으로 무릎 굽혀 들기,의자잡고 전방으로 무릎 굽혀 들기,HIP_FLEXION,ISOLATION,STRENGTH,QUADRICEPS,APPROVED,"[""KNEE""]","[""HIP"",""ANKLE_FOOT""]",APPROVED,BODYWEIGHT,HOME,안정적인 지지물(벤치 또는 의자 등)을 준비한다.,BEGINNER,false,false,APPROVED,FITT-BODYWEIGHT-BEGINNER-V1,REPS,2,8-15,,60,,4,,90,15,의자 잡고 무릎 들기 운동은 다른 부위의 움직임을 줄이고 허벅지 앞쪽을 집중해 사용하는 운동입니다.,"[""시작 자세와 기구를 안정적으로 준비한다."", ""안내된 부위를 중심으로 천천히 움직인다."", ""끝 범위에서 힘을 잠시 유지한다."", ""반동 없이 시작 자세로 돌아온다.""]",representative-content-v0.1.0,DOMAIN_APPROVED,kspo,46ea8fdbe34474fac354a051f63b114e0a6d20a21f71226ae0db5da216d14861,LIGHT_MODERATE,APPROVED,3.5,LIGHT,ADULT_COMPENDIUM_2024;activity_code=02054;url=https://pacompendium.com/;domain_approval=DATA_OWNER_APPROVAL;reviewed_at=2026-08-24T00:00:00+09:00;approval_scope=ALL_MET_MAPPINGS,DOMAIN_APPROVED,"[""NEX-000174""]",1,TAXONOMY_APPROVED,DOMAIN_EXPERT_REVIEW,2026-08-21T00:00:00+09:00,FINAL_CATALOG_PENDING_MEDIA_RIGHTS
REX-000058,cardio_gait_bodyweight_rex_000058,하이니,high knee against wall,high knee against wall,high knee against wall,CARDIO,GAIT,CARDIO,CARDIO,APPROVED,"[""KNEE"",""HIP""]","[""ANKLE_FOOT""]",APPROVED,BODYWEIGHT,HOME,,BEGINNER,false,false,APPROVED,FITT-CARDIO-V1,DURATION,,,1200-2400,,,,60,60,15,하이니 운동은 일정한 리듬으로 몸을 움직이는 유산소 운동입니다.,"[""주변 공간과 발을 디딜 곳을 확인한다."", ""천천히 시작해 편안한 리듬을 찾는다."", ""시선을 앞에 두고 발을 안정적으로 디딘다."", ""속도와 움직임을 낮추며 마무리한다.""]",representative-content-v0.1.0,DOMAIN_APPROVED,gymvisual,3636,MODERATE,APPROVED,6.5,VIGOROUS,ADULT_COMPENDIUM_2024;activity_code=02057;url=https://pacompendium.com/;domain_approval=DATA_OWNER_APPROVAL;reviewed_at=2026-08-24T00:00:00+09:00;approval_scope=ALL_MET_MAPPINGS,DOMAIN_APPROVED,"[""NEX-000168""]",1,TAXONOMY_APPROVED,DOMAIN_EXPERT_REVIEW,2026-08-21T00:00:00+09:00,FINAL_CATALOG_PENDING_MEDIA_RIGHTS
REX-000059,cardio_jump_plyometric_bodyweight,점핑잭,jack jump (male),jack jump (male),jack jump (male),CARDIO,JUMP_PLYOMETRIC,CARDIO,CARDIO,APPROVED,"[""ANKLE_FOOT"",""KNEE""]","[""HIP"",""SHOULDER""]",APPROVED,BODYWEIGHT,HOME|GYM,,BEGINNER,false,false,APPROVED,FITT-CARDIO-V1,DURATION,,,1200-2400,,,,60,60,15,점핑잭 운동은 팔과 다리를 함께 움직이며 반복해서 가볍게 뛰는 유산소 운동입니다.,"[""주변 공간을 확인하고 발을 편하게 모아 선다."", ""무릎을 살짝 굽힌 채 팔과 다리를 함께 벌리며 가볍게 뛴다."", ""발 앞쪽부터 부드럽게 착지하고 같은 리듬으로 반복한다."", ""속도를 낮추며 발을 모으고 호흡을 정리한다.""]",representative-content-v0.1.0,DOMAIN_APPROVED,gymvisual,3224,MODERATE,APPROVED,6.5,VIGOROUS,ADULT_COMPENDIUM_2024;activity_code=02057;url=https://pacompendium.com/;domain_approval=DATA_OWNER_APPROVAL;reviewed_at=2026-08-24T00:00:00+09:00;approval_scope=ALL_MET_MAPPINGS,DOMAIN_APPROVED,"[""NEX-000164""]",1,TAXONOMY_APPROVED,DOMAIN_EXPERT_REVIEW,2026-08-21T00:00:00+09:00,FINAL_CATALOG_PENDING_MEDIA_RIGHTS
REX-000060,cardio_jump_plyometric_jump_rope,줄넘기,jump rope,jump rope,jump rope,CARDIO,JUMP_PLYOMETRIC,CARDIO,CARDIO,APPROVED,"[""ANKLE_FOOT"",""KNEE""]","[""HIP""]",APPROVED,JUMP_ROPE,HOME|GYM,,INTERMEDIATE,false,false,APPROVED,FITT-CARDIO-V1,DURATION,,,1200-2400,,,,60,60,15,줄넘기 운동은 팔과 다리를 함께 움직이며 반복해서 가볍게 뛰는 유산소 운동입니다.,"[""주변 공간을 확인하고 발을 편하게 모아 선다."", ""무릎을 살짝 굽힌 채 팔과 다리를 함께 벌리며 가볍게 뛴다."", ""발 앞쪽부터 부드럽게 착지하고 같은 리듬으로 반복한다."", ""속도를 낮추며 발을 모으고 호흡을 정리한다.""]",representative-content-v0.1.0,DOMAIN_APPROVED,gymvisual,2612,MODERATE,APPROVED,11,VIGOROUS,ADULT_COMPENDIUM_2024;activity_code=02068;url=https://pacompendium.com/;domain_approval=DATA_OWNER_APPROVAL;reviewed_at=2026-08-24T00:00:00+09:00;approval_scope=ALL_MET_MAPPINGS,DOMAIN_APPROVED,"[""NEX-000158""]",1,TAXONOMY_APPROVED,DOMAIN_EXPERT_REVIEW,2026-08-21T00:00:00+09:00,FINAL_CATALOG_PENDING_MEDIA_RIGHTS
REX-000061,kettlebell_swing_hip_dominant_kettlebell,케틀벨 스윙,2 Handed Kettlebell Swing,2 Handed Kettlebell Swing,2 Handed Kettlebell Swing,KETTLEBELL_SWING,HIP_DOMINANT,STRENGTH,GLUTES,APPROVED,"[""HIP""]","[""KNEE"",""LOWER_BACK""]",APPROVED,KETTLEBELL,GYM,,INTERMEDIATE,false,false,APPROVED,FITT-COMPOUND-HINGE-V1,REPS,3,8-12,,90,,4,,90,15,케틀벨 스윙 운동은 엉덩이를 뒤로 보내며 엉덩이를 사용하는 운동입니다.,"[""발을 편하게 두고 기구나 주변을 안정적으로 준비한다."", ""엉덩이를 뒤로 보내며 상체를 천천히 기울인다."", ""등과 목을 편안히 두고 엉덩이로 힘을 낸다."", ""천천히 시작 자세로 돌아온다.""]",representative-content-v0.1.0,DOMAIN_APPROVED,wger,9,MODERATE,APPROVED,9.8,vigorous,ADULT_COMPENDIUM_PDF_2024;activity_code=02058;source_locator=PDF page 2;url=https://pacompendium.com/adult-compendium/;domain_approval=DATA_OWNER_APPROVAL;reviewed_at=2026-08-24T00:00:00+09:00;approval_scope=ALL_MET_MAPPINGS,DOMAIN_APPROVED,"[""NEX-000208""]",1,TAXONOMY_APPROVED,DOMAIN_EXPERT_REVIEW,2026-08-21T00:00:00+09:00,FINAL_CATALOG_PENDING_MEDIA_RIGHTS
REX-000062,cardio_gait_bodyweight_rex_000062,달리기,run,run,run,CARDIO,GAIT,CARDIO,CARDIO,APPROVED,"[""ANKLE_FOOT"",""KNEE""]","[""HIP""]",APPROVED,BODYWEIGHT,HOME,,BEGINNER,false,false,APPROVED,FITT-CARDIO-V1,DURATION,,,1200-2400,,,,60,60,15,달리기 운동은 일정한 리듬으로 몸을 움직이는 유산소 운동입니다.,"[""주변 공간과 발을 디딜 곳을 확인한다."", ""천천히 시작해 편안한 리듬을 찾는다."", ""시선을 앞에 두고 발을 안정적으로 디딘다."", ""속도와 움직임을 낮추며 마무리한다.""]",representative-content-v0.1.0,DOMAIN_APPROVED,gymvisual,0685,MODERATE,APPROVED,7.5,VIGOROUS,ADULT_COMPENDIUM_2024;activity_code=12020;url=https://pacompendium.com/;domain_approval=DATA_OWNER_APPROVAL;reviewed_at=2026-08-24T00:00:00+09:00;approval_scope=ALL_MET_MAPPINGS,DOMAIN_APPROVED,"[""NEX-000076""]",1,TAXONOMY_APPROVED,DOMAIN_EXPERT_REVIEW,2026-08-21T00:00:00+09:00,FINAL_CATALOG_PENDING_MEDIA_RIGHTS
REX-000063,hip_adduction_isolation_stability_ball,앉아서 짐볼 조이기,의자에 앉아 다리로 짐볼 쥐기,의자에 앉아 다리로 짐볼 쥐기,의자에 앉아 다리로 짐볼 쥐기,HIP_ADDUCTION,ISOLATION,STRENGTH,QUADRICEPS,APPROVED,"[""KNEE""]","[""HIP""]",APPROVED,STABILITY_BALL,HOME,,BEGINNER,false,false,APPROVED,FITT-ISOLATION-STRENGTH-V1,REPS,3,10-15,,60-90,,4,,90,15,앉아서 짐볼 조이기 운동은 다른 부위의 움직임을 줄이고 허벅지 앞쪽을 집중해 사용하는 운동입니다.,"[""시작 자세와 기구를 안정적으로 준비한다."", ""안내된 부위를 중심으로 천천히 움직인다."", ""끝 범위에서 힘을 잠시 유지한다."", ""반동 없이 시작 자세로 돌아온다.""]",representative-content-v0.1.0,DOMAIN_APPROVED,kspo,66e29f752b845bd1bcfa4cb737be1ede40daa81d869ea4b531c882b02ffb3c28,MODERATE,APPROVED,3.5,LIGHT,ADULT_COMPENDIUM_2024;activity_code=02054;url=https://pacompendium.com/;domain_approval=DATA_OWNER_APPROVAL;reviewed_at=2026-08-24T00:00:00+09:00;approval_scope=ALL_MET_MAPPINGS,DOMAIN_APPROVED,"[""NEX-000175""]",1,TAXONOMY_APPROVED,DOMAIN_EXPERT_REVIEW,2026-08-21T00:00:00+09:00,FINAL_CATALOG_PENDING_MEDIA_RIGHTS
REX-000064,hip_flexion_isolation_bodyweight_rex_000064,앉아서 고관절 굴곡,앉아서 엉덩관절 굽히기,앉아서 엉덩관절 굽히기,앉아서 엉덩관절 굽히기,HIP_FLEXION,ISOLATION,STRENGTH,QUADRICEPS,APPROVED,"[""KNEE""]","[""HIP""]",APPROVED,BODYWEIGHT,HOME,안정적인 지지물(벤치 또는 의자 등)을 준비한다.,BEGINNER,false,false,APPROVED,FITT-BODYWEIGHT-BEGINNER-V1,REPS,2,8-15,,60,,4,,90,15,앉아서 고관절 굴곡 운동은 다른 부위의 움직임을 줄이고 허벅지 앞쪽을 집중해 사용하는 운동입니다.,"[""시작 자세와 기구를 안정적으로 준비한다."", ""안내된 부위를 중심으로 천천히 움직인다."", ""끝 범위에서 힘을 잠시 유지한다."", ""반동 없이 시작 자세로 돌아온다.""]",representative-content-v0.1.0,DOMAIN_APPROVED,kspo,dfd7eaa07d42e118610eb6756d8dcdc351f5b1f3c9a1262fa94aa18d92a87e09,LIGHT_MODERATE,APPROVED,3.5,LIGHT,ADULT_COMPENDIUM_2024;activity_code=02054;url=https://pacompendium.com/;domain_approval=DATA_OWNER_APPROVAL;reviewed_at=2026-08-24T00:00:00+09:00;approval_scope=ALL_MET_MAPPINGS,DOMAIN_APPROVED,"[""NEX-000181""]",1,TAXONOMY_APPROVED,DOMAIN_EXPERT_REVIEW,2026-08-21T00:00:00+09:00,FINAL_CATALOG_PENDING_MEDIA_RIGHTS
REX-000065,cardio_gait_bodyweight_rex_000065,짧은 보폭 달리기,short stride run,short stride run,short stride run,CARDIO,GAIT,CARDIO,CARDIO,APPROVED,"[""ANKLE_FOOT"",""KNEE""]","[""HIP""]",APPROVED,BODYWEIGHT,GYM,,BEGINNER,false,false,APPROVED,FITT-CARDIO-V1,DURATION,,,1200-2400,,,,60,60,15,짧은 보폭 달리기 운동은 일정한 리듬으로 몸을 움직이는 유산소 운동입니다.,"[""주변 공간과 발을 디딜 곳을 확인한다."", ""천천히 시작해 편안한 리듬을 찾는다."", ""시선을 앞에 두고 발을 안정적으로 디딘다."", ""속도와 움직임을 낮추며 마무리한다.""]",representative-content-v0.1.0,DOMAIN_APPROVED,gymvisual,3656,MODERATE,APPROVED,7.5,VIGOROUS,ADULT_COMPENDIUM_2024;activity_code=12020;url=https://pacompendium.com/;domain_approval=DATA_OWNER_APPROVAL;reviewed_at=2026-08-24T00:00:00+09:00;approval_scope=ALL_MET_MAPPINGS,DOMAIN_APPROVED,"[""NEX-000169""]",1,TAXONOMY_APPROVED,DOMAIN_EXPERT_REVIEW,2026-08-21T00:00:00+09:00,FINAL_CATALOG_PENDING_MEDIA_RIGHTS
REX-000066,mobility_balance_bodyweight,한발 서기 균형,FITT-CORE-STABILITY-V1,한발 서서 균형잡기,FITT-CORE-STABILITY-V1,MOBILITY,BALANCE,MOBILITY,MOBILITY,APPROVED,"[""HIP""]","[""ANKLE_FOOT"",""KNEE""]",APPROVED,BODYWEIGHT,HOME|GYM,,BEGINNER,false,true,APPROVED,LIGHT_MODERATE,DURATION,2-3,,30-45,45-60,,,30,30,15,한발 서기 균형 운동은 한 발로 서서 몸의 균형을 확인하는 운동입니다.,"[""주변을 정리하고 필요하면 벽이나 의자 가까이에 선다."", ""한 발을 바닥에 두고 다른 발을 천천히 들어 올린다."", ""시선을 앞에 두고 몸이 흔들리지 않는 범위에서 유지한다."", ""발을 천천히 내려 양발로 돌아온 뒤 반대쪽도 수행한다.""]",representative-content-v0.1.0,DOMAIN_APPROVED,kspo,19af0f76cad5e01830e662585e3cea621cf8563f1955f83114bef440606379c4,LIGHT_MODERATE,APPROVED,2.3,LIGHT,ADULT_COMPENDIUM_2024;activity_code=02150;url=https://pacompendium.com/conditioning-exercise/;mapping_kind=USER_APPROVED_PROXY;reviewer=DATA_OWNER_APPROVAL;reviewed_at=2026-08-24T00:00:00+09:00;domain_approval=DATA_OWNER_APPROVAL;reviewed_at=2026-08-24T00:00:00+09:00;approval_scope=ALL_MET_MAPPINGS,DOMAIN_APPROVED,"[""NEX-000173""]",1,TAXONOMY_APPROVED,DOMAIN_EXPERT_REVIEW,2026-08-21T00:00:00+09:00,FINAL_CATALOG_PENDING_MEDIA_RIGHTS
REX-000067,cardio_cycling_stationary_bike,실내 자전거,stationary bike run v. 3,stationary bike run v. 3,stationary bike run v. 3,CARDIO,CYCLING,CARDIO,CARDIO,APPROVED,"[""KNEE"",""HIP""]","[""ANKLE_FOOT""]",APPROVED,STATIONARY_BIKE,GYM,,BEGINNER,true,false,APPROVED,FITT-CARDIO-V1,DURATION,,,1200-2400,,,,60,60,15,실내 자전거 운동은 고정된 자전거 페달을 일정한 리듬으로 밟는 유산소 운동입니다.,"[""안장과 손잡이 위치를 편하게 맞춘다."", ""페달에 발을 안정적으로 올리고 천천히 시작한다."", ""상체를 편안히 유지하며 일정한 리듬으로 페달을 밟는다."", ""저항과 속도를 낮추며 천천히 마무리한다.""]",representative-content-v0.1.0,DOMAIN_APPROVED,gymvisual,2138,MODERATE,APPROVED,5.0,MODERATE,ADULT_COMPENDIUM_2024;activity_code=01216;url=https://pacompendium.com/;domain_approval=DATA_OWNER_APPROVAL;reviewed_at=2026-08-24T00:00:00+09:00;approval_scope=ALL_MET_MAPPINGS,DOMAIN_APPROVED,"[""NEX-000143""]",1,TAXONOMY_APPROVED,DOMAIN_EXPERT_REVIEW,2026-08-21T00:00:00+09:00,FINAL_CATALOG_PENDING_MEDIA_RIGHTS
REX-000068,cardio_gait_step_box,스텝박스 오르내리기,스텝박스 오르내리기,스텝박스 오르내리기,스텝박스 오르내리기,CARDIO,GAIT,CARDIO,CARDIO,APPROVED,"[""ANKLE_FOOT"",""KNEE""]","[""HIP""]",APPROVED,STEP_BOX,HOME,,BEGINNER,false,false,APPROVED,FITT-CARDIO-V1,DURATION,,,1200-2400,,,,60,60,15,스텝박스 오르내리기 운동은 일정한 리듬으로 몸을 움직이는 유산소 운동입니다.,"[""주변 공간과 발을 디딜 곳을 확인한다."", ""천천히 시작해 편안한 리듬을 찾는다."", ""시선을 앞에 두고 발을 안정적으로 디딘다."", ""속도와 움직임을 낮추며 마무리한다.""]",representative-content-v0.1.0,DOMAIN_APPROVED,kspo,00c41c823f6141adb2f3b7da95c1213fea98dac6cb3bfaf453f1a4989133d2d2,MODERATE,APPROVED,5.5,MODERATE,ADULT_COMPENDIUM_2024;activity_code=02001;url=https://pacompendium.com/;domain_approval=DATA_OWNER_APPROVAL;reviewed_at=2026-08-24T00:00:00+09:00;approval_scope=ALL_MET_MAPPINGS,DOMAIN_APPROVED,"[""NEX-000172""]",1,TAXONOMY_APPROVED,DOMAIN_EXPERT_REVIEW,2026-08-21T00:00:00+09:00,FINAL_CATALOG_PENDING_MEDIA_RIGHTS
REX-000069,leg_press_knee_dominant_resistance_band,누워서 밴드 레그 프레스,밴드 잡고 누워서 다리 밀기,밴드 잡고 누워서 다리 밀기,밴드 잡고 누워서 다리 밀기,LEG_PRESS,KNEE_DOMINANT,STRENGTH,QUADRICEPS,APPROVED,"[""KNEE""]","[""HIP""]",APPROVED,RESISTANCE_BAND,HOME,,BEGINNER,false,false,APPROVED,FITT-ISOLATION-STRENGTH-V1,REPS,3,10-15,,60-90,,4,,90,15,누워서 밴드 레그 프레스 운동은 다리를 굽혔다 펴며 허벅지 앞쪽을 사용하는 운동입니다.,"[""발을 편하게 벌리고 양발에 무게를 나눈다."", ""엉덩이를 뒤로 보내며 무릎을 천천히 굽힌다."", ""발바닥을 바닥에 두고 편한 범위까지만 내려간다."", ""발로 바닥을 밀며 천천히 시작 자세로 돌아온다.""]",representative-content-v0.1.0,DOMAIN_APPROVED,kspo,72cc612abf8747105b33f64e0661b713012fb3f2ae378cd5c5142215eedc899b,MODERATE,APPROVED,5,MODERATE,ADULT_COMPENDIUM_2024;activity_code=02052;url=https://pacompendium.com/;domain_approval=DATA_OWNER_APPROVAL;reviewed_at=2026-08-24T00:00:00+09:00;approval_scope=ALL_MET_MAPPINGS,DOMAIN_APPROVED,"[""NEX-000176""]",1,TAXONOMY_APPROVED,DOMAIN_EXPERT_REVIEW,2026-08-21T00:00:00+09:00,FINAL_CATALOG_PENDING_MEDIA_RIGHTS
REX-000070,cardio_gait_machine,경사 트레드밀 걷기,walking on incline treadmill,walking on incline treadmill,walking on incline treadmill,CARDIO,GAIT,CARDIO,CARDIO,APPROVED,"[""ANKLE_FOOT"",""KNEE""]","[""HIP""]",APPROVED,MACHINE,GYM,,BEGINNER,true,false,APPROVED,FITT-CARDIO-V1,DURATION,,,1200-2400,,,,60,60,15,경사 트레드밀 걷기 운동은 일정한 리듬으로 몸을 움직이는 유산소 운동입니다.,"[""주변 공간과 발을 디딜 곳을 확인한다."", ""천천히 시작해 편안한 리듬을 찾는다."", ""시선을 앞에 두고 발을 안정적으로 디딘다."", ""속도와 움직임을 낮추며 마무리한다.""]",representative-content-v0.1.0,DOMAIN_APPROVED,gymvisual,3666,MODERATE,APPROVED,5.3,MODERATE,ADULT_COMPENDIUM_2024;activity_code=17034;url=https://pacompendium.com/;domain_approval=DATA_OWNER_APPROVAL;reviewed_at=2026-08-24T00:00:00+09:00;approval_scope=ALL_MET_MAPPINGS,DOMAIN_APPROVED,"[""NEX-000170""]",1,TAXONOMY_APPROVED,DOMAIN_EXPERT_REVIEW,2026-08-21T00:00:00+09:00,FINAL_CATALOG_PENDING_MEDIA_RIGHTS
REX-000071,cardio_gait_machine_rex_000071,스텝밀,walking on stepmill,walking on stepmill,walking on stepmill,CARDIO,GAIT,CARDIO,CARDIO,APPROVED,"[""ANKLE_FOOT"",""KNEE""]","[""HIP""]",APPROVED,MACHINE,GYM,,INTERMEDIATE,false,false,APPROVED,FITT-CARDIO-V1,DURATION,,,1200-2400,,,,60,60,15,스텝밀 운동은 일정한 리듬으로 몸을 움직이는 유산소 운동입니다.,"[""주변 공간과 발을 디딜 곳을 확인한다."", ""천천히 시작해 편안한 리듬을 찾는다."", ""시선을 앞에 두고 발을 안정적으로 디딘다."", ""속도와 움직임을 낮추며 마무리한다.""]",representative-content-v0.1.0,DOMAIN_APPROVED,gymvisual,2311,MODERATE,APPROVED,9.3,VIGOROUS,ADULT_COMPENDIUM_2024;activity_code=02065;url=https://pacompendium.com/;domain_approval=DATA_OWNER_APPROVAL;reviewed_at=2026-08-24T00:00:00+09:00;approval_scope=ALL_MET_MAPPINGS,DOMAIN_APPROVED,"[""NEX-000151""]",1,TAXONOMY_APPROVED,DOMAIN_EXPERT_REVIEW,2026-08-21T00:00:00+09:00,FINAL_CATALOG_PENDING_MEDIA_RIGHTS
REX-000072,cardio_elliptical_elliptical_machine,일립티컬,walk elliptical cross trainer,walk elliptical cross trainer,walk elliptical cross trainer,CARDIO,ELLIPTICAL,CARDIO,CARDIO,APPROVED,"[""KNEE"",""HIP""]","[""ANKLE_FOOT""]",APPROVED,ELLIPTICAL_MACHINE,GYM,,BEGINNER,true,false,APPROVED,FITT-CARDIO-V1,DURATION,,,1200-2400,,,,60,60,15,일립티컬 운동은 발판과 손잡이를 함께 사용해 일정한 리듬으로 움직이는 유산소 운동입니다.,"[""발판과 손잡이를 확인하고 양발을 안정적으로 올린다."", ""천천히 페달을 움직이며 편한 리듬을 찾는다."", ""시선을 앞에 두고 손잡이는 가볍게 잡는다."", ""속도와 저항을 낮추며 발판에서 안전하게 내린다.""]",representative-content-v0.1.0,DOMAIN_APPROVED,gymvisual,2141,MODERATE,APPROVED,5,MODERATE,ADULT_COMPENDIUM_2024;activity_code=02048;url=https://pacompendium.com/;domain_approval=DATA_OWNER_APPROVAL;reviewed_at=2026-08-24T00:00:00+09:00;approval_scope=ALL_MET_MAPPINGS,DOMAIN_APPROVED,"[""NEX-000144""]",1,TAXONOMY_APPROVED,DOMAIN_EXPERT_REVIEW,2026-08-21T00:00:00+09:00,FINAL_CATALOG_PENDING_MEDIA_RIGHTS
REX-000073,roller_back_stretch_mobility_stretch_foam_roller,롤러 등 스트레칭,roller back stretch,roller back stretch,roller back stretch,ROLLER_BACK_STRETCH,MOBILITY_STRETCH,MOBILITY,MOBILITY,APPROVED,"[""UPPER_BACK""]","[""LOWER_BACK""]",APPROVED,FOAM_ROLLER,HOME|GYM,,INTERMEDIATE,false,true,APPROVED,FITT-MOBILITY-V1,DURATION,,,30-60,,15-30,,30,30,15,롤러 등 스트레칭 운동은 상부 등 주변을 천천히 움직이며 범위를 확인하는 스트레칭입니다.,"[""편안한 시작 자세를 잡고 주변 공간을 확인한다."", ""숨을 고르게 쉬며 안내된 방향으로 천천히 움직인다."", ""당김이 느껴지는 범위에서 잠시 멈춘다."", ""반동 없이 시작 자세로 천천히 돌아온다.""]",representative-content-v0.1.0,DOMAIN_APPROVED,gymvisual,2208,LIGHT,APPROVED,2.3,LIGHT,ADULT_COMPENDIUM_2024;activity_code=02101;url=https://pacompendium.com/;domain_approval=DATA_OWNER_APPROVAL;reviewed_at=2026-08-24T00:00:00+09:00;approval_scope=ALL_MET_MAPPINGS,DOMAIN_APPROVED,"[""NEX-000147""]",1,TAXONOMY_APPROVED,DOMAIN_EXPERT_REVIEW,2026-08-21T00:00:00+09:00,FINAL_CATALOG_PENDING_MEDIA_RIGHTS
REX-000074,roller_hip_stretch_mobility_stretch_foam_roller,롤러 둔근 스트레칭,roller hip stretch,roller hip stretch,roller hip stretch,ROLLER_HIP_STRETCH,MOBILITY_STRETCH,MOBILITY,MOBILITY,APPROVED,"[""HIP""]","[""LOWER_BACK""]",APPROVED,FOAM_ROLLER,HOME|GYM,,INTERMEDIATE,false,true,APPROVED,FITT-MOBILITY-V1,DURATION,,,30-60,,15-30,,30,30,15,롤러 둔근 스트레칭 운동은 고관절 주변을 천천히 움직이며 범위를 확인하는 스트레칭입니다.,"[""편안한 시작 자세를 잡고 주변 공간을 확인한다."", ""숨을 고르게 쉬며 안내된 방향으로 천천히 움직인다."", ""당김이 느껴지는 범위에서 잠시 멈춘다."", ""반동 없이 시작 자세로 천천히 돌아온다.""]",representative-content-v0.1.0,DOMAIN_APPROVED,gymvisual,2202,LIGHT,APPROVED,2.3,LIGHT,ADULT_COMPENDIUM_2024;activity_code=02101;url=https://pacompendium.com/;domain_approval=DATA_OWNER_APPROVAL;reviewed_at=2026-08-24T00:00:00+09:00;approval_scope=ALL_MET_MAPPINGS,DOMAIN_APPROVED,"[""NEX-000145""]",1,TAXONOMY_APPROVED,DOMAIN_EXPERT_REVIEW,2026-08-21T00:00:00+09:00,FINAL_CATALOG_PENDING_MEDIA_RIGHTS
REX-000075,rotation_variant_core_brace_cable_machine,회전형 크런치,Cable Woodchoppers,Cable Woodchoppers,Cable Woodchoppers,ROTATION_VARIANT,CORE_BRACE,STRENGTH,CORE,APPROVED,"[""ABDOMEN""]","[""LOWER_BACK"",""SHOULDER""]",APPROVED,CABLE_MACHINE,GYM,,INTERMEDIATE,false,false,APPROVED,FITT-CORE-STABILITY-V1,DURATION,2-3,,30-45,45-60,,,30,90,15,회전형 크런치 운동은 몸통을 유지하며 몸통 주변에 힘을 쓰는 운동입니다.,"[""안내된 시작 자세를 안정적으로 잡는다."", ""배 주변에 가볍게 힘을 주고 숨을 쉰다."", ""몸통이 흔들리지 않는 범위에서 팔이나 다리를 움직인다."", ""천천히 시작 자세로 돌아온다.""]",representative-content-v0.1.0,DOMAIN_APPROVED,wger,145,LIGHT_MODERATE,APPROVED,5,MODERATE,ADULT_COMPENDIUM_2024;activity_code=02052;url=https://pacompendium.com/;domain_approval=DATA_OWNER_APPROVAL;reviewed_at=2026-08-24T00:00:00+09:00;approval_scope=ALL_MET_MAPPINGS,DOMAIN_APPROVED,"[""NEX-000096"", ""NEX-000099"", ""NEX-000187""]",3,TAXONOMY_APPROVED,DOMAIN_EXPERT_REVIEW,2026-08-21T00:00:00+09:00,FINAL_CATALOG_PENDING_MEDIA_RIGHTS
REX-000076,row_variant_horizontal_pull_cable_machine,로우,Seated Cable Row,Seated Cable Row,Seated Cable Row,ROW_VARIANT,HORIZONTAL_PULL,STRENGTH,BACK,APPROVED,"[""UPPER_BACK""]","[""ELBOW"",""SHOULDER""]",APPROVED,CABLE_MACHINE,GYM,,BEGINNER,true,false,APPROVED,FITT-COMPOUND-PULL-V1,REPS,3,8-12,,90,,4,,90,15,로우 운동은 팔꿈치를 뒤로 보내며 등을 사용하는 운동입니다.,"[""가슴을 편안히 열고 손잡이나 기구를 잡는다."", ""어깨를 끌어올리지 않고 팔꿈치를 뒤로 보낸다."", ""손잡이를 몸 가까이 가져온 뒤 잠시 멈춘다."", ""팔을 천천히 펴며 처음 위치로 돌아온다.""]",representative-content-v0.1.0,DOMAIN_APPROVED,wger,1117,MODERATE,APPROVED,5,MODERATE,ADULT_COMPENDIUM_2024;activity_code=02052;url=https://pacompendium.com/;domain_approval=DATA_OWNER_APPROVAL;reviewed_at=2026-08-24T00:00:00+09:00;approval_scope=ALL_MET_MAPPINGS,DOMAIN_APPROVED,"[""NEX-000183"", ""NEX-000184"", ""NEX-000185"", ""NEX-000196""]",4,TAXONOMY_APPROVED,DOMAIN_EXPERT_REVIEW,2026-08-21T00:00:00+09:00,FINAL_CATALOG_PENDING_MEDIA_RIGHTS
REX-000077,runners_stretch_mobility_stretch_bodyweight,러너스 스트레칭,runners stretch,runners stretch,runners stretch,RUNNERS_STRETCH,MOBILITY_STRETCH,MOBILITY,MOBILITY,APPROVED,"[""ANKLE_FOOT"",""KNEE""]","[""HIP""]",APPROVED,BODYWEIGHT,HOME|GYM,,BEGINNER,false,true,APPROVED,FITT-MOBILITY-V1,DURATION,,,30-60,,15-30,,30,30,15,러너스 스트레칭 운동은 발목과 발·무릎 주변을 천천히 움직이며 범위를 확인하는 스트레칭입니다.,"[""편안한 시작 자세를 잡고 주변 공간을 확인한다."", ""숨을 고르게 쉬며 안내된 방향으로 천천히 움직인다."", ""당김이 느껴지는 범위에서 잠시 멈춘다."", ""반동 없이 시작 자세로 천천히 돌아온다.""]",representative-content-v0.1.0,DOMAIN_APPROVED,gymvisual,1585,LIGHT,APPROVED,2.3,LIGHT,ADULT_COMPENDIUM_2024;activity_code=02101;url=https://pacompendium.com/;domain_approval=DATA_OWNER_APPROVAL;reviewed_at=2026-08-24T00:00:00+09:00;approval_scope=ALL_MET_MAPPINGS,DOMAIN_APPROVED,"[""NEX-000136""]",1,TAXONOMY_APPROVED,DOMAIN_EXPERT_REVIEW,2026-08-21T00:00:00+09:00,FINAL_CATALOG_PENDING_MEDIA_RIGHTS
REX-000078,scapular_pull_up_vertical_pull_bodyweight_pull_up_bar,스캐풀라 풀업,scapular pull-up,scapular pull-up,scapular pull-up,SCAPULAR_PULL_UP,VERTICAL_PULL,STRENGTH,BACK,APPROVED,"[""UPPER_BACK""]","[""SHOULDER"",""ELBOW""]",APPROVED,BODYWEIGHT|PULL_UP_BAR,HOME|GYM,,INTERMEDIATE,false,false,APPROVED,FITT-COMPOUND-PULL-V1,REPS,3,8-12,,90,,4,,90,15,스캐풀라 풀업 운동은 팔꿈치를 아래로 당기며 등을 사용하는 운동입니다.,"[""손잡이를 안정적으로 잡고 몸을 준비한다."", ""어깨를 내린 채 팔꿈치를 아래로 당긴다."", ""조절할 수 있는 범위까지만 당긴다."", ""팔을 천천히 펴며 시작 위치로 돌아온다.""]",representative-content-v0.1.0,DOMAIN_APPROVED,gymvisual,0688,MODERATE,APPROVED,6.5,VIGOROUS,ADULT_COMPENDIUM_2024;activity_code=02057;url=https://pacompendium.com/;domain_approval=DATA_OWNER_APPROVAL;reviewed_at=2026-08-24T00:00:00+09:00;approval_scope=ALL_MET_MAPPINGS,DOMAIN_APPROVED,"[""NEX-000078""]",1,TAXONOMY_APPROVED,DOMAIN_EXPERT_REVIEW,2026-08-21T00:00:00+09:00,FINAL_CATALOG_PENDING_MEDIA_RIGHTS
REX-000079,seated_cable_row_horizontal_pull_cable_machine,시티드 케이블 로우,cable seated row,cable seated row,cable seated row,SEATED_CABLE_ROW,HORIZONTAL_PULL,STRENGTH,BACK,APPROVED,"[""UPPER_BACK""]","[""SHOULDER"",""ELBOW""]",APPROVED,CABLE_MACHINE,GYM,,BEGINNER,true,false,APPROVED,FITT-COMPOUND-PULL-V1,REPS,3,8-12,,90,,4,,90,15,시티드 케이블 로우 운동은 팔꿈치를 뒤로 보내며 등을 사용하는 운동입니다.,"[""가슴을 편안히 열고 손잡이나 기구를 잡는다."", ""어깨를 끌어올리지 않고 팔꿈치를 뒤로 보낸다."", ""손잡이를 몸 가까이 가져온 뒤 잠시 멈춘다."", ""팔을 천천히 펴며 처음 위치로 돌아온다.""]",representative-content-v0.1.0,DOMAIN_APPROVED,gymvisual,0861,MODERATE,APPROVED,5,MODERATE,ADULT_COMPENDIUM_2024;activity_code=02052;url=https://pacompendium.com/;domain_approval=DATA_OWNER_APPROVAL;reviewed_at=2026-08-24T00:00:00+09:00;approval_scope=ALL_MET_MAPPINGS,DOMAIN_APPROVED,"[""NEX-000013"", ""NEX-000014"", ""NEX-000015"", ""NEX-000022"", ""NEX-000024"", ""NEX-000093""]",6,TAXONOMY_APPROVED,DOMAIN_EXPERT_REVIEW,2026-08-21T00:00:00+09:00,FINAL_CATALOG_PENDING_MEDIA_RIGHTS
REX-000080,seated_calf_raise_isolation_barbell,시티드 카프 레이즈,barbell seated calf raise,barbell seated calf raise,barbell seated calf raise,SEATED_CALF_RAISE,ISOLATION,STRENGTH,CALVES,APPROVED,"[""ANKLE_FOOT""]","[""KNEE""]",APPROVED,BARBELL,GYM,안정적인 지지물(벤치 또는 의자 등)을 준비한다.,BEGINNER,false,false,APPROVED,FITT-ISOLATION-STRENGTH-V1,REPS,3,10-15,,60-90,,4,,90,15,시티드 카프 레이즈 운동은 다른 부위의 움직임을 줄이고 종아리를 집중해 사용하는 운동입니다.,"[""시작 자세와 기구를 안정적으로 준비한다."", ""안내된 부위를 중심으로 천천히 움직인다."", ""끝 범위에서 힘을 잠시 유지한다."", ""반동 없이 시작 자세로 돌아온다.""]",representative-content-v0.1.0,DOMAIN_APPROVED,gymvisual,0088,MODERATE,APPROVED,3.5,LIGHT,ADULT_COMPENDIUM_2024;activity_code=02054;url=https://pacompendium.com/;domain_approval=DATA_OWNER_APPROVAL;reviewed_at=2026-08-24T00:00:00+09:00;approval_scope=ALL_MET_MAPPINGS,DOMAIN_APPROVED,"[""NEX-000007"", ""NEX-000070"", ""NEX-000120"", ""NEX-000153"", ""NEX-000188""]",5,TAXONOMY_APPROVED,DOMAIN_EXPERT_REVIEW,2026-08-21T00:00:00+09:00,FINAL_CATALOG_PENDING_MEDIA_RIGHTS
REX-000081,seated_calf_stretch_mobility_stretch_bodyweight,앉아서 종아리 스트레칭,seated calf stretch (male),seated calf stretch (male),seated calf stretch (male),SEATED_CALF_STRETCH,MOBILITY_STRETCH,MOBILITY,MOBILITY,APPROVED,"[""ANKLE_FOOT""]","[""KNEE""]",APPROVED,BODYWEIGHT,HOME|GYM,,BEGINNER,false,true,APPROVED,FITT-MOBILITY-V1,DURATION,,,30-60,,15-30,,30,30,15,앉아서 종아리 스트레칭 운동은 발목과 발 주변을 천천히 움직이며 범위를 확인하는 스트레칭입니다.,"[""편안한 시작 자세를 잡고 주변 공간을 확인한다."", ""숨을 고르게 쉬며 안내된 방향으로 천천히 움직인다."", ""당김이 느껴지는 범위에서 잠시 멈춘다."", ""반동 없이 시작 자세로 천천히 돌아온다.""]",representative-content-v0.1.0,DOMAIN_APPROVED,gymvisual,1390,LIGHT,APPROVED,2.3,LIGHT,ADULT_COMPENDIUM_2024;activity_code=02101;url=https://pacompendium.com/;domain_approval=DATA_OWNER_APPROVAL;reviewed_at=2026-08-24T00:00:00+09:00;approval_scope=ALL_MET_MAPPINGS,DOMAIN_APPROVED,"[""NEX-000124""]",1,TAXONOMY_APPROVED,DOMAIN_EXPERT_REVIEW,2026-08-21T00:00:00+09:00,FINAL_CATALOG_PENDING_MEDIA_RIGHTS
REX-000082,seated_glute_stretch_mobility_stretch_bodyweight,앉아서 둔근 스트레칭,seated glute stretch,seated glute stretch,seated glute stretch,SEATED_GLUTE_STRETCH,MOBILITY_STRETCH,MOBILITY,MOBILITY,APPROVED,"[""HIP""]","[""KNEE""]",APPROVED,BODYWEIGHT,HOME|GYM,,BEGINNER,false,true,APPROVED,FITT-MOBILITY-V1,DURATION,,,30-60,,15-30,,30,30,15,앉아서 둔근 스트레칭 운동은 고관절 주변을 천천히 움직이며 범위를 확인하는 스트레칭입니다.,"[""편안한 시작 자세를 잡고 주변 공간을 확인한다."", ""숨을 고르게 쉬며 안내된 방향으로 천천히 움직인다."", ""당김이 느껴지는 범위에서 잠시 멈춘다."", ""반동 없이 시작 자세로 천천히 돌아온다.""]",representative-content-v0.1.0,DOMAIN_APPROVED,gymvisual,1424,LIGHT,APPROVED,2.3,LIGHT,ADULT_COMPENDIUM_2024;activity_code=02101;url=https://pacompendium.com/;domain_approval=DATA_OWNER_APPROVAL;reviewed_at=2026-08-24T00:00:00+09:00;approval_scope=ALL_MET_MAPPINGS,DOMAIN_APPROVED,"[""NEX-000126""]",1,TAXONOMY_APPROVED,DOMAIN_EXPERT_REVIEW,2026-08-21T00:00:00+09:00,FINAL_CATALOG_PENDING_MEDIA_RIGHTS
REX-000083,seated_leg_curl_knee_flexion_machine,레그 컬,lever seated leg curl,lever seated leg curl,lever seated leg curl,SEATED_LEG_CURL,KNEE_FLEXION,STRENGTH,HAMSTRINGS,APPROVED,"[""KNEE""]","[""HIP""]",APPROVED,MACHINE,GYM,,BEGINNER,true,false,APPROVED,FITT-ISOLATION-STRENGTH-V1,REPS,3,10-15,,60-90,,4,,90,15,레그 컬 운동은 다리를 굽혔다 펴며 허벅지 뒤쪽을 사용하는 운동입니다.,"[""기구에 앉아 몸과 기구의 위치를 맞춘다."", ""다리를 천천히 굽힌다."", ""조절할 수 있는 범위에서 잠시 멈춘다."", ""천천히 다리를 되돌린다.""]",representative-content-v0.1.0,DOMAIN_APPROVED,gymvisual,0599,MODERATE,APPROVED,5,MODERATE,ADULT_COMPENDIUM_2024;activity_code=02052;url=https://pacompendium.com/;domain_approval=DATA_OWNER_APPROVAL;reviewed_at=2026-08-24T00:00:00+09:00;approval_scope=ALL_MET_MAPPINGS,DOMAIN_APPROVED,"[""NEX-000065"", ""NEX-000071"", ""NEX-000081"", ""NEX-000082"", ""NEX-000087"", ""NEX-000156"", ""NEX-000180"", ""NEX-000191"", ""NEX-000202""]",9,TAXONOMY_APPROVED,DOMAIN_EXPERT_REVIEW,2026-08-21T00:00:00+09:00,FINAL_CATALOG_PENDING_MEDIA_RIGHTS
REX-000084,seated_lower_back_stretch_mobility_stretch_bodyweight,앉아서 허리 스트레칭,seated lower back stretch,seated lower back stretch,seated lower back stretch,SEATED_LOWER_BACK_STRETCH,MOBILITY_STRETCH,MOBILITY,MOBILITY,APPROVED,"[""LOWER_BACK""]","[""UPPER_BACK"",""ABDOMEN""]",APPROVED,BODYWEIGHT,HOME|GYM,,BEGINNER,false,true,APPROVED,FITT-MOBILITY-V1,DURATION,,,30-60,,15-30,,30,30,15,앉아서 허리 스트레칭 운동은 허리 주변을 천천히 움직이며 범위를 확인하는 스트레칭입니다.,"[""편안한 시작 자세를 잡고 주변 공간을 확인한다."", ""숨을 고르게 쉬며 안내된 방향으로 천천히 움직인다."", ""당김이 느껴지는 범위에서 잠시 멈춘다."", ""반동 없이 시작 자세로 천천히 돌아온다.""]",representative-content-v0.1.0,DOMAIN_APPROVED,gymvisual,0690,LIGHT,APPROVED,2.3,LIGHT,ADULT_COMPENDIUM_2024;activity_code=02101;url=https://pacompendium.com/;domain_approval=DATA_OWNER_APPROVAL;reviewed_at=2026-08-24T00:00:00+09:00;approval_scope=ALL_MET_MAPPINGS,DOMAIN_APPROVED,"[""NEX-000079""]",1,TAXONOMY_APPROVED,DOMAIN_EXPERT_REVIEW,2026-08-21T00:00:00+09:00,FINAL_CATALOG_PENDING_MEDIA_RIGHTS
REX-000085,seated_piriformis_stretch_mobility_stretch_bodyweight,앉아서 이상근 스트레칭,seated piriformis stretch,seated piriformis stretch,seated piriformis stretch,SEATED_PIRIFORMIS_STRETCH,MOBILITY_STRETCH,MOBILITY,MOBILITY,APPROVED,"[""HIP""]","[""KNEE""]",APPROVED,BODYWEIGHT,HOME|GYM,,BEGINNER,false,true,APPROVED,FITT-MOBILITY-V1,DURATION,,,30-60,,15-30,,30,30,15,앉아서 이상근 스트레칭 운동은 고관절 주변을 천천히 움직이며 범위를 확인하는 스트레칭입니다.,"[""편안한 시작 자세를 잡고 주변 공간을 확인한다."", ""숨을 고르게 쉬며 안내된 방향으로 천천히 움직인다."", ""당김이 느껴지는 범위에서 잠시 멈춘다."", ""반동 없이 시작 자세로 천천히 돌아온다.""]",representative-content-v0.1.0,DOMAIN_APPROVED,gymvisual,2567,LIGHT,APPROVED,2.3,LIGHT,ADULT_COMPENDIUM_2024;activity_code=02101;url=https://pacompendium.com/;domain_approval=DATA_OWNER_APPROVAL;reviewed_at=2026-08-24T00:00:00+09:00;approval_scope=ALL_MET_MAPPINGS,DOMAIN_APPROVED,"[""NEX-000157""]",1,TAXONOMY_APPROVED,DOMAIN_EXPERT_REVIEW,2026-08-21T00:00:00+09:00,FINAL_CATALOG_PENDING_MEDIA_RIGHTS
REX-000086,seated_shoulder_press_vertical_push_dumbbell,숄더 프레스,dumbbell seated shoulder press,dumbbell seated shoulder press,dumbbell seated shoulder press,SEATED_SHOULDER_PRESS,VERTICAL_PUSH,STRENGTH,SHOULDERS,APPROVED,"[""SHOULDER""]","[""ELBOW""]",APPROVED,DUMBBELL,HOME|GYM,,INTERMEDIATE,false,false,APPROVED,FITT-COMPOUND-PUSH-V1,REPS,3,8-12,,90,,4,,90,15,숄더 프레스 운동은 팔을 위로 밀어 어깨를 사용하는 운동입니다.,"[""등과 발 또는 엉덩이를 안정적으로 둔다."", ""손잡이나 기구를 어깨 가까이에 준비한다."", ""허리를 꺾지 않고 편한 범위에서 위로 밀어낸다."", ""천천히 시작 위치로 내려온다.""]",representative-content-v0.1.0,DOMAIN_APPROVED,gymvisual,0405,MODERATE,APPROVED,5,MODERATE,ADULT_COMPENDIUM_2024;activity_code=02052;url=https://pacompendium.com/;domain_approval=DATA_OWNER_APPROVAL;reviewed_at=2026-08-24T00:00:00+09:00;approval_scope=ALL_MET_MAPPINGS,DOMAIN_APPROVED,"[""NEX-000043"", ""NEX-000044"", ""NEX-000055"", ""NEX-000056"", ""NEX-000101"", ""NEX-000163"", ""NEX-000198"", ""NEX-000200"", ""NEX-000207""]",9,TAXONOMY_APPROVED,DOMAIN_EXPERT_REVIEW,2026-08-21T00:00:00+09:00,FINAL_CATALOG_PENDING_MEDIA_RIGHTS
REX-000087,seated_wide_angle_stretch_mobility_stretch_bodyweight,시티드 와이드 앵글 스트레칭,seated wide angle pose sequence,seated wide angle pose sequence,seated wide angle pose sequence,SEATED_WIDE_ANGLE_STRETCH,MOBILITY_STRETCH,MOBILITY,MOBILITY,APPROVED,"[""HIP"",""KNEE""]",[],APPROVED,BODYWEIGHT,HOME|GYM,,INTERMEDIATE,false,true,APPROVED,FITT-MOBILITY-V1,DURATION,,,30-60,,15-30,,30,30,15,시티드 와이드 앵글 스트레칭 운동은 고관절·무릎 주변을 천천히 움직이며 범위를 확인하는 스트레칭입니다.,"[""편안한 시작 자세를 잡고 주변 공간을 확인한다."", ""숨을 고르게 쉬며 안내된 방향으로 천천히 움직인다."", ""당김이 느껴지는 범위에서 잠시 멈춘다."", ""반동 없이 시작 자세로 천천히 돌아온다.""]",representative-content-v0.1.0,DOMAIN_APPROVED,gymvisual,1587,LIGHT,APPROVED,2.3,LIGHT,ADULT_COMPENDIUM_2024;activity_code=02101;url=https://pacompendium.com/;domain_approval=DATA_OWNER_APPROVAL;reviewed_at=2026-08-24T00:00:00+09:00;approval_scope=ALL_MET_MAPPINGS,DOMAIN_APPROVED,"[""NEX-000137""]",1,TAXONOMY_APPROVED,DOMAIN_EXPERT_REVIEW,2026-08-21T00:00:00+09:00,FINAL_CATALOG_PENDING_MEDIA_RIGHTS
REX-000088,side_lying_quadriceps_stretch_mobility_stretch_bodyweight,옆으로 누워 대퇴사두근 스트레칭,lying (side) quads stretch,lying (side) quads stretch,lying (side) quads stretch,SIDE_LYING_QUADRICEPS_STRETCH,MOBILITY_STRETCH,MOBILITY,MOBILITY,APPROVED,"[""KNEE""]","[""HIP""]",APPROVED,BODYWEIGHT,HOME|GYM,,BEGINNER,false,true,APPROVED,FITT-MOBILITY-V1,DURATION,,,30-60,,15-30,,30,30,15,옆으로 누워 대퇴사두근 스트레칭 운동은 무릎 주변을 천천히 움직이며 범위를 확인하는 스트레칭입니다.,"[""편안한 시작 자세를 잡고 주변 공간을 확인한다."", ""숨을 고르게 쉬며 안내된 방향으로 천천히 움직인다."", ""당김이 느껴지는 범위에서 잠시 멈춘다."", ""반동 없이 시작 자세로 천천히 돌아온다.""]",representative-content-v0.1.0,DOMAIN_APPROVED,gymvisual,0613,LIGHT,APPROVED,2.3,LIGHT,ADULT_COMPENDIUM_2024;activity_code=02101;url=https://pacompendium.com/;domain_approval=DATA_OWNER_APPROVAL;reviewed_at=2026-08-24T00:00:00+09:00;approval_scope=ALL_MET_MAPPINGS,DOMAIN_APPROVED,"[""NEX-000072""]",1,TAXONOMY_APPROVED,DOMAIN_EXPERT_REVIEW,2026-08-21T00:00:00+09:00,FINAL_CATALOG_PENDING_MEDIA_RIGHTS
REX-000089,side_wrist_pull_stretch_mobility_stretch_bodyweight,손목 당기기 스트레칭,side wrist pull stretch,side wrist pull stretch,side wrist pull stretch,SIDE_WRIST_PULL_STRETCH,MOBILITY_STRETCH,MOBILITY,MOBILITY,APPROVED,"[""WRIST_HAND""]","[""ELBOW""]",APPROVED,BODYWEIGHT,HOME|GYM,,BEGINNER,false,true,APPROVED,FITT-MOBILITY-V1,DURATION,,,30-60,,15-30,,30,30,15,손목 당기기 스트레칭 운동은 손목과 손 주변을 천천히 움직이며 범위를 확인하는 스트레칭입니다.,"[""편안한 시작 자세를 잡고 주변 공간을 확인한다."", ""숨을 고르게 쉬며 안내된 방향으로 천천히 움직인다."", ""당김이 느껴지는 범위에서 잠시 멈춘다."", ""반동 없이 시작 자세로 천천히 돌아온다.""]",representative-content-v0.1.0,DOMAIN_APPROVED,gymvisual,0721,LIGHT,APPROVED,2.3,LIGHT,ADULT_COMPENDIUM_2024;activity_code=02101;url=https://pacompendium.com/;domain_approval=DATA_OWNER_APPROVAL;reviewed_at=2026-08-24T00:00:00+09:00;approval_scope=ALL_MET_MAPPINGS,DOMAIN_APPROVED,"[""NEX-000084""]",1,TAXONOMY_APPROVED,DOMAIN_EXPERT_REVIEW,2026-08-21T00:00:00+09:00,FINAL_CATALOG_PENDING_MEDIA_RIGHTS
REX-000090,spine_core_brace_core_brace_mat,버드독,네발기기 자세에서 팔 다리 들기,네발기기 자세에서 팔 다리 들기,네발기기 자세에서 팔 다리 들기,SPINE_CORE_BRACE,CORE_BRACE,STRENGTH,CORE,APPROVED,"[""ABDOMEN""]","[""LOWER_BACK"",""HIP"",""SHOULDER""]",APPROVED,MAT,HOME,,BEGINNER,false,false,APPROVED,FITT-CORE-STABILITY-V1,DURATION,2-3,,30-45,45-60,,,30,90,15,버드독 운동은 몸통을 유지하며 몸통 주변에 힘을 쓰는 운동입니다.,"[""안내된 시작 자세를 안정적으로 잡는다."", ""배 주변에 가볍게 힘을 주고 숨을 쉰다."", ""몸통이 흔들리지 않는 범위에서 팔이나 다리를 움직인다."", ""천천히 시작 자세로 돌아온다.""]",representative-content-v0.1.0,DOMAIN_APPROVED,kspo,ce0ab5a88d5e6c4243b2a910aa53ecff3aa783c716fa193711a1a6e44542b3a0,LIGHT_MODERATE,APPROVED,5,MODERATE,ADULT_COMPENDIUM_2024;activity_code=02052;url=https://pacompendium.com/;domain_approval=DATA_OWNER_APPROVAL;reviewed_at=2026-08-24T00:00:00+09:00;approval_scope=ALL_MET_MAPPINGS,DOMAIN_APPROVED,"[""NEX-000179""]",1,TAXONOMY_APPROVED,DOMAIN_EXPERT_REVIEW,2026-08-21T00:00:00+09:00,FINAL_CATALOG_PENDING_MEDIA_RIGHTS
REX-000091,spine_stretch_mobility_stretch_bodyweight,척추 스트레칭,spine stretch,spine stretch,spine stretch,SPINE_STRETCH,MOBILITY_STRETCH,MOBILITY,MOBILITY,APPROVED,"[""UPPER_BACK"",""LOWER_BACK""]","[""ABDOMEN""]",APPROVED,BODYWEIGHT,HOME|GYM,,BEGINNER,false,true,APPROVED,FITT-MOBILITY-V1,DURATION,,,30-60,,15-30,,30,30,15,척추 스트레칭 운동은 상부 등·허리 주변을 천천히 움직이며 범위를 확인하는 스트레칭입니다.,"[""편안한 시작 자세를 잡고 주변 공간을 확인한다."", ""숨을 고르게 쉬며 안내된 방향으로 천천히 움직인다."", ""당김이 느껴지는 범위에서 잠시 멈춘다."", ""반동 없이 시작 자세로 천천히 돌아온다.""]",representative-content-v0.1.0,DOMAIN_APPROVED,gymvisual,1363,LIGHT,APPROVED,2.3,LIGHT,ADULT_COMPENDIUM_2024;activity_code=02101;url=https://pacompendium.com/;domain_approval=DATA_OWNER_APPROVAL;reviewed_at=2026-08-24T00:00:00+09:00;approval_scope=ALL_MET_MAPPINGS,DOMAIN_APPROVED,"[""NEX-000114""]",1,TAXONOMY_APPROVED,DOMAIN_EXPERT_REVIEW,2026-08-21T00:00:00+09:00,FINAL_CATALOG_PENDING_MEDIA_RIGHTS
REX-000092,spine_twist_mobility_stretch_bodyweight,척추 비틀기,spine twist,spine twist,spine twist,SPINE_TWIST,MOBILITY_STRETCH,MOBILITY,MOBILITY,APPROVED,"[""UPPER_BACK"",""LOWER_BACK""]","[""ABDOMEN""]",APPROVED,BODYWEIGHT,HOME|GYM,,BEGINNER,false,true,APPROVED,FITT-MOBILITY-V1,DURATION,,,30-60,,15-30,,30,30,15,척추 비틀기 운동은 상부 등·허리 주변을 천천히 움직이며 범위를 확인하는 스트레칭입니다.,"[""편안한 시작 자세를 잡고 주변 공간을 확인한다."", ""숨을 고르게 쉬며 안내된 방향으로 천천히 움직인다."", ""당김이 느껴지는 범위에서 잠시 멈춘다."", ""반동 없이 시작 자세로 천천히 돌아온다.""]",representative-content-v0.1.0,DOMAIN_APPROVED,gymvisual,2329,LIGHT,APPROVED,2.3,LIGHT,ADULT_COMPENDIUM_2024;activity_code=02101;url=https://pacompendium.com/;domain_approval=DATA_OWNER_APPROVAL;reviewed_at=2026-08-24T00:00:00+09:00;approval_scope=ALL_MET_MAPPINGS,DOMAIN_APPROVED,"[""NEX-000152""]",1,TAXONOMY_APPROVED,DOMAIN_EXPERT_REVIEW,2026-08-21T00:00:00+09:00,FINAL_CATALOG_PENDING_MEDIA_RIGHTS
REX-000093,squat_variant_knee_dominant_barbell,스쿼트,Barbell Full Squat,Barbell Full Squat,Barbell Full Squat,SQUAT_VARIANT,KNEE_DOMINANT,STRENGTH,QUADRICEPS,APPROVED,"[""KNEE"",""HIP""]","[""LOWER_BACK"",""ANKLE_FOOT""]",APPROVED,BARBELL,GYM,,INTERMEDIATE,false,false,APPROVED,FITT-COMPOUND-SQUAT-V1,REPS,3,8-12,,90,,4,,90,15,스쿼트 운동은 다리를 굽혔다 펴며 허벅지 앞쪽을 사용하는 운동입니다.,"[""발을 편하게 벌리고 양발에 무게를 나눈다."", ""엉덩이를 뒤로 보내며 무릎을 천천히 굽힌다."", ""발바닥을 바닥에 두고 편한 범위까지만 내려간다."", ""발로 바닥을 밀며 천천히 시작 자세로 돌아온다.""]",representative-content-v0.1.0,DOMAIN_APPROVED,wger,1801,MODERATE,APPROVED,6,VIGOROUS,ADULT_COMPENDIUM_2024;activity_code=02050;url=https://pacompendium.com/;domain_approval=DATA_OWNER_APPROVAL;reviewed_at=2026-08-24T00:00:00+09:00;approval_scope=ALL_MET_MAPPINGS,DOMAIN_APPROVED,"[""NEX-000197""]",1,TAXONOMY_APPROVED,DOMAIN_EXPERT_REVIEW,2026-08-21T00:00:00+09:00,FINAL_CATALOG_PENDING_MEDIA_RIGHTS
REX-000094,standing_hamstring_calf_strap_stretch_mobility_stretch_stretch_strap,스트랩 햄스트링·종아리 스트레칭,standing hamstring and calf stretch with strap,standing hamstring and calf stretch with strap,standing hamstring and calf stretch with strap,STANDING_HAMSTRING_CALF_STRAP_STRETCH,MOBILITY_STRETCH,MOBILITY,MOBILITY,APPROVED,"[""KNEE"",""ANKLE_FOOT""]","[""HIP""]",APPROVED,STRETCH_STRAP,HOME|GYM,,BEGINNER,false,true,APPROVED,FITT-MOBILITY-V1,DURATION,,,30-60,,15-30,,30,30,15,스트랩 햄스트링·종아리 스트레칭 운동은 무릎·발목과 발 주변을 천천히 움직이며 범위를 확인하는 스트레칭입니다.,"[""편안한 시작 자세를 잡고 주변 공간을 확인한다."", ""숨을 고르게 쉬며 안내된 방향으로 천천히 움직인다."", ""당김이 느껴지는 범위에서 잠시 멈춘다."", ""반동 없이 시작 자세로 천천히 돌아온다.""]",representative-content-v0.1.0,DOMAIN_APPROVED,gymvisual,1599,LIGHT,APPROVED,2.3,LIGHT,ADULT_COMPENDIUM_2024;activity_code=02101;url=https://pacompendium.com/;domain_approval=DATA_OWNER_APPROVAL;reviewed_at=2026-08-24T00:00:00+09:00;approval_scope=ALL_MET_MAPPINGS,DOMAIN_APPROVED,"[""NEX-000138""]",1,TAXONOMY_APPROVED,DOMAIN_EXPERT_REVIEW,2026-08-21T00:00:00+09:00,FINAL_CATALOG_PENDING_MEDIA_RIGHTS
REX-000095,standing_lateral_stretch_mobility_stretch_bodyweight,서서 옆구리 스트레칭,standing lateral stretch,standing lateral stretch,standing lateral stretch,STANDING_LATERAL_STRETCH,MOBILITY_STRETCH,MOBILITY,MOBILITY,APPROVED,"[""UPPER_BACK""]","[""LOWER_BACK"",""ABDOMEN""]",APPROVED,BODYWEIGHT,HOME|GYM,,BEGINNER,false,true,APPROVED,FITT-MOBILITY-V1,DURATION,,,30-60,,15-30,,30,30,15,서서 옆구리 스트레칭 운동은 상부 등 주변을 천천히 움직이며 범위를 확인하는 스트레칭입니다.,"[""편안한 시작 자세를 잡고 주변 공간을 확인한다."", ""숨을 고르게 쉬며 안내된 방향으로 천천히 움직인다."", ""당김이 느껴지는 범위에서 잠시 멈춘다."", ""반동 없이 시작 자세로 천천히 돌아온다.""]",representative-content-v0.1.0,DOMAIN_APPROVED,gymvisual,0794,LIGHT,APPROVED,2.3,LIGHT,ADULT_COMPENDIUM_2024;activity_code=02101;url=https://pacompendium.com/;domain_approval=DATA_OWNER_APPROVAL;reviewed_at=2026-08-24T00:00:00+09:00;approval_scope=ALL_MET_MAPPINGS,DOMAIN_APPROVED,"[""NEX-000086""]",1,TAXONOMY_APPROVED,DOMAIN_EXPERT_REVIEW,2026-08-21T00:00:00+09:00,FINAL_CATALOG_PENDING_MEDIA_RIGHTS
REX-000096,triceps_stretch_mobility_stretch_bodyweight,삼두근 스트레칭,triceps stretch,triceps stretch,triceps stretch,TRICEPS_STRETCH,MOBILITY_STRETCH,MOBILITY,MOBILITY,APPROVED,"[""ELBOW""]","[""SHOULDER"",""WRIST_HAND""]",APPROVED,BODYWEIGHT,HOME|GYM,,BEGINNER,false,true,APPROVED,FITT-MOBILITY-V1,DURATION,,,30-60,,15-30,,30,30,15,삼두근 스트레칭 운동은 팔꿈치 주변을 천천히 움직이며 범위를 확인하는 스트레칭입니다.,"[""편안한 시작 자세를 잡고 주변 공간을 확인한다."", ""숨을 고르게 쉬며 안내된 방향으로 천천히 움직인다."", ""당김이 느껴지는 범위에서 잠시 멈춘다."", ""반동 없이 시작 자세로 천천히 돌아온다.""]",representative-content-v0.1.0,DOMAIN_APPROVED,gymvisual,0817,LIGHT,APPROVED,2.3,LIGHT,ADULT_COMPENDIUM_2024;activity_code=02101;url=https://pacompendium.com/;domain_approval=DATA_OWNER_APPROVAL;reviewed_at=2026-08-24T00:00:00+09:00;approval_scope=ALL_MET_MAPPINGS,DOMAIN_APPROVED,"[""NEX-000089""]",1,TAXONOMY_APPROVED,DOMAIN_EXPERT_REVIEW,2026-08-21T00:00:00+09:00,FINAL_CATALOG_PENDING_MEDIA_RIGHTS
REX-000097,upper_back_isolation_isolation_resistance_band,시티드 밴드 풀어파트,의자에 앉아 밴드 양옆으로 늘이기,의자에 앉아 밴드 양옆으로 늘이기,의자에 앉아 밴드 양옆으로 늘이기,UPPER_BACK_ISOLATION,ISOLATION,STRENGTH,BACK,APPROVED,"[""UPPER_BACK""]","[""SHOULDER"",""ELBOW""]",APPROVED,RESISTANCE_BAND,HOME,,BEGINNER,false,false,APPROVED,FITT-ISOLATION-STRENGTH-V1,REPS,3,10-15,,60-90,,4,,90,15,상부 등 밴드 당기기 운동은 다른 부위의 움직임을 줄이고 등을 집중해 사용하는 운동입니다.,"[""시작 자세와 기구를 안정적으로 준비한다."", ""안내된 부위를 중심으로 천천히 움직인다."", ""끝 범위에서 힘을 잠시 유지한다."", ""반동 없이 시작 자세로 돌아온다.""]",representative-content-v0.1.0,DOMAIN_APPROVED,kspo,ab41f78cd9e548e1217b4460122ca0a1e9824cd570da589f1b37ffe86d6db937,MODERATE,APPROVED,3.5,LIGHT,ADULT_COMPENDIUM_2024;activity_code=02054;url=https://pacompendium.com/;domain_approval=DATA_OWNER_APPROVAL;reviewed_at=2026-08-24T00:00:00+09:00;approval_scope=ALL_MET_MAPPINGS,DOMAIN_APPROVED,"[""NEX-000178""]",1,TAXONOMY_APPROVED,DOMAIN_EXPERT_REVIEW,2026-08-21T00:00:00+09:00,FINAL_CATALOG_PENDING_MEDIA_RIGHTS
REX-000098,upper_back_stretch_mobility_stretch_bodyweight,상부 등 스트레칭,upper back stretch,upper back stretch,upper back stretch,UPPER_BACK_STRETCH,MOBILITY_STRETCH,MOBILITY,MOBILITY,APPROVED,"[""UPPER_BACK""]","[""SHOULDER"",""CHEST""]",APPROVED,BODYWEIGHT,HOME|GYM,,BEGINNER,false,true,APPROVED,FITT-MOBILITY-V1,DURATION,,,30-60,,15-30,,30,30,15,상부 등 스트레칭 운동은 상부 등 주변을 천천히 움직이며 범위를 확인하는 스트레칭입니다.,"[""편안한 시작 자세를 잡고 주변 공간을 확인한다."", ""숨을 고르게 쉬며 안내된 방향으로 천천히 움직인다."", ""당김이 느껴지는 범위에서 잠시 멈춘다."", ""반동 없이 시작 자세로 천천히 돌아온다.""]",representative-content-v0.1.0,DOMAIN_APPROVED,gymvisual,1365,LIGHT,APPROVED,2.3,LIGHT,ADULT_COMPENDIUM_2024;activity_code=02101;url=https://pacompendium.com/;domain_approval=DATA_OWNER_APPROVAL;reviewed_at=2026-08-24T00:00:00+09:00;approval_scope=ALL_MET_MAPPINGS,DOMAIN_APPROVED,"[""NEX-000115""]",1,TAXONOMY_APPROVED,DOMAIN_EXPERT_REVIEW,2026-08-21T00:00:00+09:00,FINAL_CATALOG_PENDING_MEDIA_RIGHTS
REX-000099,wall_calf_stretch_mobility_stretch_bodyweight,벽 짚고 종아리 스트레칭,calf stretch with hands against wall,calf stretch with hands against wall,calf stretch with hands against wall,WALL_CALF_STRETCH,MOBILITY_STRETCH,MOBILITY,MOBILITY,APPROVED,"[""ANKLE_FOOT""]","[""KNEE""]",APPROVED,BODYWEIGHT,HOME|GYM,,BEGINNER,false,true,APPROVED,FITT-MOBILITY-V1,DURATION,,,30-60,,15-30,,30,30,15,벽 짚고 종아리 스트레칭 운동은 발목과 발 주변을 천천히 움직이며 범위를 확인하는 스트레칭입니다.,"[""편안한 시작 자세를 잡고 주변 공간을 확인한다."", ""숨을 고르게 쉬며 안내된 방향으로 천천히 움직인다."", ""당김이 느껴지는 범위에서 잠시 멈춘다."", ""반동 없이 시작 자세로 천천히 돌아온다.""]",representative-content-v0.1.0,DOMAIN_APPROVED,gymvisual,1377,LIGHT,APPROVED,2.3,LIGHT,ADULT_COMPENDIUM_2024;activity_code=02101;url=https://pacompendium.com/;domain_approval=DATA_OWNER_APPROVAL;reviewed_at=2026-08-24T00:00:00+09:00;approval_scope=ALL_MET_MAPPINGS,DOMAIN_APPROVED,"[""NEX-000119""]",1,TAXONOMY_APPROVED,DOMAIN_EXPERT_REVIEW,2026-08-21T00:00:00+09:00,FINAL_CATALOG_PENDING_MEDIA_RIGHTS
REX-000100,world_greatest_stretch_mobility_stretch_bodyweight,월드 그레이티스트 스트레칭,world greatest stretch,world greatest stretch,world greatest stretch,WORLD_GREATEST_STRETCH,MOBILITY_STRETCH,MOBILITY,MOBILITY,APPROVED,"[""HIP"",""KNEE""]","[""ANKLE_FOOT""]",APPROVED,BODYWEIGHT,HOME|GYM,,INTERMEDIATE,false,true,APPROVED,FITT-MOBILITY-V1,DURATION,,,30-60,,15-30,,30,30,15,월드 그레이티스트 스트레칭 운동은 고관절·무릎 주변을 천천히 움직이며 범위를 확인하는 스트레칭입니다.,"[""편안한 시작 자세를 잡고 주변 공간을 확인한다."", ""숨을 고르게 쉬며 안내된 방향으로 천천히 움직인다."", ""당김이 느껴지는 범위에서 잠시 멈춘다."", ""반동 없이 시작 자세로 천천히 돌아온다.""]",representative-content-v0.1.0,DOMAIN_APPROVED,gymvisual,1604,LIGHT,APPROVED,2.3,LIGHT,ADULT_COMPENDIUM_2024;activity_code=02101;url=https://pacompendium.com/;domain_approval=DATA_OWNER_APPROVAL;reviewed_at=2026-08-24T00:00:00+09:00;approval_scope=ALL_MET_MAPPINGS,DOMAIN_APPROVED,"[""NEX-000139""]",1,TAXONOMY_APPROVED,DOMAIN_EXPERT_REVIEW,2026-08-21T00:00:00+09:00,FINAL_CATALOG_PENDING_MEDIA_RIGHTS
REX-000101,wrist_circles_mobility_stretch_bodyweight,손목 돌리기,wrist circles,wrist circles,wrist circles,WRIST_CIRCLES,MOBILITY_STRETCH,MOBILITY,MOBILITY,APPROVED,"[""WRIST_HAND""]","[""ELBOW""]",APPROVED,BODYWEIGHT,HOME|GYM,,BEGINNER,false,true,APPROVED,FITT-MOBILITY-V1,DURATION,,,30-60,,15-30,,30,30,15,손목 돌리기 운동은 손목과 손 주변을 천천히 움직이며 범위를 확인하는 스트레칭입니다.,"[""편안한 시작 자세를 잡고 주변 공간을 확인한다."", ""숨을 고르게 쉬며 안내된 방향으로 천천히 움직인다."", ""당김이 느껴지는 범위에서 잠시 멈춘다."", ""반동 없이 시작 자세로 천천히 돌아온다.""]",representative-content-v0.1.0,DOMAIN_APPROVED,gymvisual,1428,LIGHT,APPROVED,2.3,LIGHT,ADULT_COMPENDIUM_2024;activity_code=02101;url=https://pacompendium.com/;domain_approval=DATA_OWNER_APPROVAL;reviewed_at=2026-08-24T00:00:00+09:00;approval_scope=ALL_MET_MAPPINGS,DOMAIN_APPROVED,"[""NEX-000127""]",1,TAXONOMY_APPROVED,DOMAIN_EXPERT_REVIEW,2026-08-21T00:00:00+09:00,FINAL_CATALOG_PENDING_MEDIA_RIGHTS
REX-000102,wrist_curl_isolation_barbell,리스트 컬,barbell wrist curl,barbell wrist curl,barbell wrist curl,WRIST_CURL,ISOLATION,STRENGTH,FOREARMS,APPROVED,"[""WRIST_HAND""]","[""ELBOW""]",APPROVED,BARBELL,GYM,,BEGINNER,true,false,APPROVED,FITT-ISOLATION-STRENGTH-V1,REPS,3,10-15,,60-90,,4,,90,15,리스트 컬 운동은 다른 부위의 움직임을 줄이고 팔뚝을 집중해 사용하는 운동입니다.,"[""시작 자세와 기구를 안정적으로 준비한다."", ""안내된 부위를 중심으로 천천히 움직인다."", ""끝 범위에서 힘을 잠시 유지한다."", ""반동 없이 시작 자세로 돌아온다.""]",representative-content-v0.1.0,DOMAIN_APPROVED,gymvisual,0126,MODERATE,APPROVED,3.5,LIGHT,ADULT_COMPENDIUM_2024;activity_code=02054;url=https://pacompendium.com/;domain_approval=DATA_OWNER_APPROVAL;reviewed_at=2026-08-24T00:00:00+09:00;approval_scope=ALL_MET_MAPPINGS,DOMAIN_APPROVED,"[""NEX-000010"", ""NEX-000046"", ""NEX-000105""]",3,TAXONOMY_APPROVED,DOMAIN_EXPERT_REVIEW,2026-08-21T00:00:00+09:00,FINAL_CATALOG_PENDING_MEDIA_RIGHTS
