review_record_id,legacy_record_number,legacy_relation_identity,legacy_reason_code,legacy_goal_preservation_code,legacy_relation_type,source_exercise_stable_code_legacy,source_exercise_stable_code,source_exercise_id,source_record_type,source_exercise_name_ko,source_primary_movement_pattern_code,source_primary_body_area_codes,source_secondary_body_area_codes,source_equipment_codes,source_location_codes,source_difficulty_code,target_exercise_stable_code_legacy,target_exercise_stable_code,target_exercise_id,target_record_type,target_exercise_name_ko,target_primary_movement_pattern_code,target_primary_body_area_codes,target_secondary_body_area_codes,target_equipment_codes,target_location_codes,target_difficulty_code,candidate_origin_code,pain_discomfort_area_code,condition_code,pain_score_min,pain_score_max,severity_code,service_action_code,source_load_to_avoid_code,source_load_to_avoid_detail,source_load_pain_area_overlap,target_load_reduction_basis_code,target_pain_area_overlap,target_difficulty_not_higher,source_target_same_family,source_target_same_movement_pattern,variant_relation_overlap,variant_type_code,direction_code,directionality_check_code,decision,decision_code,reclassification_code,review_reason_code,review_reason_ko,area_specific_safety_review_code,area_specific_safety_guard_codes,evidence_source,evidence_reviewer,evidence_reviewed_at,legacy_review_method_code,legacy_review_status_code,legacy_source_catalog_version_code,legacy_source_manifest_hash,legacy_source_relation_key,legacy_source_metadata,decision_source_code,decision_reviewer_code,review_status_code,production_eligible,user_review_decision_code,user_review_status
ALT-LEGACY-e6bcc912b21bafde,49,exercise-catalog-v2.0.2-draft|d2ff054350b7904b3cb99affb6e656a4a30acba82f81d889a98951928aeb725f|mapping:ANKLE_FOOT:NRS_1_3:REX-000016:REX-000080:DISCOMFORT,DISCOMFORT,SAME_GOAL,,bodyweight_standing_calf_raise_isolation_bodyweight,bodyweight_standing_calf_raise_isolation_bodyweight,REX-000016,REPRESENTATIVE,스탠딩 카프 레이즈,ISOLATION,"[""ANKLE_FOOT""]","[""KNEE""]","[""BODYWEIGHT""]","[""HOME"",""GYM""]",BEGINNER,seated_calf_raise_isolation_barbell,seated_calf_raise_isolation_barbell,REX-000080,REPRESENTATIVE,시티드 카프 레이즈,ISOLATION,"[""ANKLE_FOOT""]","[""KNEE""]","[""BARBELL""]","[""GYM""]",BEGINNER,LEGACY_ALTERNATIVE,ANKLE_FOOT,NRS_1_3,1,3,MILD,LOAD_REDUCED,PAIN_AREA_INVOLVEMENT_IN_SOURCE_MOVEMENT,"{""discomfort_area_code"":""ANKLE_FOOT"",""source_body_area_codes"":[""ANKLE_FOOT"",""KNEE""],""source_equipment_codes"":[""BODYWEIGHT""],""source_primary_movement_pattern_code"":""ISOLATION""}",true,UNCONFIRMED,true,true,false,true,false,,A_TO_B,NOT_APPLICABLE,REMOVE_RECLASSIFY,REMOVE_UNSAFE_SAME_AREA_TARGET,REMOVE_TARGET_RETAINS_DISCOMFORT_AREA,TARGET_RETAINS_DISCOMFORT_AREA,NRS 점수가 1~3인 경미한 조건이어도 target이 보고된 불편 부위를 포함하므로 동일 부담·위험을 남길 수 있어 Alternative에서 삭제한다.,,[],normalized/v2_discomfort_alternative_mapping.csv,DOMAIN_REVIEWER,2026-08-24T00:00:00+09:00,DOMAIN_REVIEWER,DOMAIN_APPROVED,exercise-catalog-v2.0.2-draft,d2ff054350b7904b3cb99affb6e656a4a30acba82f81d889a98951928aeb725f,mapping:ANKLE_FOOT:NRS_1_3:REX-000016:REX-000080:DISCOMFORT,"{""alternative_target_muscle_code"":""CALVES"",""body_area_code"":""ANKLE_FOOT"",""materialization_version"":""v2-representative-decisions-2026-08-24"",""score_band_code"":""NRS_1_3"",""selection_basis"":""DOMAIN_APPROVED_SCORE_BAND_AND_TARGET_MUSCLE_POLICY"",""source_path"":""normalized/v2_discomfort_alternative_mapping.csv"",""source_relation_key"":""mapping:ANKLE_FOOT:NRS_1_3:REX-000016:REX-000080:DISCOMFORT"",""source_target_muscle_code"":""CALVES""}",DETERMINISTIC_POLICY_V2_0_2,DATA_REVIEW_PIPELINE,DOMAIN_APPROVED,false,USER_DIRECT_REVIEW_2026_08_29,COMPLETED
ALT-LEGACY-ffac563c95ddbbc5,109,exercise-catalog-v2.0.2-draft|d2ff054350b7904b3cb99affb6e656a4a30acba82f81d889a98951928aeb725f|mapping:SHOULDER:NRS_1_3:REX-000029:REX-000046:DISCOMFORT,DISCOMFORT,SAME_GOAL,,dumbbell_shrug_isolation_dumbbell,dumbbell_shrug_isolation_dumbbell,REX-000029,REPRESENTATIVE,슈러그,ISOLATION,"[""UPPER_BACK""]","[""SHOULDER""]","[""DUMBBELL""]","[""HOME"",""GYM""]",BEGINNER,one_arm_wall_lats_isolation_bodyweight,one_arm_wall_lats_isolation_bodyweight,REX-000046,REPRESENTATIVE,벽 짚고 한 팔 광배근 스트레칭,ISOLATION,"[""UPPER_BACK""]","[""SHOULDER"",""ELBOW""]","[""BODYWEIGHT""]","[""HOME"",""GYM""]",BEGINNER,LEGACY_ALTERNATIVE,SHOULDER,NRS_1_3,1,3,MILD,LOAD_REDUCED,PAIN_AREA_INVOLVEMENT_IN_SOURCE_MOVEMENT,"{""discomfort_area_code"":""SHOULDER"",""source_body_area_codes"":[""SHOULDER"",""UPPER_BACK""],""source_equipment_codes"":[""DUMBBELL""],""source_primary_movement_pattern_code"":""ISOLATION""}",true,UNCONFIRMED,true,true,false,true,false,,A_TO_B,NOT_APPLICABLE,REMOVE_RECLASSIFY,REMOVE_UNSAFE_SAME_AREA_TARGET,REMOVE_TARGET_RETAINS_DISCOMFORT_AREA,TARGET_RETAINS_DISCOMFORT_AREA,NRS 점수가 1~3인 경미한 조건이어도 target이 보고된 불편 부위를 포함하므로 동일 부담·위험을 남길 수 있어 Alternative에서 삭제한다.,,[],normalized/v2_discomfort_alternative_mapping.csv,DOMAIN_REVIEWER,2026-08-24T00:00:00+09:00,DOMAIN_REVIEWER,DOMAIN_APPROVED,exercise-catalog-v2.0.2-draft,d2ff054350b7904b3cb99affb6e656a4a30acba82f81d889a98951928aeb725f,mapping:SHOULDER:NRS_1_3:REX-000029:REX-000046:DISCOMFORT,"{""alternative_target_muscle_code"":""BACK"",""body_area_code"":""SHOULDER"",""materialization_version"":""v2-representative-decisions-2026-08-24"",""score_band_code"":""NRS_1_3"",""selection_basis"":""DOMAIN_APPROVED_SCORE_BAND_AND_TARGET_MUSCLE_POLICY"",""source_path"":""normalized/v2_discomfort_alternative_mapping.csv"",""source_relation_key"":""mapping:SHOULDER:NRS_1_3:REX-000029:REX-000046:DISCOMFORT"",""source_target_muscle_code"":""BACK""}",DETERMINISTIC_POLICY_V2_0_2,DATA_REVIEW_PIPELINE,DOMAIN_APPROVED,false,USER_DIRECT_REVIEW_2026_08_29,COMPLETED
ALT-LEGACY-8a7046f8e93bbad2,121,exercise-catalog-v2.0.2-draft|d2ff054350b7904b3cb99affb6e656a4a30acba82f81d889a98951928aeb725f|mapping:LOWER_BACK:NRS_4_6:REX-000033:REX-000016:DISCOMFORT,DISCOMFORT,ACTIVE_RECOVERY,,exercise_ball_hip_flexor_stretch_mobility_stretch_stability_ball,exercise_ball_hip_flexor_stretch_mobility_stretch_stability_ball,REX-000033,REPRESENTATIVE,짐볼 고관절 스트레칭,MOBILITY_STRETCH,"[""HIP""]","[""LOWER_BACK""]","[""STABILITY_BALL""]","[""GYM""]",INTERMEDIATE,bodyweight_standing_calf_raise_isolation_bodyweight,bodyweight_standing_calf_raise_isolation_bodyweight,REX-000016,REPRESENTATIVE,스탠딩 카프 레이즈,ISOLATION,"[""ANKLE_FOOT""]","[""KNEE""]","[""BODYWEIGHT""]","[""HOME"",""GYM""]",BEGINNER,LEGACY_ALTERNATIVE,LOWER_BACK,NRS_4_6,4,6,MODERATE,SKIP_AFFECTED_AREA,PAIN_AREA_INVOLVEMENT_IN_SOURCE_MOVEMENT,"{""discomfort_area_code"":""LOWER_BACK"",""source_body_area_codes"":[""HIP"",""LOWER_BACK""],""source_equipment_codes"":[""STABILITY_BALL""],""source_primary_movement_pattern_code"":""MOBILITY_STRETCH""}",true,TARGET_EXCLUDES_DISCOMFORT_AREA,false,true,false,false,false,,A_TO_B,PASS_SOURCE_LOADS_AREA_TARGET_EXCLUDES_AREA,KEEP,RETAIN_DISCOMFORT_ALTERNATIVE,,,,LOWER_BACK_CONDITIONALLY_RETAINED,"[""NEUTRAL_SPINE_REQUIRED"",""NO_CORE_OR_HIP_DOMINANT_TARGET_AT_RUNTIME"",""REDUCED_VOLUME_AND_LOAD"",""STOP_IF_LOWER_BACK_DISCOMFORT_INCREASES""]",normalized/v2_discomfort_alternative_mapping.csv,DOMAIN_REVIEWER,2026-08-24T00:00:00+09:00,DOMAIN_REVIEWER,DOMAIN_APPROVED,exercise-catalog-v2.0.2-draft,d2ff054350b7904b3cb99affb6e656a4a30acba82f81d889a98951928aeb725f,mapping:LOWER_BACK:NRS_4_6:REX-000033:REX-000016:DISCOMFORT,"{""alternative_target_muscle_code"":""CALVES"",""body_area_code"":""LOWER_BACK"",""materialization_version"":""v2-representative-decisions-2026-08-24"",""score_band_code"":""NRS_4_6"",""selection_basis"":""DOMAIN_APPROVED_SCORE_BAND_AND_TARGET_MUSCLE_POLICY"",""source_path"":""normalized/v2_discomfort_alternative_mapping.csv"",""source_relation_key"":""mapping:LOWER_BACK:NRS_4_6:REX-000033:REX-000016:DISCOMFORT"",""source_target_muscle_code"":""MOBILITY""}",DETERMINISTIC_POLICY_V2_0_2,DATA_REVIEW_PIPELINE,DOMAIN_APPROVED,false,USER_DIRECT_REVIEW_2026_08_29,COMPLETED
ALT-LEGACY-43fe4b90564a3fb0,122,exercise-catalog-v2.0.2-draft|d2ff054350b7904b3cb99affb6e656a4a30acba82f81d889a98951928aeb725f|NEX-000133:NEX-000126:CONSTRAINT,EQUIPMENT,MOBILITY_GLUTE,CONSTRAINT,exercise_ball_hip_flexor_stretch_mobility_stretch_stability_ball,exercise_ball_hip_flexor_stretch_mobility_stretch_stability_ball,REX-000033,REPRESENTATIVE,짐볼 고관절 스트레칭,MOBILITY_STRETCH,"[""HIP""]","[""LOWER_BACK""]","[""STABILITY_BALL""]","[""GYM""]",INTERMEDIATE,seated_glute_stretch_mobility_stretch_bodyweight,seated_glute_stretch_mobility_stretch_bodyweight,REX-000082,REPRESENTATIVE,앉아서 둔근 스트레칭,MOBILITY_STRETCH,"[""HIP""]","[""KNEE""]","[""BODYWEIGHT""]","[""HOME"",""GYM""]",BEGINNER,LEGACY_ALTERNATIVE,,,,,,,PAIN_AREA_INVOLVEMENT_IN_SOURCE_MOVEMENT,"{""discomfort_area_code"":"""",""source_body_area_codes"":[""HIP"",""LOWER_BACK""],""source_equipment_codes"":[""STABILITY_BALL""],""source_primary_movement_pattern_code"":""MOBILITY_STRETCH""}",false,TARGET_EXCLUDES_DISCOMFORT_AREA,false,true,false,true,false,,A_TO_B,NOT_APPLICABLE,REMOVE_RECLASSIFY,REMOVE_FROM_ALTERNATIVE_SET,RECLASSIFY_VARIANT,NO_DISCOMFORT_CONDITION,통증·불편 조건이 없는 관계이므로 Alternative에서 제거하고 다른 관계 체계로 보낸다.,,[],generated/exercise-alternatives-v0.3.0/alternative_relationships.csv,DOMAIN_REVIEWER,2026-08-24T00:00:00+09:00,DOMAIN_REVIEWER,DOMAIN_APPROVED,exercise-catalog-v2.0.2-draft,d2ff054350b7904b3cb99affb6e656a4a30acba82f81d889a98951928aeb725f,NEX-000133:NEX-000126:CONSTRAINT,"{""legacy_relationship_type"":""CONSTRAINT"",""materialization_version"":""v2-representative-decisions-2026-08-24"",""selection_basis"":""REX_ENDPOINT_AND_V2_CATALOG_RECHECK"",""source_path"":""generated/exercise-alternatives-v0.3.0/alternative_relationships.csv"",""source_relation_key"":""NEX-000133:NEX-000126:CONSTRAINT""}",DETERMINISTIC_POLICY_V2_0_2,DATA_REVIEW_PIPELINE,DOMAIN_APPROVED,false,USER_DIRECT_REVIEW_2026_08_29,COMPLETED
ALT-LEGACY-db45fa9ed9fa3756,123,exercise-catalog-v2.0.2-draft|d2ff054350b7904b3cb99affb6e656a4a30acba82f81d889a98951928aeb725f|NEX-000133:NEX-000157:CONSTRAINT,EQUIPMENT,MOBILITY_GLUTE,CONSTRAINT,exercise_ball_hip_flexor_stretch_mobility_stretch_stability_ball,exercise_ball_hip_flexor_stretch_mobility_stretch_stability_ball,REX-000033,REPRESENTATIVE,짐볼 고관절 스트레칭,MOBILITY_STRETCH,"[""HIP""]","[""LOWER_BACK""]","[""STABILITY_BALL""]","[""GYM""]",INTERMEDIATE,seated_piriformis_stretch_mobility_stretch_bodyweight,seated_piriformis_stretch_mobility_stretch_bodyweight,REX-000085,REPRESENTATIVE,앉아서 이상근 스트레칭,MOBILITY_STRETCH,"[""HIP""]","[""KNEE""]","[""BODYWEIGHT""]","[""HOME"",""GYM""]",BEGINNER,LEGACY_ALTERNATIVE,,,,,,,PAIN_AREA_INVOLVEMENT_IN_SOURCE_MOVEMENT,"{""discomfort_area_code"":"""",""source_body_area_codes"":[""HIP"",""LOWER_BACK""],""source_equipment_codes"":[""STABILITY_BALL""],""source_primary_movement_pattern_code"":""MOBILITY_STRETCH""}",false,TARGET_EXCLUDES_DISCOMFORT_AREA,false,true,false,true,false,,A_TO_B,NOT_APPLICABLE,REMOVE_RECLASSIFY,REMOVE_FROM_ALTERNATIVE_SET,RECLASSIFY_VARIANT,NO_DISCOMFORT_CONDITION,통증·불편 조건이 없는 관계이므로 Alternative에서 제거하고 다른 관계 체계로 보낸다.,,[],generated/exercise-alternatives-v0.3.0/alternative_relationships.csv,DOMAIN_REVIEWER,2026-08-24T00:00:00+09:00,DOMAIN_REVIEWER,DOMAIN_APPROVED,exercise-catalog-v2.0.2-draft,d2ff054350b7904b3cb99affb6e656a4a30acba82f81d889a98951928aeb725f,NEX-000133:NEX-000157:CONSTRAINT,"{""legacy_relationship_type"":""CONSTRAINT"",""materialization_version"":""v2-representative-decisions-2026-08-24"",""selection_basis"":""REX_ENDPOINT_AND_V2_CATALOG_RECHECK"",""source_path"":""generated/exercise-alternatives-v0.3.0/alternative_relationships.csv"",""source_relation_key"":""NEX-000133:NEX-000157:CONSTRAINT""}",DETERMINISTIC_POLICY_V2_0_2,DATA_REVIEW_PIPELINE,DOMAIN_APPROVED,false,USER_DIRECT_REVIEW_2026_08_29,COMPLETED
ALT-LEGACY-93bf9392decb6497,137,exercise-catalog-v2.0.2-draft|d2ff054350b7904b3cb99affb6e656a4a30acba82f81d889a98951928aeb725f|NEX-000134:NEX-000132:CONSTRAINT,EQUIPMENT,MOBILITY_QUAD,CONSTRAINT,hip_flexor_quadriceps_stretch_mobility_stretch_stretch_strap,hip_flexor_quadriceps_stretch_mobility_stretch_stretch_strap,REX-000036,REPRESENTATIVE,고관절 굴근·대퇴사두근 스트레칭,MOBILITY_STRETCH,"[""KNEE""]","[""HIP""]","[""STRETCH_STRAP""]","[""GYM""]",INTERMEDIATE,chair_leg_extended_stretch_mobility_stretch_bodyweight,chair_leg_extended_stretch_mobility_stretch_bodyweight,REX-000020,REPRESENTATIVE,시티드 레그 익스텐션 스트레칭,MOBILITY_STRETCH,"[""KNEE""]","[""HIP""]","[""BODYWEIGHT""]","[""HOME"",""GYM""]",BEGINNER,LEGACY_ALTERNATIVE,,,,,,,PAIN_AREA_INVOLVEMENT_IN_SOURCE_MOVEMENT,"{""discomfort_area_code"":"""",""source_body_area_codes"":[""HIP"",""KNEE""],""source_equipment_codes"":[""STRETCH_STRAP""],""source_primary_movement_pattern_code"":""MOBILITY_STRETCH""}",false,TARGET_EXCLUDES_DISCOMFORT_AREA,false,true,false,true,false,,A_TO_B,NOT_APPLICABLE,REMOVE_RECLASSIFY,REMOVE_FROM_ALTERNATIVE_SET,RECLASSIFY_VARIANT,NO_DISCOMFORT_CONDITION,통증·불편 조건이 없는 관계이므로 Alternative에서 제거하고 다른 관계 체계로 보낸다.,,[],generated/exercise-alternatives-v0.3.0/alternative_relationships.csv,DOMAIN_REVIEWER,2026-08-24T00:00:00+09:00,DOMAIN_REVIEWER,DOMAIN_APPROVED,exercise-catalog-v2.0.2-draft,d2ff054350b7904b3cb99affb6e656a4a30acba82f81d889a98951928aeb725f,NEX-000134:NEX-000132:CONSTRAINT,"{""legacy_relationship_type"":""CONSTRAINT"",""materialization_version"":""v2-representative-decisions-2026-08-24"",""selection_basis"":""REX_ENDPOINT_AND_V2_CATALOG_RECHECK"",""source_path"":""generated/exercise-alternatives-v0.3.0/alternative_relationships.csv"",""source_relation_key"":""NEX-000134:NEX-000132:CONSTRAINT""}",DETERMINISTIC_POLICY_V2_0_2,DATA_REVIEW_PIPELINE,DOMAIN_APPROVED,false,USER_DIRECT_REVIEW_2026_08_29,COMPLETED
ALT-LEGACY-92fb544ec1f8ec1a,138,exercise-catalog-v2.0.2-draft|d2ff054350b7904b3cb99affb6e656a4a30acba82f81d889a98951928aeb725f|NEX-000134:NEX-000072:INTENSITY,EQUIPMENT,MOBILITY_QUAD,INTENSITY,hip_flexor_quadriceps_stretch_mobility_stretch_stretch_strap,hip_flexor_quadriceps_stretch_mobility_stretch_stretch_strap,REX-000036,REPRESENTATIVE,고관절 굴근·대퇴사두근 스트레칭,MOBILITY_STRETCH,"[""KNEE""]","[""HIP""]","[""STRETCH_STRAP""]","[""GYM""]",INTERMEDIATE,side_lying_quadriceps_stretch_mobility_stretch_bodyweight,side_lying_quadriceps_stretch_mobility_stretch_bodyweight,REX-000088,REPRESENTATIVE,옆으로 누워 대퇴사두근 스트레칭,MOBILITY_STRETCH,"[""KNEE""]","[""HIP""]","[""BODYWEIGHT""]","[""HOME"",""GYM""]",BEGINNER,LEGACY_ALTERNATIVE,,,,,,,PAIN_AREA_INVOLVEMENT_IN_SOURCE_MOVEMENT,"{""discomfort_area_code"":"""",""source_body_area_codes"":[""HIP"",""KNEE""],""source_equipment_codes"":[""STRETCH_STRAP""],""source_primary_movement_pattern_code"":""MOBILITY_STRETCH""}",false,TARGET_EXCLUDES_DISCOMFORT_AREA,false,true,false,true,false,,A_TO_B,NOT_APPLICABLE,REMOVE_RECLASSIFY,REMOVE_FROM_ALTERNATIVE_SET,RECLASSIFY_VARIANT,NO_DISCOMFORT_CONDITION,통증·불편 조건이 없는 관계이므로 Alternative에서 제거하고 다른 관계 체계로 보낸다.,,[],generated/exercise-alternatives-v0.3.0/alternative_relationships.csv,DOMAIN_REVIEWER,2026-08-24T00:00:00+09:00,DOMAIN_REVIEWER,DOMAIN_APPROVED,exercise-catalog-v2.0.2-draft,d2ff054350b7904b3cb99affb6e656a4a30acba82f81d889a98951928aeb725f,NEX-000134:NEX-000072:INTENSITY,"{""legacy_relationship_type"":""INTENSITY"",""materialization_version"":""v2-representative-decisions-2026-08-24"",""selection_basis"":""REX_ENDPOINT_AND_V2_CATALOG_RECHECK"",""source_path"":""generated/exercise-alternatives-v0.3.0/alternative_relationships.csv"",""source_relation_key"":""NEX-000134:NEX-000072:INTENSITY""}",DETERMINISTIC_POLICY_V2_0_2,DATA_REVIEW_PIPELINE,DOMAIN_APPROVED,false,USER_DIRECT_REVIEW_2026_08_29,COMPLETED
ALT-LEGACY-32ca43b5e598fec1,180,exercise-catalog-v2.0.2-draft|d2ff054350b7904b3cb99affb6e656a4a30acba82f81d889a98951928aeb725f|NEX-000123:NEX-000124:CONSTRAINT,EQUIPMENT,MOBILITY_CALF,CONSTRAINT,peroneal_stretch_mobility_stretch_stretch_strap,peroneal_stretch_mobility_stretch_stretch_strap,REX-000050,REPRESENTATIVE,종아리 바깥쪽 스트레칭,MOBILITY_STRETCH,"[""ANKLE_FOOT""]","[""KNEE""]","[""STRETCH_STRAP""]","[""GYM""]",INTERMEDIATE,seated_calf_stretch_mobility_stretch_bodyweight,seated_calf_stretch_mobility_stretch_bodyweight,REX-000081,REPRESENTATIVE,앉아서 종아리 스트레칭,MOBILITY_STRETCH,"[""ANKLE_FOOT""]","[""KNEE""]","[""BODYWEIGHT""]","[""HOME"",""GYM""]",BEGINNER,LEGACY_ALTERNATIVE,,,,,,,PAIN_AREA_INVOLVEMENT_IN_SOURCE_MOVEMENT,"{""discomfort_area_code"":"""",""source_body_area_codes"":[""ANKLE_FOOT"",""KNEE""],""source_equipment_codes"":[""STRETCH_STRAP""],""source_primary_movement_pattern_code"":""MOBILITY_STRETCH""}",false,TARGET_EXCLUDES_DISCOMFORT_AREA,false,true,false,true,false,,A_TO_B,NOT_APPLICABLE,REMOVE_RECLASSIFY,REMOVE_FROM_ALTERNATIVE_SET,RECLASSIFY_VARIANT,NO_DISCOMFORT_CONDITION,통증·불편 조건이 없는 관계이므로 Alternative에서 제거하고 다른 관계 체계로 보낸다.,,[],generated/exercise-alternatives-v0.3.0/alternative_relationships.csv,DOMAIN_REVIEWER,2026-08-24T00:00:00+09:00,DOMAIN_REVIEWER,DOMAIN_APPROVED,exercise-catalog-v2.0.2-draft,d2ff054350b7904b3cb99affb6e656a4a30acba82f81d889a98951928aeb725f,NEX-000123:NEX-000124:CONSTRAINT,"{""legacy_relationship_type"":""CONSTRAINT"",""materialization_version"":""v2-representative-decisions-2026-08-24"",""selection_basis"":""REX_ENDPOINT_AND_V2_CATALOG_RECHECK"",""source_path"":""generated/exercise-alternatives-v0.3.0/alternative_relationships.csv"",""source_relation_key"":""NEX-000123:NEX-000124:CONSTRAINT""}",DETERMINISTIC_POLICY_V2_0_2,DATA_REVIEW_PIPELINE,DOMAIN_APPROVED,false,USER_DIRECT_REVIEW_2026_08_29,COMPLETED
ALT-LEGACY-7f2e39f49c8d449b,181,exercise-catalog-v2.0.2-draft|d2ff054350b7904b3cb99affb6e656a4a30acba82f81d889a98951928aeb725f|NEX-000123:NEX-000119:CONSTRAINT,EQUIPMENT,MOBILITY_CALF,CONSTRAINT,peroneal_stretch_mobility_stretch_stretch_strap,peroneal_stretch_mobility_stretch_stretch_strap,REX-000050,REPRESENTATIVE,종아리 바깥쪽 스트레칭,MOBILITY_STRETCH,"[""ANKLE_FOOT""]","[""KNEE""]","[""STRETCH_STRAP""]","[""GYM""]",INTERMEDIATE,wall_calf_stretch_mobility_stretch_bodyweight,wall_calf_stretch_mobility_stretch_bodyweight,REX-000099,REPRESENTATIVE,벽 짚고 종아리 스트레칭,MOBILITY_STRETCH,"[""ANKLE_FOOT""]","[""KNEE""]","[""BODYWEIGHT""]","[""HOME"",""GYM""]",BEGINNER,LEGACY_ALTERNATIVE,,,,,,,PAIN_AREA_INVOLVEMENT_IN_SOURCE_MOVEMENT,"{""discomfort_area_code"":"""",""source_body_area_codes"":[""ANKLE_FOOT"",""KNEE""],""source_equipment_codes"":[""STRETCH_STRAP""],""source_primary_movement_pattern_code"":""MOBILITY_STRETCH""}",false,TARGET_EXCLUDES_DISCOMFORT_AREA,false,true,false,true,false,,A_TO_B,NOT_APPLICABLE,REMOVE_RECLASSIFY,REMOVE_FROM_ALTERNATIVE_SET,RECLASSIFY_VARIANT,NO_DISCOMFORT_CONDITION,통증·불편 조건이 없는 관계이므로 Alternative에서 제거하고 다른 관계 체계로 보낸다.,,[],generated/exercise-alternatives-v0.3.0/alternative_relationships.csv,DOMAIN_REVIEWER,2026-08-24T00:00:00+09:00,DOMAIN_REVIEWER,DOMAIN_APPROVED,exercise-catalog-v2.0.2-draft,d2ff054350b7904b3cb99affb6e656a4a30acba82f81d889a98951928aeb725f,NEX-000123:NEX-000119:CONSTRAINT,"{""legacy_relationship_type"":""CONSTRAINT"",""materialization_version"":""v2-representative-decisions-2026-08-24"",""selection_basis"":""REX_ENDPOINT_AND_V2_CATALOG_RECHECK"",""source_path"":""generated/exercise-alternatives-v0.3.0/alternative_relationships.csv"",""source_relation_key"":""NEX-000123:NEX-000119:CONSTRAINT""}",DETERMINISTIC_POLICY_V2_0_2,DATA_REVIEW_PIPELINE,DOMAIN_APPROVED,false,USER_DIRECT_REVIEW_2026_08_29,COMPLETED
ALT-LEGACY-ce7963556d2264e2,189,exercise-catalog-v2.0.2-draft|d2ff054350b7904b3cb99affb6e656a4a30acba82f81d889a98951928aeb725f|mapping:ANKLE_FOOT:NRS_1_3:REX-000054:REX-000016:DISCOMFORT,DISCOMFORT,SAME_GOAL,,reverse_calf_raise_isolation_resistance_band,reverse_calf_raise_isolation_resistance_band,REX-000054,REPRESENTATIVE,리버스 카프 레이즈,ISOLATION,"[""ANKLE_FOOT""]","[""KNEE""]","[""RESISTANCE_BAND""]","[""HOME"",""GYM""]",INTERMEDIATE,bodyweight_standing_calf_raise_isolation_bodyweight,bodyweight_standing_calf_raise_isolation_bodyweight,REX-000016,REPRESENTATIVE,스탠딩 카프 레이즈,ISOLATION,"[""ANKLE_FOOT""]","[""KNEE""]","[""BODYWEIGHT""]","[""HOME"",""GYM""]",BEGINNER,LEGACY_ALTERNATIVE,ANKLE_FOOT,NRS_1_3,1,3,MILD,LOAD_REDUCED,PAIN_AREA_INVOLVEMENT_IN_SOURCE_MOVEMENT,"{""discomfort_area_code"":""ANKLE_FOOT"",""source_body_area_codes"":[""ANKLE_FOOT"",""KNEE""],""source_equipment_codes"":[""RESISTANCE_BAND""],""source_primary_movement_pattern_code"":""ISOLATION""}",true,UNCONFIRMED,true,true,false,true,false,,A_TO_B,NOT_APPLICABLE,REMOVE_RECLASSIFY,REMOVE_UNSAFE_SAME_AREA_TARGET,REMOVE_TARGET_RETAINS_DISCOMFORT_AREA,TARGET_RETAINS_DISCOMFORT_AREA,NRS 점수가 1~3인 경미한 조건이어도 target이 보고된 불편 부위를 포함하므로 동일 부담·위험을 남길 수 있어 Alternative에서 삭제한다.,,[],normalized/v2_discomfort_alternative_mapping.csv,DOMAIN_REVIEWER,2026-08-24T00:00:00+09:00,DOMAIN_REVIEWER,DOMAIN_APPROVED,exercise-catalog-v2.0.2-draft,d2ff054350b7904b3cb99affb6e656a4a30acba82f81d889a98951928aeb725f,mapping:ANKLE_FOOT:NRS_1_3:REX-000054:REX-000016:DISCOMFORT,"{""alternative_target_muscle_code"":""CALVES"",""body_area_code"":""ANKLE_FOOT"",""materialization_version"":""v2-representative-decisions-2026-08-24"",""score_band_code"":""NRS_1_3"",""selection_basis"":""DOMAIN_APPROVED_SCORE_BAND_AND_TARGET_MUSCLE_POLICY"",""source_path"":""normalized/v2_discomfort_alternative_mapping.csv"",""source_relation_key"":""mapping:ANKLE_FOOT:NRS_1_3:REX-000054:REX-000016:DISCOMFORT"",""source_target_muscle_code"":""CALVES""}",DETERMINISTIC_POLICY_V2_0_2,DATA_REVIEW_PIPELINE,DOMAIN_APPROVED,false,USER_DIRECT_REVIEW_2026_08_29,COMPLETED
ALT-LEGACY-50e684b6519c2994,190,exercise-catalog-v2.0.2-draft|d2ff054350b7904b3cb99affb6e656a4a30acba82f81d889a98951928aeb725f|NEX-000085:NEX-000058:CONSTRAINT,EQUIPMENT,ISOLATION_CALF_RAISE,CONSTRAINT,reverse_calf_raise_isolation_resistance_band,reverse_calf_raise_isolation_resistance_band,REX-000054,REPRESENTATIVE,리버스 카프 레이즈,ISOLATION,"[""ANKLE_FOOT""]","[""KNEE""]","[""RESISTANCE_BAND""]","[""HOME"",""GYM""]",INTERMEDIATE,bodyweight_standing_calf_raise_isolation_bodyweight,bodyweight_standing_calf_raise_isolation_bodyweight,REX-000016,REPRESENTATIVE,스탠딩 카프 레이즈,ISOLATION,"[""ANKLE_FOOT""]","[""KNEE""]","[""BODYWEIGHT""]","[""HOME"",""GYM""]",BEGINNER,LEGACY_ALTERNATIVE,,,,,,,PAIN_AREA_INVOLVEMENT_IN_SOURCE_MOVEMENT,"{""discomfort_area_code"":"""",""source_body_area_codes"":[""ANKLE_FOOT"",""KNEE""],""source_equipment_codes"":[""RESISTANCE_BAND""],""source_primary_movement_pattern_code"":""ISOLATION""}",false,TARGET_EXCLUDES_DISCOMFORT_AREA,false,true,false,true,false,,A_TO_B,NOT_APPLICABLE,REMOVE_RECLASSIFY,REMOVE_FROM_ALTERNATIVE_SET,RECLASSIFY_VARIANT,NO_DISCOMFORT_CONDITION,통증·불편 조건이 없는 관계이므로 Alternative에서 제거하고 다른 관계 체계로 보낸다.,,[],generated/exercise-alternatives-v0.3.0/alternative_relationships.csv,DOMAIN_REVIEWER,2026-08-24T00:00:00+09:00,DOMAIN_REVIEWER,DOMAIN_APPROVED,exercise-catalog-v2.0.2-draft,d2ff054350b7904b3cb99affb6e656a4a30acba82f81d889a98951928aeb725f,NEX-000085:NEX-000058:CONSTRAINT,"{""legacy_relationship_type"":""CONSTRAINT"",""materialization_version"":""v2-representative-decisions-2026-08-24"",""selection_basis"":""REX_ENDPOINT_AND_V2_CATALOG_RECHECK"",""source_path"":""generated/exercise-alternatives-v0.3.0/alternative_relationships.csv"",""source_relation_key"":""NEX-000085:NEX-000058:CONSTRAINT""}",DETERMINISTIC_POLICY_V2_0_2,DATA_REVIEW_PIPELINE,DOMAIN_APPROVED,false,USER_DIRECT_REVIEW_2026_08_29,COMPLETED
ALT-LEGACY-7efe2473847b0d59,191,exercise-catalog-v2.0.2-draft|d2ff054350b7904b3cb99affb6e656a4a30acba82f81d889a98951928aeb725f|NEX-000085:NEX-000120:CONSTRAINT,LOCATION,ISOLATION_CALF_RAISE,CONSTRAINT,reverse_calf_raise_isolation_resistance_band,reverse_calf_raise_isolation_resistance_band,REX-000054,REPRESENTATIVE,리버스 카프 레이즈,ISOLATION,"[""ANKLE_FOOT""]","[""KNEE""]","[""RESISTANCE_BAND""]","[""HOME"",""GYM""]",INTERMEDIATE,seated_calf_raise_isolation_barbell,seated_calf_raise_isolation_barbell,REX-000080,REPRESENTATIVE,시티드 카프 레이즈,ISOLATION,"[""ANKLE_FOOT""]","[""KNEE""]","[""BARBELL""]","[""GYM""]",BEGINNER,LEGACY_ALTERNATIVE,,,,,,,PAIN_AREA_INVOLVEMENT_IN_SOURCE_MOVEMENT,"{""discomfort_area_code"":"""",""source_body_area_codes"":[""ANKLE_FOOT"",""KNEE""],""source_equipment_codes"":[""RESISTANCE_BAND""],""source_primary_movement_pattern_code"":""ISOLATION""}",false,TARGET_EXCLUDES_DISCOMFORT_AREA,false,true,false,true,false,,A_TO_B,NOT_APPLICABLE,REMOVE_RECLASSIFY,REMOVE_FROM_ALTERNATIVE_SET,RECLASSIFY_CONTEXT_DEFAULT,NO_DISCOMFORT_CONDITION,통증·불편 조건이 없는 관계이므로 Alternative에서 제거하고 다른 관계 체계로 보낸다.,,[],generated/exercise-alternatives-v0.3.0/alternative_relationships.csv,DOMAIN_REVIEWER,2026-08-24T00:00:00+09:00,DOMAIN_REVIEWER,DOMAIN_APPROVED,exercise-catalog-v2.0.2-draft,d2ff054350b7904b3cb99affb6e656a4a30acba82f81d889a98951928aeb725f,NEX-000085:NEX-000120:CONSTRAINT,"{""legacy_relationship_type"":""CONSTRAINT"",""materialization_version"":""v2-representative-decisions-2026-08-24"",""selection_basis"":""REX_ENDPOINT_AND_V2_CATALOG_RECHECK"",""source_path"":""generated/exercise-alternatives-v0.3.0/alternative_relationships.csv"",""source_relation_key"":""NEX-000085:NEX-000120:CONSTRAINT""}",DETERMINISTIC_POLICY_V2_0_2,DATA_REVIEW_PIPELINE,DOMAIN_APPROVED,false,USER_DIRECT_REVIEW_2026_08_29,COMPLETED
ALT-LEGACY-c95418deea7b0e61,198,exercise-catalog-v2.0.2-draft|d2ff054350b7904b3cb99affb6e656a4a30acba82f81d889a98951928aeb725f|mapping:LOWER_BACK:NRS_4_6:REX-000073:REX-000016:DISCOMFORT,DISCOMFORT,ACTIVE_RECOVERY,,roller_back_stretch_mobility_stretch_foam_roller,roller_back_stretch_mobility_stretch_foam_roller,REX-000073,REPRESENTATIVE,롤러 등 스트레칭,MOBILITY_STRETCH,"[""UPPER_BACK""]","[""LOWER_BACK""]","[""FOAM_ROLLER""]","[""HOME"",""GYM""]",INTERMEDIATE,bodyweight_standing_calf_raise_isolation_bodyweight,bodyweight_standing_calf_raise_isolation_bodyweight,REX-000016,REPRESENTATIVE,스탠딩 카프 레이즈,ISOLATION,"[""ANKLE_FOOT""]","[""KNEE""]","[""BODYWEIGHT""]","[""HOME"",""GYM""]",BEGINNER,LEGACY_ALTERNATIVE,LOWER_BACK,NRS_4_6,4,6,MODERATE,SKIP_AFFECTED_AREA,PAIN_AREA_INVOLVEMENT_IN_SOURCE_MOVEMENT,"{""discomfort_area_code"":""LOWER_BACK"",""source_body_area_codes"":[""LOWER_BACK"",""UPPER_BACK""],""source_equipment_codes"":[""FOAM_ROLLER""],""source_primary_movement_pattern_code"":""MOBILITY_STRETCH""}",true,TARGET_EXCLUDES_DISCOMFORT_AREA,false,true,false,false,false,,A_TO_B,PASS_SOURCE_LOADS_AREA_TARGET_EXCLUDES_AREA,KEEP,RETAIN_DISCOMFORT_ALTERNATIVE,,,,LOWER_BACK_CONDITIONALLY_RETAINED,"[""NEUTRAL_SPINE_REQUIRED"",""NO_CORE_OR_HIP_DOMINANT_TARGET_AT_RUNTIME"",""REDUCED_VOLUME_AND_LOAD"",""STOP_IF_LOWER_BACK_DISCOMFORT_INCREASES""]",normalized/v2_discomfort_alternative_mapping.csv,DOMAIN_REVIEWER,2026-08-24T00:00:00+09:00,DOMAIN_REVIEWER,DOMAIN_APPROVED,exercise-catalog-v2.0.2-draft,d2ff054350b7904b3cb99affb6e656a4a30acba82f81d889a98951928aeb725f,mapping:LOWER_BACK:NRS_4_6:REX-000073:REX-000016:DISCOMFORT,"{""alternative_target_muscle_code"":""CALVES"",""body_area_code"":""LOWER_BACK"",""materialization_version"":""v2-representative-decisions-2026-08-24"",""score_band_code"":""NRS_4_6"",""selection_basis"":""DOMAIN_APPROVED_SCORE_BAND_AND_TARGET_MUSCLE_POLICY"",""source_path"":""normalized/v2_discomfort_alternative_mapping.csv"",""source_relation_key"":""mapping:LOWER_BACK:NRS_4_6:REX-000073:REX-000016:DISCOMFORT"",""source_target_muscle_code"":""MOBILITY""}",DETERMINISTIC_POLICY_V2_0_2,DATA_REVIEW_PIPELINE,DOMAIN_APPROVED,false,USER_DIRECT_REVIEW_2026_08_29,COMPLETED
ALT-LEGACY-a24cfee49149a887,199,exercise-catalog-v2.0.2-draft|d2ff054350b7904b3cb99affb6e656a4a30acba82f81d889a98951928aeb725f|NEX-000147:NEX-000114:CONSTRAINT,EQUIPMENT,MOBILITY_SPINE,CONSTRAINT,roller_back_stretch_mobility_stretch_foam_roller,roller_back_stretch_mobility_stretch_foam_roller,REX-000073,REPRESENTATIVE,롤러 등 스트레칭,MOBILITY_STRETCH,"[""UPPER_BACK""]","[""LOWER_BACK""]","[""FOAM_ROLLER""]","[""HOME"",""GYM""]",INTERMEDIATE,spine_stretch_mobility_stretch_bodyweight,spine_stretch_mobility_stretch_bodyweight,REX-000091,REPRESENTATIVE,척추 스트레칭,MOBILITY_STRETCH,"[""UPPER_BACK"",""LOWER_BACK""]","[""ABDOMEN""]","[""BODYWEIGHT""]","[""HOME"",""GYM""]",BEGINNER,LEGACY_ALTERNATIVE,,,,,,,PAIN_AREA_INVOLVEMENT_IN_SOURCE_MOVEMENT,"{""discomfort_area_code"":"""",""source_body_area_codes"":[""LOWER_BACK"",""UPPER_BACK""],""source_equipment_codes"":[""FOAM_ROLLER""],""source_primary_movement_pattern_code"":""MOBILITY_STRETCH""}",false,TARGET_EXCLUDES_DISCOMFORT_AREA,false,true,false,true,false,,A_TO_B,NOT_APPLICABLE,REMOVE_RECLASSIFY,REMOVE_FROM_ALTERNATIVE_SET,RECLASSIFY_VARIANT,NO_DISCOMFORT_CONDITION,통증·불편 조건이 없는 관계이므로 Alternative에서 제거하고 다른 관계 체계로 보낸다.,,[],generated/exercise-alternatives-v0.3.0/alternative_relationships.csv,DOMAIN_REVIEWER,2026-08-24T00:00:00+09:00,DOMAIN_REVIEWER,DOMAIN_APPROVED,exercise-catalog-v2.0.2-draft,d2ff054350b7904b3cb99affb6e656a4a30acba82f81d889a98951928aeb725f,NEX-000147:NEX-000114:CONSTRAINT,"{""legacy_relationship_type"":""CONSTRAINT"",""materialization_version"":""v2-representative-decisions-2026-08-24"",""selection_basis"":""REX_ENDPOINT_AND_V2_CATALOG_RECHECK"",""source_path"":""generated/exercise-alternatives-v0.3.0/alternative_relationships.csv"",""source_relation_key"":""NEX-000147:NEX-000114:CONSTRAINT""}",DETERMINISTIC_POLICY_V2_0_2,DATA_REVIEW_PIPELINE,DOMAIN_APPROVED,false,USER_DIRECT_REVIEW_2026_08_29,COMPLETED
ALT-LEGACY-0f25d8df06b2bc04,202,exercise-catalog-v2.0.2-draft|d2ff054350b7904b3cb99affb6e656a4a30acba82f81d889a98951928aeb725f|mapping:LOWER_BACK:NRS_4_6:REX-000074:REX-000016:DISCOMFORT,DISCOMFORT,ACTIVE_RECOVERY,,roller_hip_stretch_mobility_stretch_foam_roller,roller_hip_stretch_mobility_stretch_foam_roller,REX-000074,REPRESENTATIVE,롤러 둔근 스트레칭,MOBILITY_STRETCH,"[""HIP""]","[""LOWER_BACK""]","[""FOAM_ROLLER""]","[""HOME"",""GYM""]",INTERMEDIATE,bodyweight_standing_calf_raise_isolation_bodyweight,bodyweight_standing_calf_raise_isolation_bodyweight,REX-000016,REPRESENTATIVE,스탠딩 카프 레이즈,ISOLATION,"[""ANKLE_FOOT""]","[""KNEE""]","[""BODYWEIGHT""]","[""HOME"",""GYM""]",BEGINNER,LEGACY_ALTERNATIVE,LOWER_BACK,NRS_4_6,4,6,MODERATE,SKIP_AFFECTED_AREA,PAIN_AREA_INVOLVEMENT_IN_SOURCE_MOVEMENT,"{""discomfort_area_code"":""LOWER_BACK"",""source_body_area_codes"":[""HIP"",""LOWER_BACK""],""source_equipment_codes"":[""FOAM_ROLLER""],""source_primary_movement_pattern_code"":""MOBILITY_STRETCH""}",true,TARGET_EXCLUDES_DISCOMFORT_AREA,false,true,false,false,false,,A_TO_B,PASS_SOURCE_LOADS_AREA_TARGET_EXCLUDES_AREA,KEEP,RETAIN_DISCOMFORT_ALTERNATIVE,,,,LOWER_BACK_CONDITIONALLY_RETAINED,"[""NEUTRAL_SPINE_REQUIRED"",""NO_CORE_OR_HIP_DOMINANT_TARGET_AT_RUNTIME"",""REDUCED_VOLUME_AND_LOAD"",""STOP_IF_LOWER_BACK_DISCOMFORT_INCREASES""]",normalized/v2_discomfort_alternative_mapping.csv,DOMAIN_REVIEWER,2026-08-24T00:00:00+09:00,DOMAIN_REVIEWER,DOMAIN_APPROVED,exercise-catalog-v2.0.2-draft,d2ff054350b7904b3cb99affb6e656a4a30acba82f81d889a98951928aeb725f,mapping:LOWER_BACK:NRS_4_6:REX-000074:REX-000016:DISCOMFORT,"{""alternative_target_muscle_code"":""CALVES"",""body_area_code"":""LOWER_BACK"",""materialization_version"":""v2-representative-decisions-2026-08-24"",""score_band_code"":""NRS_4_6"",""selection_basis"":""DOMAIN_APPROVED_SCORE_BAND_AND_TARGET_MUSCLE_POLICY"",""source_path"":""normalized/v2_discomfort_alternative_mapping.csv"",""source_relation_key"":""mapping:LOWER_BACK:NRS_4_6:REX-000074:REX-000016:DISCOMFORT"",""source_target_muscle_code"":""MOBILITY""}",DETERMINISTIC_POLICY_V2_0_2,DATA_REVIEW_PIPELINE,DOMAIN_APPROVED,false,USER_DIRECT_REVIEW_2026_08_29,COMPLETED
ALT-LEGACY-cc6a5e027371a382,203,exercise-catalog-v2.0.2-draft|d2ff054350b7904b3cb99affb6e656a4a30acba82f81d889a98951928aeb725f|NEX-000145:NEX-000126:CONSTRAINT,EQUIPMENT,MOBILITY_GLUTE,CONSTRAINT,roller_hip_stretch_mobility_stretch_foam_roller,roller_hip_stretch_mobility_stretch_foam_roller,REX-000074,REPRESENTATIVE,롤러 둔근 스트레칭,MOBILITY_STRETCH,"[""HIP""]","[""LOWER_BACK""]","[""FOAM_ROLLER""]","[""HOME"",""GYM""]",INTERMEDIATE,seated_glute_stretch_mobility_stretch_bodyweight,seated_glute_stretch_mobility_stretch_bodyweight,REX-000082,REPRESENTATIVE,앉아서 둔근 스트레칭,MOBILITY_STRETCH,"[""HIP""]","[""KNEE""]","[""BODYWEIGHT""]","[""HOME"",""GYM""]",BEGINNER,LEGACY_ALTERNATIVE,,,,,,,PAIN_AREA_INVOLVEMENT_IN_SOURCE_MOVEMENT,"{""discomfort_area_code"":"""",""source_body_area_codes"":[""HIP"",""LOWER_BACK""],""source_equipment_codes"":[""FOAM_ROLLER""],""source_primary_movement_pattern_code"":""MOBILITY_STRETCH""}",false,TARGET_EXCLUDES_DISCOMFORT_AREA,false,true,false,true,false,,A_TO_B,NOT_APPLICABLE,REMOVE_RECLASSIFY,REMOVE_FROM_ALTERNATIVE_SET,RECLASSIFY_VARIANT,NO_DISCOMFORT_CONDITION,통증·불편 조건이 없는 관계이므로 Alternative에서 제거하고 다른 관계 체계로 보낸다.,,[],generated/exercise-alternatives-v0.3.0/alternative_relationships.csv,DOMAIN_REVIEWER,2026-08-24T00:00:00+09:00,DOMAIN_REVIEWER,DOMAIN_APPROVED,exercise-catalog-v2.0.2-draft,d2ff054350b7904b3cb99affb6e656a4a30acba82f81d889a98951928aeb725f,NEX-000145:NEX-000126:CONSTRAINT,"{""legacy_relationship_type"":""CONSTRAINT"",""materialization_version"":""v2-representative-decisions-2026-08-24"",""selection_basis"":""REX_ENDPOINT_AND_V2_CATALOG_RECHECK"",""source_path"":""generated/exercise-alternatives-v0.3.0/alternative_relationships.csv"",""source_relation_key"":""NEX-000145:NEX-000126:CONSTRAINT""}",DETERMINISTIC_POLICY_V2_0_2,DATA_REVIEW_PIPELINE,DOMAIN_APPROVED,false,USER_DIRECT_REVIEW_2026_08_29,COMPLETED
ALT-LEGACY-14d7f855238ce3cd,204,exercise-catalog-v2.0.2-draft|d2ff054350b7904b3cb99affb6e656a4a30acba82f81d889a98951928aeb725f|NEX-000145:NEX-000157:CONSTRAINT,EQUIPMENT,MOBILITY_GLUTE,CONSTRAINT,roller_hip_stretch_mobility_stretch_foam_roller,roller_hip_stretch_mobility_stretch_foam_roller,REX-000074,REPRESENTATIVE,롤러 둔근 스트레칭,MOBILITY_STRETCH,"[""HIP""]","[""LOWER_BACK""]","[""FOAM_ROLLER""]","[""HOME"",""GYM""]",INTERMEDIATE,seated_piriformis_stretch_mobility_stretch_bodyweight,seated_piriformis_stretch_mobility_stretch_bodyweight,REX-000085,REPRESENTATIVE,앉아서 이상근 스트레칭,MOBILITY_STRETCH,"[""HIP""]","[""KNEE""]","[""BODYWEIGHT""]","[""HOME"",""GYM""]",BEGINNER,LEGACY_ALTERNATIVE,,,,,,,PAIN_AREA_INVOLVEMENT_IN_SOURCE_MOVEMENT,"{""discomfort_area_code"":"""",""source_body_area_codes"":[""HIP"",""LOWER_BACK""],""source_equipment_codes"":[""FOAM_ROLLER""],""source_primary_movement_pattern_code"":""MOBILITY_STRETCH""}",false,TARGET_EXCLUDES_DISCOMFORT_AREA,false,true,false,true,false,,A_TO_B,NOT_APPLICABLE,REMOVE_RECLASSIFY,REMOVE_FROM_ALTERNATIVE_SET,RECLASSIFY_VARIANT,NO_DISCOMFORT_CONDITION,통증·불편 조건이 없는 관계이므로 Alternative에서 제거하고 다른 관계 체계로 보낸다.,,[],generated/exercise-alternatives-v0.3.0/alternative_relationships.csv,DOMAIN_REVIEWER,2026-08-24T00:00:00+09:00,DOMAIN_REVIEWER,DOMAIN_APPROVED,exercise-catalog-v2.0.2-draft,d2ff054350b7904b3cb99affb6e656a4a30acba82f81d889a98951928aeb725f,NEX-000145:NEX-000157:CONSTRAINT,"{""legacy_relationship_type"":""CONSTRAINT"",""materialization_version"":""v2-representative-decisions-2026-08-24"",""selection_basis"":""REX_ENDPOINT_AND_V2_CATALOG_RECHECK"",""source_path"":""generated/exercise-alternatives-v0.3.0/alternative_relationships.csv"",""source_relation_key"":""NEX-000145:NEX-000157:CONSTRAINT""}",DETERMINISTIC_POLICY_V2_0_2,DATA_REVIEW_PIPELINE,DOMAIN_APPROVED,false,USER_DIRECT_REVIEW_2026_08_29,COMPLETED
ALT-LEGACY-e78fd6ba4ea70fd3,220,exercise-catalog-v2.0.2-draft|d2ff054350b7904b3cb99affb6e656a4a30acba82f81d889a98951928aeb725f|mapping:ANKLE_FOOT:NRS_1_3:REX-000080:REX-000016:DISCOMFORT,DISCOMFORT,SAME_GOAL,,seated_calf_raise_isolation_barbell,seated_calf_raise_isolation_barbell,REX-000080,REPRESENTATIVE,시티드 카프 레이즈,ISOLATION,"[""ANKLE_FOOT""]","[""KNEE""]","[""BARBELL""]","[""GYM""]",BEGINNER,bodyweight_standing_calf_raise_isolation_bodyweight,bodyweight_standing_calf_raise_isolation_bodyweight,REX-000016,REPRESENTATIVE,스탠딩 카프 레이즈,ISOLATION,"[""ANKLE_FOOT""]","[""KNEE""]","[""BODYWEIGHT""]","[""HOME"",""GYM""]",BEGINNER,LEGACY_ALTERNATIVE,ANKLE_FOOT,NRS_1_3,1,3,MILD,LOAD_REDUCED,PAIN_AREA_INVOLVEMENT_IN_SOURCE_MOVEMENT,"{""discomfort_area_code"":""ANKLE_FOOT"",""source_body_area_codes"":[""ANKLE_FOOT"",""KNEE""],""source_equipment_codes"":[""BARBELL""],""source_primary_movement_pattern_code"":""ISOLATION""}",true,UNCONFIRMED,true,true,false,true,false,,A_TO_B,NOT_APPLICABLE,REMOVE_RECLASSIFY,REMOVE_UNSAFE_SAME_AREA_TARGET,REMOVE_TARGET_RETAINS_DISCOMFORT_AREA,TARGET_RETAINS_DISCOMFORT_AREA,NRS 점수가 1~3인 경미한 조건이어도 target이 보고된 불편 부위를 포함하므로 동일 부담·위험을 남길 수 있어 Alternative에서 삭제한다.,,[],normalized/v2_discomfort_alternative_mapping.csv,DOMAIN_REVIEWER,2026-08-24T00:00:00+09:00,DOMAIN_REVIEWER,DOMAIN_APPROVED,exercise-catalog-v2.0.2-draft,d2ff054350b7904b3cb99affb6e656a4a30acba82f81d889a98951928aeb725f,mapping:ANKLE_FOOT:NRS_1_3:REX-000080:REX-000016:DISCOMFORT,"{""alternative_target_muscle_code"":""CALVES"",""body_area_code"":""ANKLE_FOOT"",""materialization_version"":""v2-representative-decisions-2026-08-24"",""score_band_code"":""NRS_1_3"",""selection_basis"":""DOMAIN_APPROVED_SCORE_BAND_AND_TARGET_MUSCLE_POLICY"",""source_path"":""normalized/v2_discomfort_alternative_mapping.csv"",""source_relation_key"":""mapping:ANKLE_FOOT:NRS_1_3:REX-000080:REX-000016:DISCOMFORT"",""source_target_muscle_code"":""CALVES""}",DETERMINISTIC_POLICY_V2_0_2,DATA_REVIEW_PIPELINE,DOMAIN_APPROVED,false,USER_DIRECT_REVIEW_2026_08_29,COMPLETED
ALT-LEGACY-0137e01bfa9c1730,221,exercise-catalog-v2.0.2-draft|d2ff054350b7904b3cb99affb6e656a4a30acba82f81d889a98951928aeb725f|NEX-000007:NEX-000117:CONSTRAINT,LOCATION,ISOLATION_CALF_RAISE,CONSTRAINT,seated_calf_raise_isolation_barbell,seated_calf_raise_isolation_barbell,REX-000080,REPRESENTATIVE,시티드 카프 레이즈,ISOLATION,"[""ANKLE_FOOT""]","[""KNEE""]","[""BARBELL""]","[""GYM""]",BEGINNER,bodyweight_standing_calf_raise_isolation_bodyweight,bodyweight_standing_calf_raise_isolation_bodyweight,REX-000016,REPRESENTATIVE,스탠딩 카프 레이즈,ISOLATION,"[""ANKLE_FOOT""]","[""KNEE""]","[""BODYWEIGHT""]","[""HOME"",""GYM""]",BEGINNER,LEGACY_ALTERNATIVE,,,,,,,PAIN_AREA_INVOLVEMENT_IN_SOURCE_MOVEMENT,"{""discomfort_area_code"":"""",""source_body_area_codes"":[""ANKLE_FOOT"",""KNEE""],""source_equipment_codes"":[""BARBELL""],""source_primary_movement_pattern_code"":""ISOLATION""}",false,TARGET_EXCLUDES_DISCOMFORT_AREA,false,true,false,true,false,,A_TO_B,NOT_APPLICABLE,REMOVE_RECLASSIFY,REMOVE_FROM_ALTERNATIVE_SET,RECLASSIFY_CONTEXT_DEFAULT,NO_DISCOMFORT_CONDITION,통증·불편 조건이 없는 관계이므로 Alternative에서 제거하고 다른 관계 체계로 보낸다.,,[],generated/exercise-alternatives-v0.3.0/alternative_relationships.csv,DOMAIN_REVIEWER,2026-08-24T00:00:00+09:00,DOMAIN_REVIEWER,DOMAIN_APPROVED,exercise-catalog-v2.0.2-draft,d2ff054350b7904b3cb99affb6e656a4a30acba82f81d889a98951928aeb725f,NEX-000007:NEX-000117:CONSTRAINT,"{""legacy_relationship_type"":""CONSTRAINT"",""materialization_version"":""v2-representative-decisions-2026-08-24"",""selection_basis"":""REX_ENDPOINT_AND_V2_CATALOG_RECHECK"",""source_path"":""generated/exercise-alternatives-v0.3.0/alternative_relationships.csv"",""source_relation_key"":""NEX-000007:NEX-000117:CONSTRAINT""}",DETERMINISTIC_POLICY_V2_0_2,DATA_REVIEW_PIPELINE,DOMAIN_APPROVED,false,USER_DIRECT_REVIEW_2026_08_29,COMPLETED
ALT-LEGACY-9f704b001df302af,229,exercise-catalog-v2.0.2-draft|d2ff054350b7904b3cb99affb6e656a4a30acba82f81d889a98951928aeb725f|mapping:ABDOMEN:NRS_4_6:REX-000084:REX-000016:DISCOMFORT,DISCOMFORT,ACTIVE_RECOVERY,,seated_lower_back_stretch_mobility_stretch_bodyweight,seated_lower_back_stretch_mobility_stretch_bodyweight,REX-000084,REPRESENTATIVE,앉아서 허리 스트레칭,MOBILITY_STRETCH,"[""LOWER_BACK""]","[""UPPER_BACK"",""ABDOMEN""]","[""BODYWEIGHT""]","[""HOME"",""GYM""]",BEGINNER,bodyweight_standing_calf_raise_isolation_bodyweight,bodyweight_standing_calf_raise_isolation_bodyweight,REX-000016,REPRESENTATIVE,스탠딩 카프 레이즈,ISOLATION,"[""ANKLE_FOOT""]","[""KNEE""]","[""BODYWEIGHT""]","[""HOME"",""GYM""]",BEGINNER,LEGACY_ALTERNATIVE,ABDOMEN,NRS_4_6,4,6,MODERATE,SKIP_AFFECTED_AREA,PAIN_AREA_INVOLVEMENT_IN_SOURCE_MOVEMENT,"{""discomfort_area_code"":""ABDOMEN"",""source_body_area_codes"":[""ABDOMEN"",""LOWER_BACK"",""UPPER_BACK""],""source_equipment_codes"":[""BODYWEIGHT""],""source_primary_movement_pattern_code"":""MOBILITY_STRETCH""}",true,TARGET_EXCLUDES_DISCOMFORT_AREA,false,true,false,false,false,,A_TO_B,PASS_SOURCE_LOADS_AREA_TARGET_EXCLUDES_AREA,KEEP,RETAIN_DISCOMFORT_ALTERNATIVE,,,,,[],normalized/v2_discomfort_alternative_mapping.csv,DOMAIN_REVIEWER,2026-08-24T00:00:00+09:00,DOMAIN_REVIEWER,DOMAIN_APPROVED,exercise-catalog-v2.0.2-draft,d2ff054350b7904b3cb99affb6e656a4a30acba82f81d889a98951928aeb725f,mapping:ABDOMEN:NRS_4_6:REX-000084:REX-000016:DISCOMFORT,"{""alternative_target_muscle_code"":""CALVES"",""body_area_code"":""ABDOMEN"",""materialization_version"":""v2-representative-decisions-2026-08-24"",""score_band_code"":""NRS_4_6"",""selection_basis"":""DOMAIN_APPROVED_SCORE_BAND_AND_TARGET_MUSCLE_POLICY"",""source_path"":""normalized/v2_discomfort_alternative_mapping.csv"",""source_relation_key"":""mapping:ABDOMEN:NRS_4_6:REX-000084:REX-000016:DISCOMFORT"",""source_target_muscle_code"":""MOBILITY""}",DETERMINISTIC_POLICY_V2_0_2,DATA_REVIEW_PIPELINE,DOMAIN_APPROVED,false,USER_DIRECT_REVIEW_2026_08_29,COMPLETED
ALT-LEGACY-1758deea7170940f,236,exercise-catalog-v2.0.2-draft|d2ff054350b7904b3cb99affb6e656a4a30acba82f81d889a98951928aeb725f|NEX-000137:NEX-000136:INTENSITY,DIFFICULTY,MOBILITY_HAMSTRING,INTENSITY,seated_wide_angle_stretch_mobility_stretch_bodyweight,seated_wide_angle_stretch_mobility_stretch_bodyweight,REX-000087,REPRESENTATIVE,시티드 와이드 앵글 스트레칭,MOBILITY_STRETCH,"[""HIP"",""KNEE""]",[],"[""BODYWEIGHT""]","[""HOME"",""GYM""]",INTERMEDIATE,runners_stretch_mobility_stretch_bodyweight,runners_stretch_mobility_stretch_bodyweight,REX-000077,REPRESENTATIVE,러너스 스트레칭,MOBILITY_STRETCH,"[""ANKLE_FOOT"",""KNEE""]","[""HIP""]","[""BODYWEIGHT""]","[""HOME"",""GYM""]",BEGINNER,LEGACY_ALTERNATIVE,,,,,,,PAIN_AREA_INVOLVEMENT_IN_SOURCE_MOVEMENT,"{""discomfort_area_code"":"""",""source_body_area_codes"":[""HIP"",""KNEE""],""source_equipment_codes"":[""BODYWEIGHT""],""source_primary_movement_pattern_code"":""MOBILITY_STRETCH""}",false,TARGET_EXCLUDES_DISCOMFORT_AREA,false,true,false,true,false,,A_TO_B,NOT_APPLICABLE,REMOVE_RECLASSIFY,REMOVE_FROM_ALTERNATIVE_SET,RECLASSIFY_DIFFICULTY_VARIANT,NO_DISCOMFORT_CONDITION,통증·불편 조건이 없는 관계이므로 Alternative에서 제거하고 다른 관계 체계로 보낸다.,,[],generated/exercise-alternatives-v0.3.0/alternative_relationships.csv,DOMAIN_REVIEWER,2026-08-24T00:00:00+09:00,DOMAIN_REVIEWER,DOMAIN_APPROVED,exercise-catalog-v2.0.2-draft,d2ff054350b7904b3cb99affb6e656a4a30acba82f81d889a98951928aeb725f,NEX-000137:NEX-000136:INTENSITY,"{""legacy_relationship_type"":""INTENSITY"",""materialization_version"":""v2-representative-decisions-2026-08-24"",""selection_basis"":""REX_ENDPOINT_AND_V2_CATALOG_RECHECK"",""source_path"":""generated/exercise-alternatives-v0.3.0/alternative_relationships.csv"",""source_relation_key"":""NEX-000137:NEX-000136:INTENSITY""}",DETERMINISTIC_POLICY_V2_0_2,DATA_REVIEW_PIPELINE,DOMAIN_APPROVED,false,USER_DIRECT_REVIEW_2026_08_29,COMPLETED
ALT-LEGACY-79b59331fa656675,237,exercise-catalog-v2.0.2-draft|d2ff054350b7904b3cb99affb6e656a4a30acba82f81d889a98951928aeb725f|NEX-000137:NEX-000138:INTENSITY,EQUIPMENT,MOBILITY_HAMSTRING,INTENSITY,seated_wide_angle_stretch_mobility_stretch_bodyweight,seated_wide_angle_stretch_mobility_stretch_bodyweight,REX-000087,REPRESENTATIVE,시티드 와이드 앵글 스트레칭,MOBILITY_STRETCH,"[""HIP"",""KNEE""]",[],"[""BODYWEIGHT""]","[""HOME"",""GYM""]",INTERMEDIATE,standing_hamstring_calf_strap_stretch_mobility_stretch_stretch_strap,standing_hamstring_calf_strap_stretch_mobility_stretch_stretch_strap,REX-000094,REPRESENTATIVE,스트랩 햄스트링·종아리 스트레칭,MOBILITY_STRETCH,"[""KNEE"",""ANKLE_FOOT""]","[""HIP""]","[""STRETCH_STRAP""]","[""GYM""]",BEGINNER,LEGACY_ALTERNATIVE,,,,,,,PAIN_AREA_INVOLVEMENT_IN_SOURCE_MOVEMENT,"{""discomfort_area_code"":"""",""source_body_area_codes"":[""HIP"",""KNEE""],""source_equipment_codes"":[""BODYWEIGHT""],""source_primary_movement_pattern_code"":""MOBILITY_STRETCH""}",false,TARGET_EXCLUDES_DISCOMFORT_AREA,false,true,false,true,false,,A_TO_B,NOT_APPLICABLE,REMOVE_RECLASSIFY,REMOVE_FROM_ALTERNATIVE_SET,RECLASSIFY_VARIANT,NO_DISCOMFORT_CONDITION,통증·불편 조건이 없는 관계이므로 Alternative에서 제거하고 다른 관계 체계로 보낸다.,,[],generated/exercise-alternatives-v0.3.0/alternative_relationships.csv,DOMAIN_REVIEWER,2026-08-24T00:00:00+09:00,DOMAIN_REVIEWER,DOMAIN_APPROVED,exercise-catalog-v2.0.2-draft,d2ff054350b7904b3cb99affb6e656a4a30acba82f81d889a98951928aeb725f,NEX-000137:NEX-000138:INTENSITY,"{""legacy_relationship_type"":""INTENSITY"",""materialization_version"":""v2-representative-decisions-2026-08-24"",""selection_basis"":""REX_ENDPOINT_AND_V2_CATALOG_RECHECK"",""source_path"":""generated/exercise-alternatives-v0.3.0/alternative_relationships.csv"",""source_relation_key"":""NEX-000137:NEX-000138:INTENSITY""}",DETERMINISTIC_POLICY_V2_0_2,DATA_REVIEW_PIPELINE,DOMAIN_APPROVED,false,USER_DIRECT_REVIEW_2026_08_29,COMPLETED
ALT-LEGACY-fd9a2fdfc6ea7c19,248,exercise-catalog-v2.0.2-draft|d2ff054350b7904b3cb99affb6e656a4a30acba82f81d889a98951928aeb725f|mapping:ABDOMEN:NRS_4_6:REX-000091:REX-000016:DISCOMFORT,DISCOMFORT,ACTIVE_RECOVERY,,spine_stretch_mobility_stretch_bodyweight,spine_stretch_mobility_stretch_bodyweight,REX-000091,REPRESENTATIVE,척추 스트레칭,MOBILITY_STRETCH,"[""UPPER_BACK"",""LOWER_BACK""]","[""ABDOMEN""]","[""BODYWEIGHT""]","[""HOME"",""GYM""]",BEGINNER,bodyweight_standing_calf_raise_isolation_bodyweight,bodyweight_standing_calf_raise_isolation_bodyweight,REX-000016,REPRESENTATIVE,스탠딩 카프 레이즈,ISOLATION,"[""ANKLE_FOOT""]","[""KNEE""]","[""BODYWEIGHT""]","[""HOME"",""GYM""]",BEGINNER,LEGACY_ALTERNATIVE,ABDOMEN,NRS_4_6,4,6,MODERATE,SKIP_AFFECTED_AREA,PAIN_AREA_INVOLVEMENT_IN_SOURCE_MOVEMENT,"{""discomfort_area_code"":""ABDOMEN"",""source_body_area_codes"":[""ABDOMEN"",""LOWER_BACK"",""UPPER_BACK""],""source_equipment_codes"":[""BODYWEIGHT""],""source_primary_movement_pattern_code"":""MOBILITY_STRETCH""}",true,TARGET_EXCLUDES_DISCOMFORT_AREA,false,true,false,false,false,,A_TO_B,PASS_SOURCE_LOADS_AREA_TARGET_EXCLUDES_AREA,KEEP,RETAIN_DISCOMFORT_ALTERNATIVE,,,,,[],normalized/v2_discomfort_alternative_mapping.csv,DOMAIN_REVIEWER,2026-08-24T00:00:00+09:00,DOMAIN_REVIEWER,DOMAIN_APPROVED,exercise-catalog-v2.0.2-draft,d2ff054350b7904b3cb99affb6e656a4a30acba82f81d889a98951928aeb725f,mapping:ABDOMEN:NRS_4_6:REX-000091:REX-000016:DISCOMFORT,"{""alternative_target_muscle_code"":""CALVES"",""body_area_code"":""ABDOMEN"",""materialization_version"":""v2-representative-decisions-2026-08-24"",""score_band_code"":""NRS_4_6"",""selection_basis"":""DOMAIN_APPROVED_SCORE_BAND_AND_TARGET_MUSCLE_POLICY"",""source_path"":""normalized/v2_discomfort_alternative_mapping.csv"",""source_relation_key"":""mapping:ABDOMEN:NRS_4_6:REX-000091:REX-000016:DISCOMFORT"",""source_target_muscle_code"":""MOBILITY""}",DETERMINISTIC_POLICY_V2_0_2,DATA_REVIEW_PIPELINE,DOMAIN_APPROVED,false,USER_DIRECT_REVIEW_2026_08_29,COMPLETED
ALT-LEGACY-36dd8a280e36cab2,259,exercise-catalog-v2.0.2-draft|d2ff054350b7904b3cb99affb6e656a4a30acba82f81d889a98951928aeb725f|policy:REX-000094:REX-000034:EQUIPMENT,EQUIPMENT,MOBILITY_HAMSTRING,,standing_hamstring_calf_strap_stretch_mobility_stretch_stretch_strap,standing_hamstring_calf_strap_stretch_mobility_stretch_stretch_strap,REX-000094,REPRESENTATIVE,스트랩 햄스트링·종아리 스트레칭,MOBILITY_STRETCH,"[""KNEE"",""ANKLE_FOOT""]","[""HIP""]","[""STRETCH_STRAP""]","[""GYM""]",BEGINNER,hamstring_stretch_mobility_stretch_bodyweight,hamstring_stretch_mobility_stretch_bodyweight,REX-000034,REPRESENTATIVE,햄스트링 스트레칭,MOBILITY_STRETCH,"[""KNEE""]","[""HIP""]","[""BODYWEIGHT""]","[""HOME"",""GYM""]",BEGINNER,LEGACY_ALTERNATIVE,,,,,,,PAIN_AREA_INVOLVEMENT_IN_SOURCE_MOVEMENT,"{""discomfort_area_code"":"""",""source_body_area_codes"":[""ANKLE_FOOT"",""HIP"",""KNEE""],""source_equipment_codes"":[""STRETCH_STRAP""],""source_primary_movement_pattern_code"":""MOBILITY_STRETCH""}",false,TARGET_EXCLUDES_DISCOMFORT_AREA,false,true,false,true,false,,A_TO_B,NOT_APPLICABLE,REMOVE_RECLASSIFY,REMOVE_FROM_ALTERNATIVE_SET,RECLASSIFY_VARIANT,NO_DISCOMFORT_CONDITION,통증·불편 조건이 없는 관계이므로 Alternative에서 제거하고 다른 관계 체계로 보낸다.,,[],normalized/v2_representative_decisions.json,DOMAIN_REVIEWER,2026-08-24T00:00:00+09:00,DOMAIN_REVIEWER,DOMAIN_APPROVED,exercise-catalog-v2.0.2-draft,d2ff054350b7904b3cb99affb6e656a4a30acba82f81d889a98951928aeb725f,policy:REX-000094:REX-000034:EQUIPMENT,"{""materialization_version"":""v2-representative-decisions-2026-08-24"",""selection_basis"":""APPROVED_STRETCH_STRAP_TO_BODYWEIGHT_RELATION"",""source_path"":""normalized/v2_representative_decisions.json"",""source_relation_key"":""policy:REX-000094:REX-000034:EQUIPMENT""}",DETERMINISTIC_POLICY_V2_0_2,DATA_REVIEW_PIPELINE,DOMAIN_APPROVED,false,USER_DIRECT_REVIEW_2026_08_29,COMPLETED
ALT-LEGACY-8f78327ceb91d705,262,exercise-catalog-v2.0.2-draft|d2ff054350b7904b3cb99affb6e656a4a30acba82f81d889a98951928aeb725f|mapping:ABDOMEN:NRS_4_6:REX-000095:REX-000016:DISCOMFORT,DISCOMFORT,ACTIVE_RECOVERY,,standing_lateral_stretch_mobility_stretch_bodyweight,standing_lateral_stretch_mobility_stretch_bodyweight,REX-000095,REPRESENTATIVE,서서 옆구리 스트레칭,MOBILITY_STRETCH,"[""UPPER_BACK""]","[""LOWER_BACK"",""ABDOMEN""]","[""BODYWEIGHT""]","[""HOME"",""GYM""]",BEGINNER,bodyweight_standing_calf_raise_isolation_bodyweight,bodyweight_standing_calf_raise_isolation_bodyweight,REX-000016,REPRESENTATIVE,스탠딩 카프 레이즈,ISOLATION,"[""ANKLE_FOOT""]","[""KNEE""]","[""BODYWEIGHT""]","[""HOME"",""GYM""]",BEGINNER,LEGACY_ALTERNATIVE,ABDOMEN,NRS_4_6,4,6,MODERATE,SKIP_AFFECTED_AREA,PAIN_AREA_INVOLVEMENT_IN_SOURCE_MOVEMENT,"{""discomfort_area_code"":""ABDOMEN"",""source_body_area_codes"":[""ABDOMEN"",""LOWER_BACK"",""UPPER_BACK""],""source_equipment_codes"":[""BODYWEIGHT""],""source_primary_movement_pattern_code"":""MOBILITY_STRETCH""}",true,TARGET_EXCLUDES_DISCOMFORT_AREA,false,true,false,false,false,,A_TO_B,PASS_SOURCE_LOADS_AREA_TARGET_EXCLUDES_AREA,KEEP,RETAIN_DISCOMFORT_ALTERNATIVE,,,,,[],normalized/v2_discomfort_alternative_mapping.csv,DOMAIN_REVIEWER,2026-08-24T00:00:00+09:00,DOMAIN_REVIEWER,DOMAIN_APPROVED,exercise-catalog-v2.0.2-draft,d2ff054350b7904b3cb99affb6e656a4a30acba82f81d889a98951928aeb725f,mapping:ABDOMEN:NRS_4_6:REX-000095:REX-000016:DISCOMFORT,"{""alternative_target_muscle_code"":""CALVES"",""body_area_code"":""ABDOMEN"",""materialization_version"":""v2-representative-decisions-2026-08-24"",""score_band_code"":""NRS_4_6"",""selection_basis"":""DOMAIN_APPROVED_SCORE_BAND_AND_TARGET_MUSCLE_POLICY"",""source_path"":""normalized/v2_discomfort_alternative_mapping.csv"",""source_relation_key"":""mapping:ABDOMEN:NRS_4_6:REX-000095:REX-000016:DISCOMFORT"",""source_target_muscle_code"":""MOBILITY""}",DETERMINISTIC_POLICY_V2_0_2,DATA_REVIEW_PIPELINE,DOMAIN_APPROVED,false,USER_DIRECT_REVIEW_2026_08_29,COMPLETED
ALT-LEGACY-b07f9e3166a5a2c0,273,exercise-catalog-v2.0.2-draft|d2ff054350b7904b3cb99affb6e656a4a30acba82f81d889a98951928aeb725f|NEX-000139:NEX-000136:INTENSITY,DIFFICULTY,MOBILITY_HAMSTRING,INTENSITY,world_greatest_stretch_mobility_stretch_bodyweight,world_greatest_stretch_mobility_stretch_bodyweight,REX-000100,REPRESENTATIVE,월드 그레이티스트 스트레칭,MOBILITY_STRETCH,"[""HIP"",""KNEE""]","[""ANKLE_FOOT""]","[""BODYWEIGHT""]","[""HOME"",""GYM""]",INTERMEDIATE,runners_stretch_mobility_stretch_bodyweight,runners_stretch_mobility_stretch_bodyweight,REX-000077,REPRESENTATIVE,러너스 스트레칭,MOBILITY_STRETCH,"[""ANKLE_FOOT"",""KNEE""]","[""HIP""]","[""BODYWEIGHT""]","[""HOME"",""GYM""]",BEGINNER,LEGACY_ALTERNATIVE,,,,,,,PAIN_AREA_INVOLVEMENT_IN_SOURCE_MOVEMENT,"{""discomfort_area_code"":"""",""source_body_area_codes"":[""ANKLE_FOOT"",""HIP"",""KNEE""],""source_equipment_codes"":[""BODYWEIGHT""],""source_primary_movement_pattern_code"":""MOBILITY_STRETCH""}",false,TARGET_EXCLUDES_DISCOMFORT_AREA,false,true,false,true,false,,A_TO_B,NOT_APPLICABLE,REMOVE_RECLASSIFY,REMOVE_FROM_ALTERNATIVE_SET,RECLASSIFY_DIFFICULTY_VARIANT,NO_DISCOMFORT_CONDITION,통증·불편 조건이 없는 관계이므로 Alternative에서 제거하고 다른 관계 체계로 보낸다.,,[],generated/exercise-alternatives-v0.3.0/alternative_relationships.csv,DOMAIN_REVIEWER,2026-08-24T00:00:00+09:00,DOMAIN_REVIEWER,DOMAIN_APPROVED,exercise-catalog-v2.0.2-draft,d2ff054350b7904b3cb99affb6e656a4a30acba82f81d889a98951928aeb725f,NEX-000139:NEX-000136:INTENSITY,"{""legacy_relationship_type"":""INTENSITY"",""materialization_version"":""v2-representative-decisions-2026-08-24"",""selection_basis"":""REX_ENDPOINT_AND_V2_CATALOG_RECHECK"",""source_path"":""generated/exercise-alternatives-v0.3.0/alternative_relationships.csv"",""source_relation_key"":""NEX-000139:NEX-000136:INTENSITY""}",DETERMINISTIC_POLICY_V2_0_2,DATA_REVIEW_PIPELINE,DOMAIN_APPROVED,false,USER_DIRECT_REVIEW_2026_08_29,COMPLETED
