exercise_id,stable_code,name_ko,record_type,variant_type_code,difficulty_code,safety_current_state,fitt_current_state,goal_current_state,media_current_state,rights_current_state,safety_review_decision,fitt_review_decision,goal_review_decision,media_rights_review_decision,reviewer,reviewed_at,review_note_ko
DVAR-010E538801DE3645,one_arm_wall_lats_isolation_bodyweight__knee_no_load_safe_v1,한 팔 광배근 스트레칭,SEPARATE_EXERCISE,,BEGINNER,REVIEW_REQUIRED,REVIEW_REQUIRED,REVIEW_REQUIRED,REVIEW_REQUIRED,REVIEW_REQUIRED,APPROVED,APPROVED,APPROVED,APPROVED,USER_DIRECT_REVIEW_2026_08_29,2026-08-29T00:00:00+09:00,주인님 일괄 승인: 외부 전문가 원천 승인 및 최종 육안 검수 완료
DVAR-015C32CEB067E809,peroneal_stretch_mobility_stretch_stretch_strap__upper_back_no_load_safe_v1,종아리 바깥쪽 스트레칭,SEPARATE_EXERCISE,,INTERMEDIATE,REVIEW_REQUIRED,REVIEW_REQUIRED,REVIEW_REQUIRED,REVIEW_REQUIRED,REVIEW_REQUIRED,APPROVED,APPROVED,APPROVED,APPROVED,USER_DIRECT_REVIEW_2026_08_29,2026-08-29T00:00:00+09:00,주인님 일괄 승인: 외부 전문가 원천 승인 및 최종 육안 검수 완료
DVAR-03A7A7C6A78247A9,dumbbell_standing_curl_isolation_dumbbell__knee_no_load_safe_v1,덤벨 바이셉스 컬,SEPARATE_EXERCISE,,BEGINNER,REVIEW_REQUIRED,REVIEW_REQUIRED,REVIEW_REQUIRED,REVIEW_REQUIRED,REVIEW_REQUIRED,APPROVED,APPROVED,APPROVED,APPROVED,USER_DIRECT_REVIEW_2026_08_29,2026-08-29T00:00:00+09:00,주인님 일괄 승인: 외부 전문가 원천 승인 및 최종 육안 검수 완료
DVAR-0423655BB84F05ED,dynamic_chest_stretch_mobility_stretch_bodyweight__lower_back_no_load_safe_v1,다이내믹 가슴 스트레칭,SEPARATE_EXERCISE,,BEGINNER,REVIEW_REQUIRED,REVIEW_REQUIRED,REVIEW_REQUIRED,REVIEW_REQUIRED,REVIEW_REQUIRED,APPROVED,APPROVED,APPROVED,APPROVED,USER_DIRECT_REVIEW_2026_08_29,2026-08-29T00:00:00+09:00,주인님 일괄 승인: 외부 전문가 원천 승인 및 최종 육안 검수 완료
DVAR-06892D3AE613BF99,hip_flexion_isolation_bodyweight__upper_back_no_load_safe_v1,무릎 들기,SEPARATE_EXERCISE,,BEGINNER,REVIEW_REQUIRED,REVIEW_REQUIRED,REVIEW_REQUIRED,REVIEW_REQUIRED,REVIEW_REQUIRED,APPROVED,APPROVED,APPROVED,APPROVED,USER_DIRECT_REVIEW_2026_08_29,2026-08-29T00:00:00+09:00,주인님 일괄 승인: 외부 전문가 원천 승인 및 최종 육안 검수 완료
DVAR-0FA62ADA4EEA3182,rear_deltoid_stretch_mobility_stretch_bodyweight__knee_no_load_safe_v1,후면 어깨 스트레칭,SEPARATE_EXERCISE,,BEGINNER,REVIEW_REQUIRED,REVIEW_REQUIRED,REVIEW_REQUIRED,REVIEW_REQUIRED,REVIEW_REQUIRED,APPROVED,APPROVED,APPROVED,APPROVED,USER_DIRECT_REVIEW_2026_08_29,2026-08-29T00:00:00+09:00,주인님 일괄 승인: 외부 전문가 원천 승인 및 최종 육안 검수 완료
DVAR-1760C8AA64CEB384,runners_stretch_mobility_stretch_bodyweight__abdomen_no_load_safe_v1,러너스 스트레칭,SEPARATE_EXERCISE,,BEGINNER,REVIEW_REQUIRED,REVIEW_REQUIRED,REVIEW_REQUIRED,REVIEW_REQUIRED,REVIEW_REQUIRED,APPROVED,APPROVED,APPROVED,APPROVED,USER_DIRECT_REVIEW_2026_08_29,2026-08-29T00:00:00+09:00,주인님 일괄 승인: 외부 전문가 원천 승인 및 최종 육안 검수 완료
DVAR-18D8381ECAA601CC,dynamic_chest_stretch_mobility_stretch_bodyweight__hip_no_load_safe_v1,다이내믹 가슴 스트레칭,SEPARATE_EXERCISE,,BEGINNER,REVIEW_REQUIRED,REVIEW_REQUIRED,REVIEW_REQUIRED,REVIEW_REQUIRED,REVIEW_REQUIRED,APPROVED,APPROVED,APPROVED,APPROVED,USER_DIRECT_REVIEW_2026_08_29,2026-08-29T00:00:00+09:00,주인님 일괄 승인: 외부 전문가 원천 승인 및 최종 육안 검수 완료
DVAR-1A1F63F097657004,hamstring_stretch_mobility_stretch_bodyweight__wrist_hand_no_load_safe_v1,햄스트링 스트레칭,SEPARATE_EXERCISE,,BEGINNER,REVIEW_REQUIRED,REVIEW_REQUIRED,REVIEW_REQUIRED,REVIEW_REQUIRED,REVIEW_REQUIRED,APPROVED,APPROVED,APPROVED,APPROVED,USER_DIRECT_REVIEW_2026_08_29,2026-08-29T00:00:00+09:00,주인님 일괄 승인: 외부 전문가 원천 승인 및 최종 육안 검수 완료
DVAR-22F9847D7E796DD5,chest_front_shoulder_stretch_mobility_stretch_bodyweight__knee_no_load_safe_v1,가슴·어깨 앞면 스트레칭,SEPARATE_EXERCISE,,BEGINNER,REVIEW_REQUIRED,REVIEW_REQUIRED,REVIEW_REQUIRED,REVIEW_REQUIRED,REVIEW_REQUIRED,APPROVED,APPROVED,APPROVED,APPROVED,USER_DIRECT_REVIEW_2026_08_29,2026-08-29T00:00:00+09:00,주인님 일괄 승인: 외부 전문가 원천 승인 및 최종 육안 검수 완료
DVAR-249EF7CC8CED25D3,dumbbell_shrug_isolation_dumbbell__lower_back_no_load_safe_v1,덤벨 슈러그,SEPARATE_EXERCISE,,BEGINNER,REVIEW_REQUIRED,REVIEW_REQUIRED,REVIEW_REQUIRED,REVIEW_REQUIRED,REVIEW_REQUIRED,APPROVED,APPROVED,APPROVED,APPROVED,USER_DIRECT_REVIEW_2026_08_29,2026-08-29T00:00:00+09:00,주인님 일괄 승인: 외부 전문가 원천 승인 및 최종 육안 검수 완료
DVAR-252AEEC08E26C69E,kneeling_lat_stretch_mobility_stretch_bodyweight__hip_no_load_safe_v1,광배근 스트레칭,SEPARATE_EXERCISE,,BEGINNER,REVIEW_REQUIRED,REVIEW_REQUIRED,REVIEW_REQUIRED,REVIEW_REQUIRED,REVIEW_REQUIRED,APPROVED,APPROVED,APPROVED,APPROVED,USER_DIRECT_REVIEW_2026_08_29,2026-08-29T00:00:00+09:00,주인님 일괄 승인: 외부 전문가 원천 승인 및 최종 육안 검수 완료
DVAR-26CD8FC4C2FF3AD5,rear_deltoid_stretch_mobility_stretch_bodyweight__hip_no_load_safe_v1,후면 어깨 스트레칭,SEPARATE_EXERCISE,,BEGINNER,REVIEW_REQUIRED,REVIEW_REQUIRED,REVIEW_REQUIRED,REVIEW_REQUIRED,REVIEW_REQUIRED,APPROVED,APPROVED,APPROVED,APPROVED,USER_DIRECT_REVIEW_2026_08_29,2026-08-29T00:00:00+09:00,주인님 일괄 승인: 외부 전문가 원천 승인 및 최종 육안 검수 완료
DVAR-29EA6DC0FE39837B,seated_piriformis_stretch_mobility_stretch_bodyweight__wrist_hand_no_load_safe_v1,이상근 스트레칭,SEPARATE_EXERCISE,,BEGINNER,REVIEW_REQUIRED,REVIEW_REQUIRED,REVIEW_REQUIRED,REVIEW_REQUIRED,REVIEW_REQUIRED,APPROVED,APPROVED,APPROVED,APPROVED,USER_DIRECT_REVIEW_2026_08_29,2026-08-29T00:00:00+09:00,주인님 일괄 승인: 외부 전문가 원천 승인 및 최종 육안 검수 완료
DVAR-326B588001E29897,upper_back_stretch_mobility_stretch_bodyweight__lower_back_no_load_safe_v1,상부 등 스트레칭,SEPARATE_EXERCISE,,BEGINNER,REVIEW_REQUIRED,REVIEW_REQUIRED,REVIEW_REQUIRED,REVIEW_REQUIRED,REVIEW_REQUIRED,APPROVED,APPROVED,APPROVED,APPROVED,USER_DIRECT_REVIEW_2026_08_29,2026-08-29T00:00:00+09:00,주인님 일괄 승인: 외부 전문가 원천 승인 및 최종 육안 검수 완료
DVAR-34B834AC8D12D2B5,triceps_stretch_mobility_stretch_bodyweight__knee_no_load_safe_v1,삼두근 스트레칭,SEPARATE_EXERCISE,,BEGINNER,REVIEW_REQUIRED,REVIEW_REQUIRED,REVIEW_REQUIRED,REVIEW_REQUIRED,REVIEW_REQUIRED,APPROVED,APPROVED,APPROVED,APPROVED,USER_DIRECT_REVIEW_2026_08_29,2026-08-29T00:00:00+09:00,주인님 일괄 승인: 외부 전문가 원천 승인 및 최종 육안 검수 완료
DVAR-35717F1E89B0E385,upper_back_stretch_mobility_stretch_bodyweight__hip_no_load_safe_v1,상부 등 스트레칭,SEPARATE_EXERCISE,,BEGINNER,REVIEW_REQUIRED,REVIEW_REQUIRED,REVIEW_REQUIRED,REVIEW_REQUIRED,REVIEW_REQUIRED,APPROVED,APPROVED,APPROVED,APPROVED,USER_DIRECT_REVIEW_2026_08_29,2026-08-29T00:00:00+09:00,주인님 일괄 승인: 외부 전문가 원천 승인 및 최종 육안 검수 완료
DVAR-35756A39565C0E92,dumbbell_standing_curl_isolation_dumbbell__abdomen_no_load_safe_v1,덤벨 바이셉스 컬,SEPARATE_EXERCISE,,BEGINNER,REVIEW_REQUIRED,REVIEW_REQUIRED,REVIEW_REQUIRED,REVIEW_REQUIRED,REVIEW_REQUIRED,APPROVED,APPROVED,APPROVED,APPROVED,USER_DIRECT_REVIEW_2026_08_29,2026-08-29T00:00:00+09:00,주인님 일괄 승인: 외부 전문가 원천 승인 및 최종 육안 검수 완료
DVAR-3A73DB20F3349767,chair_leg_extended_stretch_mobility_stretch_bodyweight__neck_no_load_safe_v1,레그 익스텐션 스트레칭,SEPARATE_EXERCISE,,BEGINNER,REVIEW_REQUIRED,REVIEW_REQUIRED,REVIEW_REQUIRED,REVIEW_REQUIRED,REVIEW_REQUIRED,APPROVED,APPROVED,APPROVED,APPROVED,USER_DIRECT_REVIEW_2026_08_29,2026-08-29T00:00:00+09:00,주인님 일괄 승인: 외부 전문가 원천 승인 및 최종 육안 검수 완료
DVAR-3B2E8D5E61B19928,barbell_front_raise_isolation_barbell__hip_no_load_safe_v1,바벨 프론트 레이즈,SEPARATE_EXERCISE,,BEGINNER,REVIEW_REQUIRED,REVIEW_REQUIRED,REVIEW_REQUIRED,REVIEW_REQUIRED,REVIEW_REQUIRED,APPROVED,APPROVED,APPROVED,APPROVED,USER_DIRECT_REVIEW_2026_08_29,2026-08-29T00:00:00+09:00,주인님 일괄 승인: 외부 전문가 원천 승인 및 최종 육안 검수 완료
DVAR-3F9C1C0539D4277E,chest_front_shoulder_stretch_mobility_stretch_bodyweight__hip_no_load_safe_v1,가슴·어깨 앞면 스트레칭,SEPARATE_EXERCISE,,BEGINNER,REVIEW_REQUIRED,REVIEW_REQUIRED,REVIEW_REQUIRED,REVIEW_REQUIRED,REVIEW_REQUIRED,APPROVED,APPROVED,APPROVED,APPROVED,USER_DIRECT_REVIEW_2026_08_29,2026-08-29T00:00:00+09:00,주인님 일괄 승인: 외부 전문가 원천 승인 및 최종 육안 검수 완료
DVAR-410ADD7957C17443,upper_back_stretch_mobility_stretch_bodyweight__knee_no_load_safe_v1,상부 등 스트레칭,SEPARATE_EXERCISE,,BEGINNER,REVIEW_REQUIRED,REVIEW_REQUIRED,REVIEW_REQUIRED,REVIEW_REQUIRED,REVIEW_REQUIRED,APPROVED,APPROVED,APPROVED,APPROVED,USER_DIRECT_REVIEW_2026_08_29,2026-08-29T00:00:00+09:00,주인님 일괄 승인: 외부 전문가 원천 승인 및 최종 육안 검수 완료
DVAR-439BA655BC3B7BC0,seated_calf_raise_isolation_barbell__shoulder_no_load_safe_v1,바벨 카프 레이즈,SEPARATE_EXERCISE,,BEGINNER,REVIEW_REQUIRED,REVIEW_REQUIRED,REVIEW_REQUIRED,REVIEW_REQUIRED,REVIEW_REQUIRED,APPROVED,APPROVED,APPROVED,APPROVED,USER_DIRECT_REVIEW_2026_08_29,2026-08-29T00:00:00+09:00,주인님 일괄 승인: 외부 전문가 원천 승인 및 최종 육안 검수 완료
DVAR-45620004263946C3,side_lying_quadriceps_stretch_mobility_stretch_bodyweight__upper_back_no_load_safe_v1,대퇴사두근 스트레칭,SEPARATE_EXERCISE,,BEGINNER,REVIEW_REQUIRED,REVIEW_REQUIRED,REVIEW_REQUIRED,REVIEW_REQUIRED,REVIEW_REQUIRED,APPROVED,APPROVED,APPROVED,APPROVED,USER_DIRECT_REVIEW_2026_08_29,2026-08-29T00:00:00+09:00,주인님 일괄 승인: 외부 전문가 원천 승인 및 최종 육안 검수 완료
DVAR-487544E110C93537,dumbbell_standing_curl_isolation_dumbbell__hip_no_load_safe_v1,덤벨 바이셉스 컬,SEPARATE_EXERCISE,,BEGINNER,REVIEW_REQUIRED,REVIEW_REQUIRED,REVIEW_REQUIRED,REVIEW_REQUIRED,REVIEW_REQUIRED,APPROVED,APPROVED,APPROVED,APPROVED,USER_DIRECT_REVIEW_2026_08_29,2026-08-29T00:00:00+09:00,주인님 일괄 승인: 외부 전문가 원천 승인 및 최종 육안 검수 완료
DVAR-49E0D30E19CCD2DA,side_wrist_pull_stretch_mobility_stretch_bodyweight__hip_no_load_safe_v1,손목 당기기 스트레칭,SEPARATE_EXERCISE,,BEGINNER,REVIEW_REQUIRED,REVIEW_REQUIRED,REVIEW_REQUIRED,REVIEW_REQUIRED,REVIEW_REQUIRED,APPROVED,APPROVED,APPROVED,APPROVED,USER_DIRECT_REVIEW_2026_08_29,2026-08-29T00:00:00+09:00,주인님 일괄 승인: 외부 전문가 원천 승인 및 최종 육안 검수 완료
DVAR-4AFB61578A427189,butterfly_adductor_stretch_mobility_stretch_bodyweight__shoulder_no_load_safe_v1,버터플라이 스트레칭,SEPARATE_EXERCISE,,BEGINNER,REVIEW_REQUIRED,REVIEW_REQUIRED,REVIEW_REQUIRED,REVIEW_REQUIRED,REVIEW_REQUIRED,APPROVED,APPROVED,APPROVED,APPROVED,USER_DIRECT_REVIEW_2026_08_29,2026-08-29T00:00:00+09:00,주인님 일괄 승인: 외부 전문가 원천 승인 및 최종 육안 검수 완료
DVAR-4CEDEDE6230588EC,runners_stretch_mobility_stretch_bodyweight__upper_back_no_load_safe_v1,러너스 스트레칭,SEPARATE_EXERCISE,,BEGINNER,REVIEW_REQUIRED,REVIEW_REQUIRED,REVIEW_REQUIRED,REVIEW_REQUIRED,REVIEW_REQUIRED,APPROVED,APPROVED,APPROVED,APPROVED,USER_DIRECT_REVIEW_2026_08_29,2026-08-29T00:00:00+09:00,주인님 일괄 승인: 외부 전문가 원천 승인 및 최종 육안 검수 완료
DVAR-4E47895F88158AE5,hamstring_stretch_mobility_stretch_bodyweight__abdomen_no_load_safe_v1,햄스트링 스트레칭,SEPARATE_EXERCISE,,BEGINNER,REVIEW_REQUIRED,REVIEW_REQUIRED,REVIEW_REQUIRED,REVIEW_REQUIRED,REVIEW_REQUIRED,APPROVED,APPROVED,APPROVED,APPROVED,USER_DIRECT_REVIEW_2026_08_29,2026-08-29T00:00:00+09:00,주인님 일괄 승인: 외부 전문가 원천 승인 및 최종 육안 검수 완료
DVAR-51B939268597C1C2,barbell_front_raise_isolation_barbell__abdomen_no_load_safe_v1,바벨 프론트 레이즈,SEPARATE_EXERCISE,,BEGINNER,REVIEW_REQUIRED,REVIEW_REQUIRED,REVIEW_REQUIRED,REVIEW_REQUIRED,REVIEW_REQUIRED,APPROVED,APPROVED,APPROVED,APPROVED,USER_DIRECT_REVIEW_2026_08_29,2026-08-29T00:00:00+09:00,주인님 일괄 승인: 외부 전문가 원천 승인 및 최종 육안 검수 완료
DVAR-57A865079E6288C0,triceps_stretch_mobility_stretch_bodyweight__ankle_foot_no_load_safe_v1,삼두근 스트레칭,SEPARATE_EXERCISE,,BEGINNER,REVIEW_REQUIRED,REVIEW_REQUIRED,REVIEW_REQUIRED,REVIEW_REQUIRED,REVIEW_REQUIRED,APPROVED,APPROVED,APPROVED,APPROVED,USER_DIRECT_REVIEW_2026_08_29,2026-08-29T00:00:00+09:00,주인님 일괄 승인: 외부 전문가 원천 승인 및 최종 육안 검수 완료
DVAR-57ADC482D0C91C98,barbell_front_raise_isolation_barbell__lower_back_no_load_safe_v1,바벨 프론트 레이즈,SEPARATE_EXERCISE,,BEGINNER,REVIEW_REQUIRED,REVIEW_REQUIRED,REVIEW_REQUIRED,REVIEW_REQUIRED,REVIEW_REQUIRED,APPROVED,APPROVED,APPROVED,APPROVED,USER_DIRECT_REVIEW_2026_08_29,2026-08-29T00:00:00+09:00,주인님 일괄 승인: 외부 전문가 원천 승인 및 최종 육안 검수 완료
DVAR-5C8E3929479AD7D8,bodyweight_standing_calf_raise_isolation_bodyweight__lower_back_no_load_safe_v1,카프 레이즈,SEPARATE_EXERCISE,,BEGINNER,REVIEW_REQUIRED,REVIEW_REQUIRED,REVIEW_REQUIRED,REVIEW_REQUIRED,REVIEW_REQUIRED,APPROVED,APPROVED,APPROVED,APPROVED,USER_DIRECT_REVIEW_2026_08_29,2026-08-29T00:00:00+09:00,주인님 일괄 승인: 외부 전문가 원천 승인 및 최종 육안 검수 완료
DVAR-63AD4E2D01416860,runners_stretch_mobility_stretch_bodyweight__neck_no_load_safe_v1,러너스 스트레칭,SEPARATE_EXERCISE,,BEGINNER,REVIEW_REQUIRED,REVIEW_REQUIRED,REVIEW_REQUIRED,REVIEW_REQUIRED,REVIEW_REQUIRED,APPROVED,APPROVED,APPROVED,APPROVED,USER_DIRECT_REVIEW_2026_08_29,2026-08-29T00:00:00+09:00,주인님 일괄 승인: 외부 전문가 원천 승인 및 최종 육안 검수 완료
DVAR-6764158E5944E97A,seated_calf_stretch_mobility_stretch_bodyweight__lower_back_no_load_safe_v1,종아리 스트레칭,SEPARATE_EXERCISE,,BEGINNER,REVIEW_REQUIRED,REVIEW_REQUIRED,REVIEW_REQUIRED,REVIEW_REQUIRED,REVIEW_REQUIRED,APPROVED,APPROVED,APPROVED,APPROVED,USER_DIRECT_REVIEW_2026_08_29,2026-08-29T00:00:00+09:00,주인님 일괄 승인: 외부 전문가 원천 승인 및 최종 육안 검수 완료
DVAR-67F0C6ACF2D0B6BA,seated_piriformis_stretch_mobility_stretch_bodyweight__neck_no_load_safe_v1,이상근 스트레칭,SEPARATE_EXERCISE,,BEGINNER,REVIEW_REQUIRED,REVIEW_REQUIRED,REVIEW_REQUIRED,REVIEW_REQUIRED,REVIEW_REQUIRED,APPROVED,APPROVED,APPROVED,APPROVED,USER_DIRECT_REVIEW_2026_08_29,2026-08-29T00:00:00+09:00,주인님 일괄 승인: 외부 전문가 원천 승인 및 최종 육안 검수 완료
DVAR-691B90C811748C97,butterfly_adductor_stretch_mobility_stretch_bodyweight__upper_back_no_load_safe_v1,버터플라이 스트레칭,SEPARATE_EXERCISE,,BEGINNER,REVIEW_REQUIRED,REVIEW_REQUIRED,REVIEW_REQUIRED,REVIEW_REQUIRED,REVIEW_REQUIRED,APPROVED,APPROVED,APPROVED,APPROVED,USER_DIRECT_REVIEW_2026_08_29,2026-08-29T00:00:00+09:00,주인님 일괄 승인: 외부 전문가 원천 승인 및 최종 육안 검수 완료
DVAR-6B6A6F150F4812B5,one_arm_wall_lats_isolation_bodyweight__hip_no_load_safe_v1,한 팔 광배근 스트레칭,SEPARATE_EXERCISE,,BEGINNER,REVIEW_REQUIRED,REVIEW_REQUIRED,REVIEW_REQUIRED,REVIEW_REQUIRED,REVIEW_REQUIRED,APPROVED,APPROVED,APPROVED,APPROVED,USER_DIRECT_REVIEW_2026_08_29,2026-08-29T00:00:00+09:00,주인님 일괄 승인: 외부 전문가 원천 승인 및 최종 육안 검수 완료
DVAR-6E70CC6524F991D2,wall_calf_stretch_mobility_stretch_bodyweight__abdomen_no_load_safe_v1,종아리 스트레칭,SEPARATE_EXERCISE,,BEGINNER,REVIEW_REQUIRED,REVIEW_REQUIRED,REVIEW_REQUIRED,REVIEW_REQUIRED,REVIEW_REQUIRED,APPROVED,APPROVED,APPROVED,APPROVED,USER_DIRECT_REVIEW_2026_08_29,2026-08-29T00:00:00+09:00,주인님 일괄 승인: 외부 전문가 원천 승인 및 최종 육안 검수 완료
DVAR-6F87AC6ADC514415,seated_glute_stretch_mobility_stretch_bodyweight__upper_back_no_load_safe_v1,둔근 스트레칭,SEPARATE_EXERCISE,,BEGINNER,REVIEW_REQUIRED,REVIEW_REQUIRED,REVIEW_REQUIRED,REVIEW_REQUIRED,REVIEW_REQUIRED,APPROVED,APPROVED,APPROVED,APPROVED,USER_DIRECT_REVIEW_2026_08_29,2026-08-29T00:00:00+09:00,주인님 일괄 승인: 외부 전문가 원천 승인 및 최종 육안 검수 완료
DVAR-754CFA40B1C65427,butterfly_adductor_stretch_mobility_stretch_bodyweight__elbow_no_load_safe_v1,버터플라이 스트레칭,SEPARATE_EXERCISE,,BEGINNER,REVIEW_REQUIRED,REVIEW_REQUIRED,REVIEW_REQUIRED,REVIEW_REQUIRED,REVIEW_REQUIRED,APPROVED,APPROVED,APPROVED,APPROVED,USER_DIRECT_REVIEW_2026_08_29,2026-08-29T00:00:00+09:00,주인님 일괄 승인: 외부 전문가 원천 승인 및 최종 육안 검수 완료
DVAR-78019BC41BCE770A,chair_leg_extended_stretch_mobility_stretch_bodyweight__wrist_hand_no_load_safe_v1,레그 익스텐션 스트레칭,SEPARATE_EXERCISE,,BEGINNER,REVIEW_REQUIRED,REVIEW_REQUIRED,REVIEW_REQUIRED,REVIEW_REQUIRED,REVIEW_REQUIRED,APPROVED,APPROVED,APPROVED,APPROVED,USER_DIRECT_REVIEW_2026_08_29,2026-08-29T00:00:00+09:00,주인님 일괄 승인: 외부 전문가 원천 승인 및 최종 육안 검수 완료
DVAR-797356CB391528BF,overhead_triceps_stretch_mobility_stretch_bodyweight__ankle_foot_no_load_safe_v1,오버헤드 삼두근 스트레칭,SEPARATE_EXERCISE,,BEGINNER,REVIEW_REQUIRED,REVIEW_REQUIRED,REVIEW_REQUIRED,REVIEW_REQUIRED,REVIEW_REQUIRED,APPROVED,APPROVED,APPROVED,APPROVED,USER_DIRECT_REVIEW_2026_08_29,2026-08-29T00:00:00+09:00,주인님 일괄 승인: 외부 전문가 원천 승인 및 최종 육안 검수 완료
DVAR-7D30F2A8308533FE,seated_glute_stretch_mobility_stretch_bodyweight__lower_back_no_load_safe_v1,둔근 스트레칭,SEPARATE_EXERCISE,,BEGINNER,REVIEW_REQUIRED,REVIEW_REQUIRED,REVIEW_REQUIRED,REVIEW_REQUIRED,REVIEW_REQUIRED,APPROVED,APPROVED,APPROVED,APPROVED,USER_DIRECT_REVIEW_2026_08_29,2026-08-29T00:00:00+09:00,주인님 일괄 승인: 외부 전문가 원천 승인 및 최종 육안 검수 완료
DVAR-82501686CF95380A,neck_lateral_stretch_mobility_stretch_bodyweight__ankle_foot_no_load_safe_v1,목 옆면 스트레칭,SEPARATE_EXERCISE,,BEGINNER,REVIEW_REQUIRED,REVIEW_REQUIRED,REVIEW_REQUIRED,REVIEW_REQUIRED,REVIEW_REQUIRED,APPROVED,APPROVED,APPROVED,APPROVED,USER_DIRECT_REVIEW_2026_08_29,2026-08-29T00:00:00+09:00,주인님 일괄 승인: 외부 전문가 원천 승인 및 최종 육안 검수 완료
DVAR-889F35FB54AD157C,dumbbell_standing_curl_isolation_dumbbell__lower_back_no_load_safe_v1,덤벨 바이셉스 컬,SEPARATE_EXERCISE,,BEGINNER,REVIEW_REQUIRED,REVIEW_REQUIRED,REVIEW_REQUIRED,REVIEW_REQUIRED,REVIEW_REQUIRED,APPROVED,APPROVED,APPROVED,APPROVED,USER_DIRECT_REVIEW_2026_08_29,2026-08-29T00:00:00+09:00,주인님 일괄 승인: 외부 전문가 원천 승인 및 최종 육안 검수 완료
DVAR-8986420CC1824B81,seated_glute_stretch_mobility_stretch_bodyweight__neck_no_load_safe_v1,둔근 스트레칭,SEPARATE_EXERCISE,,BEGINNER,REVIEW_REQUIRED,REVIEW_REQUIRED,REVIEW_REQUIRED,REVIEW_REQUIRED,REVIEW_REQUIRED,APPROVED,APPROVED,APPROVED,APPROVED,USER_DIRECT_REVIEW_2026_08_29,2026-08-29T00:00:00+09:00,주인님 일괄 승인: 외부 전문가 원천 승인 및 최종 육안 검수 완료
DVAR-8C83EA75C5EB2A81,side_lying_quadriceps_stretch_mobility_stretch_bodyweight__abdomen_no_load_safe_v1,대퇴사두근 스트레칭,SEPARATE_EXERCISE,,BEGINNER,REVIEW_REQUIRED,REVIEW_REQUIRED,REVIEW_REQUIRED,REVIEW_REQUIRED,REVIEW_REQUIRED,APPROVED,APPROVED,APPROVED,APPROVED,USER_DIRECT_REVIEW_2026_08_29,2026-08-29T00:00:00+09:00,주인님 일괄 승인: 외부 전문가 원천 승인 및 최종 육안 검수 완료
DVAR-9432BB9760D2677F,butterfly_adductor_stretch_mobility_stretch_bodyweight__abdomen_no_load_safe_v1,버터플라이 스트레칭,SEPARATE_EXERCISE,,BEGINNER,REVIEW_REQUIRED,REVIEW_REQUIRED,REVIEW_REQUIRED,REVIEW_REQUIRED,REVIEW_REQUIRED,APPROVED,APPROVED,APPROVED,APPROVED,USER_DIRECT_REVIEW_2026_08_29,2026-08-29T00:00:00+09:00,주인님 일괄 승인: 외부 전문가 원천 승인 및 최종 육안 검수 완료
DVAR-99EA1AE55B52D628,rear_deltoid_stretch_mobility_stretch_bodyweight__ankle_foot_no_load_safe_v1,후면 어깨 스트레칭,SEPARATE_EXERCISE,,BEGINNER,REVIEW_REQUIRED,REVIEW_REQUIRED,REVIEW_REQUIRED,REVIEW_REQUIRED,REVIEW_REQUIRED,APPROVED,APPROVED,APPROVED,APPROVED,USER_DIRECT_REVIEW_2026_08_29,2026-08-29T00:00:00+09:00,주인님 일괄 승인: 외부 전문가 원천 승인 및 최종 육안 검수 완료
DVAR-9A46CA5E3E420CBB,seated_calf_stretch_mobility_stretch_bodyweight__wrist_hand_no_load_safe_v1,종아리 스트레칭,SEPARATE_EXERCISE,,BEGINNER,REVIEW_REQUIRED,REVIEW_REQUIRED,REVIEW_REQUIRED,REVIEW_REQUIRED,REVIEW_REQUIRED,APPROVED,APPROVED,APPROVED,APPROVED,USER_DIRECT_REVIEW_2026_08_29,2026-08-29T00:00:00+09:00,주인님 일괄 승인: 외부 전문가 원천 승인 및 최종 육안 검수 완료
DVAR-9D87E310514D2812,wrist_circles_mobility_stretch_bodyweight__hip_no_load_safe_v1,손목 돌리기,SEPARATE_EXERCISE,,BEGINNER,REVIEW_REQUIRED,REVIEW_REQUIRED,REVIEW_REQUIRED,REVIEW_REQUIRED,REVIEW_REQUIRED,APPROVED,APPROVED,APPROVED,APPROVED,USER_DIRECT_REVIEW_2026_08_29,2026-08-29T00:00:00+09:00,주인님 일괄 승인: 외부 전문가 원천 승인 및 최종 육안 검수 완료
DVAR-9E51F99EBE51B94E,seated_glute_stretch_mobility_stretch_bodyweight__abdomen_no_load_safe_v1,둔근 스트레칭,SEPARATE_EXERCISE,,BEGINNER,REVIEW_REQUIRED,REVIEW_REQUIRED,REVIEW_REQUIRED,REVIEW_REQUIRED,REVIEW_REQUIRED,APPROVED,APPROVED,APPROVED,APPROVED,USER_DIRECT_REVIEW_2026_08_29,2026-08-29T00:00:00+09:00,주인님 일괄 승인: 외부 전문가 원천 승인 및 최종 육안 검수 완료
DVAR-A5660508D8559197,butterfly_adductor_stretch_mobility_stretch_bodyweight__lower_back_no_load_safe_v1,버터플라이 스트레칭,SEPARATE_EXERCISE,,BEGINNER,REVIEW_REQUIRED,REVIEW_REQUIRED,REVIEW_REQUIRED,REVIEW_REQUIRED,REVIEW_REQUIRED,APPROVED,APPROVED,APPROVED,APPROVED,USER_DIRECT_REVIEW_2026_08_29,2026-08-29T00:00:00+09:00,주인님 일괄 승인: 외부 전문가 원천 승인 및 최종 육안 검수 완료
DVAR-AB7187925CA96B5D,overhead_triceps_stretch_mobility_stretch_bodyweight__hip_no_load_safe_v1,오버헤드 삼두근 스트레칭,SEPARATE_EXERCISE,,BEGINNER,REVIEW_REQUIRED,REVIEW_REQUIRED,REVIEW_REQUIRED,REVIEW_REQUIRED,REVIEW_REQUIRED,APPROVED,APPROVED,APPROVED,APPROVED,USER_DIRECT_REVIEW_2026_08_29,2026-08-29T00:00:00+09:00,주인님 일괄 승인: 외부 전문가 원천 승인 및 최종 육안 검수 완료
DVAR-AC2A0EE066A11173,wrist_circles_mobility_stretch_bodyweight__knee_no_load_safe_v1,손목 돌리기,SEPARATE_EXERCISE,,BEGINNER,REVIEW_REQUIRED,REVIEW_REQUIRED,REVIEW_REQUIRED,REVIEW_REQUIRED,REVIEW_REQUIRED,APPROVED,APPROVED,APPROVED,APPROVED,USER_DIRECT_REVIEW_2026_08_29,2026-08-29T00:00:00+09:00,주인님 일괄 승인: 외부 전문가 원천 승인 및 최종 육안 검수 완료
DVAR-B2924F279D12A89F,dynamic_chest_stretch_mobility_stretch_bodyweight__knee_no_load_safe_v1,다이내믹 가슴 스트레칭,SEPARATE_EXERCISE,,BEGINNER,REVIEW_REQUIRED,REVIEW_REQUIRED,REVIEW_REQUIRED,REVIEW_REQUIRED,REVIEW_REQUIRED,APPROVED,APPROVED,APPROVED,APPROVED,USER_DIRECT_REVIEW_2026_08_29,2026-08-29T00:00:00+09:00,주인님 일괄 승인: 외부 전문가 원천 승인 및 최종 육안 검수 완료
DVAR-B7D200EC585E724E,runners_stretch_mobility_stretch_bodyweight__lower_back_no_load_safe_v1,러너스 스트레칭,SEPARATE_EXERCISE,,BEGINNER,REVIEW_REQUIRED,REVIEW_REQUIRED,REVIEW_REQUIRED,REVIEW_REQUIRED,REVIEW_REQUIRED,APPROVED,APPROVED,APPROVED,APPROVED,USER_DIRECT_REVIEW_2026_08_29,2026-08-29T00:00:00+09:00,주인님 일괄 승인: 외부 전문가 원천 승인 및 최종 육안 검수 완료
DVAR-B8ECEA0A65C9CA22,hamstring_stretch_mobility_stretch_bodyweight__neck_no_load_safe_v1,햄스트링 스트레칭,SEPARATE_EXERCISE,,BEGINNER,REVIEW_REQUIRED,REVIEW_REQUIRED,REVIEW_REQUIRED,REVIEW_REQUIRED,REVIEW_REQUIRED,APPROVED,APPROVED,APPROVED,APPROVED,USER_DIRECT_REVIEW_2026_08_29,2026-08-29T00:00:00+09:00,주인님 일괄 승인: 외부 전문가 원천 승인 및 최종 육안 검수 완료
DVAR-C5F648AFAEA2196E,peroneal_stretch_mobility_stretch_stretch_strap__lower_back_no_load_safe_v1,종아리 바깥쪽 스트레칭,SEPARATE_EXERCISE,,INTERMEDIATE,REVIEW_REQUIRED,REVIEW_REQUIRED,REVIEW_REQUIRED,REVIEW_REQUIRED,REVIEW_REQUIRED,APPROVED,APPROVED,APPROVED,APPROVED,USER_DIRECT_REVIEW_2026_08_29,2026-08-29T00:00:00+09:00,주인님 일괄 승인: 외부 전문가 원천 승인 및 최종 육안 검수 완료
DVAR-C71E6316733CB362,seated_calf_stretch_mobility_stretch_bodyweight__upper_back_no_load_safe_v1,종아리 스트레칭,SEPARATE_EXERCISE,,BEGINNER,REVIEW_REQUIRED,REVIEW_REQUIRED,REVIEW_REQUIRED,REVIEW_REQUIRED,REVIEW_REQUIRED,APPROVED,APPROVED,APPROVED,APPROVED,USER_DIRECT_REVIEW_2026_08_29,2026-08-29T00:00:00+09:00,주인님 일괄 승인: 외부 전문가 원천 승인 및 최종 육안 검수 완료
DVAR-CA1B072FBE998AD5,neck_lateral_stretch_mobility_stretch_bodyweight__hip_no_load_safe_v1,목 옆면 스트레칭,SEPARATE_EXERCISE,,BEGINNER,REVIEW_REQUIRED,REVIEW_REQUIRED,REVIEW_REQUIRED,REVIEW_REQUIRED,REVIEW_REQUIRED,APPROVED,APPROVED,APPROVED,APPROVED,USER_DIRECT_REVIEW_2026_08_29,2026-08-29T00:00:00+09:00,주인님 일괄 승인: 외부 전문가 원천 승인 및 최종 육안 검수 완료
DVAR-D58F02F81420FBED,barbell_front_raise_isolation_barbell__knee_no_load_safe_v1,바벨 프론트 레이즈,SEPARATE_EXERCISE,,BEGINNER,REVIEW_REQUIRED,REVIEW_REQUIRED,REVIEW_REQUIRED,REVIEW_REQUIRED,REVIEW_REQUIRED,APPROVED,APPROVED,APPROVED,APPROVED,USER_DIRECT_REVIEW_2026_08_29,2026-08-29T00:00:00+09:00,주인님 일괄 승인: 외부 전문가 원천 승인 및 최종 육안 검수 완료
DVAR-DB658A7F33902A25,wall_calf_stretch_mobility_stretch_bodyweight__upper_back_no_load_safe_v1,종아리 스트레칭,SEPARATE_EXERCISE,,BEGINNER,REVIEW_REQUIRED,REVIEW_REQUIRED,REVIEW_REQUIRED,REVIEW_REQUIRED,REVIEW_REQUIRED,APPROVED,APPROVED,APPROVED,APPROVED,USER_DIRECT_REVIEW_2026_08_29,2026-08-29T00:00:00+09:00,주인님 일괄 승인: 외부 전문가 원천 승인 및 최종 육안 검수 완료
DVAR-E6D026C8937BBCE6,side_wrist_pull_stretch_mobility_stretch_bodyweight__knee_no_load_safe_v1,손목 당기기 스트레칭,SEPARATE_EXERCISE,,BEGINNER,REVIEW_REQUIRED,REVIEW_REQUIRED,REVIEW_REQUIRED,REVIEW_REQUIRED,REVIEW_REQUIRED,APPROVED,APPROVED,APPROVED,APPROVED,USER_DIRECT_REVIEW_2026_08_29,2026-08-29T00:00:00+09:00,주인님 일괄 승인: 외부 전문가 원천 승인 및 최종 육안 검수 완료
DVAR-EA075728B904B48B,side_lying_quadriceps_stretch_mobility_stretch_bodyweight__neck_no_load_safe_v1,대퇴사두근 스트레칭,SEPARATE_EXERCISE,,BEGINNER,REVIEW_REQUIRED,REVIEW_REQUIRED,REVIEW_REQUIRED,REVIEW_REQUIRED,REVIEW_REQUIRED,APPROVED,APPROVED,APPROVED,APPROVED,USER_DIRECT_REVIEW_2026_08_29,2026-08-29T00:00:00+09:00,주인님 일괄 승인: 외부 전문가 원천 승인 및 최종 육안 검수 완료
DVAR-EB514FBF13F9433D,dumbbell_shrug_isolation_dumbbell__hip_no_load_safe_v1,덤벨 슈러그,SEPARATE_EXERCISE,,BEGINNER,REVIEW_REQUIRED,REVIEW_REQUIRED,REVIEW_REQUIRED,REVIEW_REQUIRED,REVIEW_REQUIRED,APPROVED,APPROVED,APPROVED,APPROVED,USER_DIRECT_REVIEW_2026_08_29,2026-08-29T00:00:00+09:00,주인님 일괄 승인: 외부 전문가 원천 승인 및 최종 육안 검수 완료
DVAR-EBD1C36964A0A133,hamstring_stretch_mobility_stretch_bodyweight__shoulder_no_load_safe_v1,햄스트링 스트레칭,SEPARATE_EXERCISE,,BEGINNER,REVIEW_REQUIRED,REVIEW_REQUIRED,REVIEW_REQUIRED,REVIEW_REQUIRED,REVIEW_REQUIRED,APPROVED,APPROVED,APPROVED,APPROVED,USER_DIRECT_REVIEW_2026_08_29,2026-08-29T00:00:00+09:00,주인님 일괄 승인: 외부 전문가 원천 승인 및 최종 육안 검수 완료
DVAR-EC243CDB7A0537D3,bodyweight_standing_calf_raise_isolation_bodyweight__abdomen_no_load_safe_v1,카프 레이즈,SEPARATE_EXERCISE,,BEGINNER,REVIEW_REQUIRED,REVIEW_REQUIRED,REVIEW_REQUIRED,REVIEW_REQUIRED,REVIEW_REQUIRED,APPROVED,APPROVED,APPROVED,APPROVED,USER_DIRECT_REVIEW_2026_08_29,2026-08-29T00:00:00+09:00,주인님 일괄 승인: 외부 전문가 원천 승인 및 최종 육안 검수 완료
DVAR-ED6FA4BC14919A64,wall_calf_stretch_mobility_stretch_bodyweight__lower_back_no_load_safe_v1,종아리 스트레칭,SEPARATE_EXERCISE,,BEGINNER,REVIEW_REQUIRED,REVIEW_REQUIRED,REVIEW_REQUIRED,REVIEW_REQUIRED,REVIEW_REQUIRED,APPROVED,APPROVED,APPROVED,APPROVED,USER_DIRECT_REVIEW_2026_08_29,2026-08-29T00:00:00+09:00,주인님 일괄 승인: 외부 전문가 원천 승인 및 최종 육안 검수 완료
DVAR-F21D725050DC276C,triceps_stretch_mobility_stretch_bodyweight__hip_no_load_safe_v1,삼두근 스트레칭,SEPARATE_EXERCISE,,BEGINNER,REVIEW_REQUIRED,REVIEW_REQUIRED,REVIEW_REQUIRED,REVIEW_REQUIRED,REVIEW_REQUIRED,APPROVED,APPROVED,APPROVED,APPROVED,USER_DIRECT_REVIEW_2026_08_29,2026-08-29T00:00:00+09:00,주인님 일괄 승인: 외부 전문가 원천 승인 및 최종 육안 검수 완료
DVAR-F301899E2C8978E9,side_lying_quadriceps_stretch_mobility_stretch_bodyweight__lower_back_no_load_safe_v1,대퇴사두근 스트레칭,SEPARATE_EXERCISE,,BEGINNER,REVIEW_REQUIRED,REVIEW_REQUIRED,REVIEW_REQUIRED,REVIEW_REQUIRED,REVIEW_REQUIRED,APPROVED,APPROVED,APPROVED,APPROVED,USER_DIRECT_REVIEW_2026_08_29,2026-08-29T00:00:00+09:00,주인님 일괄 승인: 외부 전문가 원천 승인 및 최종 육안 검수 완료
DVAR-FA12EFDF98D0EBA8,chest_front_shoulder_stretch_mobility_stretch_bodyweight__lower_back_no_load_safe_v1,가슴·어깨 앞면 스트레칭,SEPARATE_EXERCISE,,BEGINNER,REVIEW_REQUIRED,REVIEW_REQUIRED,REVIEW_REQUIRED,REVIEW_REQUIRED,REVIEW_REQUIRED,APPROVED,APPROVED,APPROVED,APPROVED,USER_DIRECT_REVIEW_2026_08_29,2026-08-29T00:00:00+09:00,주인님 일괄 승인: 외부 전문가 원천 승인 및 최종 육안 검수 완료
DVAR-FAB7479B08EBDD54,dumbbell_shrug_isolation_dumbbell__knee_no_load_safe_v1,덤벨 슈러그,SEPARATE_EXERCISE,,BEGINNER,REVIEW_REQUIRED,REVIEW_REQUIRED,REVIEW_REQUIRED,REVIEW_REQUIRED,REVIEW_REQUIRED,APPROVED,APPROVED,APPROVED,APPROVED,USER_DIRECT_REVIEW_2026_08_29,2026-08-29T00:00:00+09:00,주인님 일괄 승인: 외부 전문가 원천 승인 및 최종 육안 검수 완료
DVAR-FB90D94DF9793384,neck_lateral_stretch_mobility_stretch_bodyweight__knee_no_load_safe_v1,목 옆면 스트레칭,SEPARATE_EXERCISE,,BEGINNER,REVIEW_REQUIRED,REVIEW_REQUIRED,REVIEW_REQUIRED,REVIEW_REQUIRED,REVIEW_REQUIRED,APPROVED,APPROVED,APPROVED,APPROVED,USER_DIRECT_REVIEW_2026_08_29,2026-08-29T00:00:00+09:00,주인님 일괄 승인: 외부 전문가 원천 승인 및 최종 육안 검수 완료
REX-000002,quadruped_quadriceps_stretch_mobility_stretch_bodyweight,네발기기 대퇴사두근 스트레칭,REPRESENTATIVE,,INTERMEDIATE,AVAILABLE,AVAILABLE,AVAILABLE,AVAILABLE,APPROVED,APPROVED,APPROVED,APPROVED,APPROVED,USER_DIRECT_REVIEW_2026_08_29,2026-08-29T00:00:00+09:00,주인님 일괄 승인: 외부 전문가 원천 승인 및 최종 육안 검수 완료
REX-000003,ankle_circles_mobility_stretch_bodyweight,발목 돌리기,REPRESENTATIVE,,BEGINNER,AVAILABLE,AVAILABLE,AVAILABLE,AVAILABLE,APPROVED,APPROVED,APPROVED,APPROVED,APPROVED,USER_DIRECT_REVIEW_2026_08_29,2026-08-29T00:00:00+09:00,주인님 일괄 승인: 외부 전문가 원천 승인 및 최종 육안 검수 완료
REX-000004,barbell_deadlift_hip_dominant_barbell,바벨 데드리프트,REPRESENTATIVE,,INTERMEDIATE,AVAILABLE,AVAILABLE,AVAILABLE,AVAILABLE,APPROVED,APPROVED,APPROVED,APPROVED,APPROVED,USER_DIRECT_REVIEW_2026_08_29,2026-08-29T00:00:00+09:00,주인님 일괄 승인: 외부 전문가 원천 승인 및 최종 육안 검수 완료
REX-000005,barbell_front_raise_isolation_barbell,바벨 프론트 레이즈,REPRESENTATIVE,,BEGINNER,AVAILABLE,AVAILABLE,AVAILABLE,AVAILABLE,APPROVED,APPROVED,APPROVED,APPROVED,APPROVED,USER_DIRECT_REVIEW_2026_08_29,2026-08-29T00:00:00+09:00,주인님 일괄 승인: 외부 전문가 원천 승인 및 최종 육안 검수 완료
REX-000007,barbell_straight_leg_deadlift_hip_dominant_barbell,바벨 루마니안 데드리프트,REPRESENTATIVE,,INTERMEDIATE,AVAILABLE,AVAILABLE,AVAILABLE,AVAILABLE,APPROVED,APPROVED,APPROVED,APPROVED,APPROVED,USER_DIRECT_REVIEW_2026_08_29,2026-08-29T00:00:00+09:00,주인님 일괄 승인: 외부 전문가 원천 승인 및 최종 육안 검수 완료
REX-000008,bodyweight_back_extension_hip_dominant_bodyweight,백 익스텐션,REPRESENTATIVE,,INTERMEDIATE,AVAILABLE,AVAILABLE,AVAILABLE,AVAILABLE,APPROVED,APPROVED,APPROVED,APPROVED,APPROVED,USER_DIRECT_REVIEW_2026_08_29,2026-08-29T00:00:00+09:00,주인님 일괄 승인: 외부 전문가 원천 승인 및 최종 육안 검수 완료
REX-000009,bodyweight_crunch_core_brace_bodyweight,크런치,REPRESENTATIVE,,BEGINNER,AVAILABLE,AVAILABLE,AVAILABLE,AVAILABLE,APPROVED,APPROVED,APPROVED,APPROVED,APPROVED,USER_DIRECT_REVIEW_2026_08_29,2026-08-29T00:00:00+09:00,주인님 일괄 승인: 외부 전문가 원천 승인 및 최종 육안 검수 완료
REX-000010,bodyweight_forward_lunge_knee_dominant_bodyweight,포워드 런지,REPRESENTATIVE,,BEGINNER,AVAILABLE,AVAILABLE,AVAILABLE,AVAILABLE,APPROVED,APPROVED,APPROVED,APPROVED,APPROVED,USER_DIRECT_REVIEW_2026_08_29,2026-08-29T00:00:00+09:00,주인님 일괄 승인: 외부 전문가 원천 승인 및 최종 육안 검수 완료
REX-000011,bodyweight_glute_bridge_hip_dominant_bodyweight,글루트 브리지,REPRESENTATIVE,,BEGINNER,AVAILABLE,AVAILABLE,AVAILABLE,AVAILABLE,APPROVED,APPROVED,APPROVED,APPROVED,APPROVED,USER_DIRECT_REVIEW_2026_08_29,2026-08-29T00:00:00+09:00,주인님 일괄 승인: 외부 전문가 원천 승인 및 최종 육안 검수 완료
REX-000013,bodyweight_reverse_crunch_core_brace_bodyweight,리버스 크런치,REPRESENTATIVE,,INTERMEDIATE,AVAILABLE,AVAILABLE,AVAILABLE,AVAILABLE,APPROVED,APPROVED,APPROVED,APPROVED,APPROVED,USER_DIRECT_REVIEW_2026_08_29,2026-08-29T00:00:00+09:00,주인님 일괄 승인: 외부 전문가 원천 승인 및 최종 육안 검수 완료
REX-000016,bodyweight_standing_calf_raise_isolation_bodyweight,스탠딩 카프 레이즈,REPRESENTATIVE,,BEGINNER,AVAILABLE,AVAILABLE,AVAILABLE,AVAILABLE,APPROVED,APPROVED,APPROVED,APPROVED,APPROVED,USER_DIRECT_REVIEW_2026_08_29,2026-08-29T00:00:00+09:00,주인님 일괄 승인: 외부 전문가 원천 승인 및 최종 육안 검수 완료
REX-000017,butterfly_adductor_stretch_mobility_stretch_bodyweight,버터플라이 스트레칭,REPRESENTATIVE,,BEGINNER,AVAILABLE,AVAILABLE,AVAILABLE,AVAILABLE,APPROVED,APPROVED,APPROVED,APPROVED,APPROVED,USER_DIRECT_REVIEW_2026_08_29,2026-08-29T00:00:00+09:00,주인님 일괄 승인: 외부 전문가 원천 승인 및 최종 육안 검수 완료
REX-000019,cable_triceps_pushdown_isolation_cable_machine,케이블 트라이셉스 푸시다운 머신,REPRESENTATIVE,,INTERMEDIATE,AVAILABLE,AVAILABLE,AVAILABLE,AVAILABLE,APPROVED,APPROVED,APPROVED,APPROVED,APPROVED,USER_DIRECT_REVIEW_2026_08_29,2026-08-29T00:00:00+09:00,주인님 일괄 승인: 외부 전문가 원천 승인 및 최종 육안 검수 완료
REX-000020,chair_leg_extended_stretch_mobility_stretch_bodyweight,시티드 레그 익스텐션 스트레칭,REPRESENTATIVE,,BEGINNER,AVAILABLE,AVAILABLE,AVAILABLE,AVAILABLE,APPROVED,APPROVED,APPROVED,APPROVED,APPROVED,USER_DIRECT_REVIEW_2026_08_29,2026-08-29T00:00:00+09:00,주인님 일괄 승인: 외부 전문가 원천 승인 및 최종 육안 검수 완료
REX-000021,chest_front_shoulder_stretch_mobility_stretch_bodyweight,가슴·어깨 앞면 스트레칭,REPRESENTATIVE,,BEGINNER,AVAILABLE,AVAILABLE,AVAILABLE,AVAILABLE,APPROVED,APPROVED,APPROVED,APPROVED,APPROVED,USER_DIRECT_REVIEW_2026_08_29,2026-08-29T00:00:00+09:00,주인님 일괄 승인: 외부 전문가 원천 승인 및 최종 육안 검수 완료
REX-000022,close_grip_push_up_horizontal_push_bodyweight,클로즈 그립 푸시업,REPRESENTATIVE,,BEGINNER,AVAILABLE,AVAILABLE,AVAILABLE,AVAILABLE,APPROVED,APPROVED,APPROVED,APPROVED,APPROVED,USER_DIRECT_REVIEW_2026_08_29,2026-08-29T00:00:00+09:00,주인님 일괄 승인: 외부 전문가 원천 승인 및 최종 육안 검수 완료
REX-000025,dumbbell_goblet_squat_knee_dominant_dumbbell,덤벨 고블릿 스쿼트,REPRESENTATIVE,,BEGINNER,AVAILABLE,AVAILABLE,AVAILABLE,AVAILABLE,APPROVED,APPROVED,APPROVED,APPROVED,APPROVED,USER_DIRECT_REVIEW_2026_08_29,2026-08-29T00:00:00+09:00,주인님 일괄 승인: 외부 전문가 원천 승인 및 최종 육안 검수 완료
REX-000026,dumbbell_lateral_raise_isolation_dumbbell,덤벨 레터럴 레이즈,REPRESENTATIVE,,BEGINNER,AVAILABLE,AVAILABLE,AVAILABLE,AVAILABLE,APPROVED,APPROVED,APPROVED,APPROVED,APPROVED,USER_DIRECT_REVIEW_2026_08_29,2026-08-29T00:00:00+09:00,주인님 일괄 승인: 외부 전문가 원천 승인 및 최종 육안 검수 완료
REX-000027,dumbbell_preacher_curl_isolation_dumbbell,덤벨 프리처 컬,REPRESENTATIVE,,BEGINNER,AVAILABLE,AVAILABLE,AVAILABLE,AVAILABLE,APPROVED,APPROVED,APPROVED,APPROVED,APPROVED,USER_DIRECT_REVIEW_2026_08_29,2026-08-29T00:00:00+09:00,주인님 일괄 승인: 외부 전문가 원천 승인 및 최종 육안 검수 완료
REX-000028,dumbbell_rear_fly_isolation_dumbbell,덤벨 리어 델트 플라이,REPRESENTATIVE,,BEGINNER,AVAILABLE,AVAILABLE,AVAILABLE,AVAILABLE,APPROVED,APPROVED,APPROVED,APPROVED,APPROVED,USER_DIRECT_REVIEW_2026_08_29,2026-08-29T00:00:00+09:00,주인님 일괄 승인: 외부 전문가 원천 승인 및 최종 육안 검수 완료
REX-000029,dumbbell_shrug_isolation_dumbbell,덤벨 슈러그,REPRESENTATIVE,,BEGINNER,AVAILABLE,AVAILABLE,AVAILABLE,AVAILABLE,APPROVED,APPROVED,APPROVED,APPROVED,APPROVED,USER_DIRECT_REVIEW_2026_08_29,2026-08-29T00:00:00+09:00,주인님 일괄 승인: 외부 전문가 원천 승인 및 최종 육안 검수 완료
REX-000030,dumbbell_standing_curl_isolation_dumbbell,덤벨 바이셉스 컬,REPRESENTATIVE,,BEGINNER,AVAILABLE,AVAILABLE,AVAILABLE,AVAILABLE,APPROVED,APPROVED,APPROVED,APPROVED,APPROVED,USER_DIRECT_REVIEW_2026_08_29,2026-08-29T00:00:00+09:00,주인님 일괄 승인: 외부 전문가 원천 승인 및 최종 육안 검수 완료
REX-000031,dumbbell_step_up_lunge_knee_dominant_dumbbell_step_box,덤벨 스텝업 런지,REPRESENTATIVE,,INTERMEDIATE,AVAILABLE,AVAILABLE,AVAILABLE,AVAILABLE,APPROVED,APPROVED,APPROVED,APPROVED,APPROVED,USER_DIRECT_REVIEW_2026_08_29,2026-08-29T00:00:00+09:00,주인님 일괄 승인: 외부 전문가 원천 승인 및 최종 육안 검수 완료
REX-000032,dynamic_chest_stretch_mobility_stretch_bodyweight,다이내믹 가슴 스트레칭,REPRESENTATIVE,,BEGINNER,AVAILABLE,AVAILABLE,AVAILABLE,AVAILABLE,APPROVED,APPROVED,APPROVED,APPROVED,APPROVED,USER_DIRECT_REVIEW_2026_08_29,2026-08-29T00:00:00+09:00,주인님 일괄 승인: 외부 전문가 원천 승인 및 최종 육안 검수 완료
REX-000033,exercise_ball_hip_flexor_stretch_mobility_stretch_stability_ball,짐볼 고관절 스트레칭,REPRESENTATIVE,,INTERMEDIATE,AVAILABLE,AVAILABLE,AVAILABLE,AVAILABLE,APPROVED,APPROVED,APPROVED,APPROVED,APPROVED,USER_DIRECT_REVIEW_2026_08_29,2026-08-29T00:00:00+09:00,주인님 일괄 승인: 외부 전문가 원천 승인 및 최종 육안 검수 완료
REX-000034,hamstring_stretch_mobility_stretch_bodyweight,햄스트링 스트레칭,REPRESENTATIVE,,BEGINNER,AVAILABLE,AVAILABLE,AVAILABLE,AVAILABLE,APPROVED,APPROVED,APPROVED,APPROVED,APPROVED,USER_DIRECT_REVIEW_2026_08_29,2026-08-29T00:00:00+09:00,주인님 일괄 승인: 외부 전문가 원천 승인 및 최종 육안 검수 완료
REX-000035,hand_grip_squeeze_isolation_household_weight,손 악력 쥐기,REPRESENTATIVE,,BEGINNER,AVAILABLE,AVAILABLE,AVAILABLE,AVAILABLE,APPROVED,APPROVED,APPROVED,APPROVED,APPROVED,USER_DIRECT_REVIEW_2026_08_29,2026-08-29T00:00:00+09:00,주인님 일괄 승인: 외부 전문가 원천 승인 및 최종 육안 검수 완료
REX-000036,hip_flexor_quadriceps_stretch_mobility_stretch_stretch_strap,고관절 굴근·대퇴사두근 스트레칭,REPRESENTATIVE,,INTERMEDIATE,AVAILABLE,AVAILABLE,AVAILABLE,AVAILABLE,APPROVED,APPROVED,APPROVED,APPROVED,APPROVED,USER_DIRECT_REVIEW_2026_08_29,2026-08-29T00:00:00+09:00,주인님 일괄 승인: 외부 전문가 원천 승인 및 최종 육안 검수 완료
REX-000038,inverted_row_horizontal_pull_bodyweight,인버티드 로우,REPRESENTATIVE,,INTERMEDIATE,AVAILABLE,AVAILABLE,AVAILABLE,AVAILABLE,APPROVED,APPROVED,APPROVED,APPROVED,APPROVED,USER_DIRECT_REVIEW_2026_08_29,2026-08-29T00:00:00+09:00,주인님 일괄 승인: 외부 전문가 원천 승인 및 최종 육안 검수 완료
REX-000039,kneeling_lat_stretch_mobility_stretch_bodyweight,무릎 꿇고 광배근 스트레칭,REPRESENTATIVE,,BEGINNER,AVAILABLE,AVAILABLE,AVAILABLE,AVAILABLE,APPROVED,APPROVED,APPROVED,APPROVED,APPROVED,USER_DIRECT_REVIEW_2026_08_29,2026-08-29T00:00:00+09:00,주인님 일괄 승인: 외부 전문가 원천 승인 및 최종 육안 검수 완료
REX-000040,lat_pulldown_vertical_pull_cable_machine,랫풀다운 머신,REPRESENTATIVE,,INTERMEDIATE,AVAILABLE,AVAILABLE,AVAILABLE,AVAILABLE,APPROVED,APPROVED,APPROVED,APPROVED,APPROVED,USER_DIRECT_REVIEW_2026_08_29,2026-08-29T00:00:00+09:00,주인님 일괄 승인: 외부 전문가 원천 승인 및 최종 육안 검수 완료
REX-000043,lower_back_curl_core_brace_bodyweight,로어 백 컬,REPRESENTATIVE,,INTERMEDIATE,AVAILABLE,AVAILABLE,AVAILABLE,AVAILABLE,APPROVED,APPROVED,APPROVED,APPROVED,APPROVED,USER_DIRECT_REVIEW_2026_08_29,2026-08-29T00:00:00+09:00,주인님 일괄 승인: 외부 전문가 원천 승인 및 최종 육안 검수 완료
REX-000045,neck_lateral_stretch_mobility_stretch_bodyweight,목 옆면 스트레칭,REPRESENTATIVE,,BEGINNER,AVAILABLE,AVAILABLE,AVAILABLE,AVAILABLE,APPROVED,APPROVED,APPROVED,APPROVED,APPROVED,USER_DIRECT_REVIEW_2026_08_29,2026-08-29T00:00:00+09:00,주인님 일괄 승인: 외부 전문가 원천 승인 및 최종 육안 검수 완료
REX-000046,one_arm_wall_lats_isolation_bodyweight,벽 짚고 한 팔 광배근 스트레칭,REPRESENTATIVE,,BEGINNER,AVAILABLE,AVAILABLE,AVAILABLE,AVAILABLE,APPROVED,APPROVED,APPROVED,APPROVED,APPROVED,USER_DIRECT_REVIEW_2026_08_29,2026-08-29T00:00:00+09:00,주인님 일괄 승인: 외부 전문가 원천 승인 및 최종 육안 검수 완료
REX-000047,overhead_triceps_extension_isolation_barbell,바벨 오버헤드 트라이셉스 익스텐션,REPRESENTATIVE,,BEGINNER,AVAILABLE,AVAILABLE,AVAILABLE,AVAILABLE,APPROVED,APPROVED,APPROVED,APPROVED,APPROVED,USER_DIRECT_REVIEW_2026_08_29,2026-08-29T00:00:00+09:00,주인님 일괄 승인: 외부 전문가 원천 승인 및 최종 육안 검수 완료
REX-000048,overhead_triceps_stretch_mobility_stretch_bodyweight,오버헤드 삼두근 스트레칭,REPRESENTATIVE,,BEGINNER,AVAILABLE,AVAILABLE,AVAILABLE,AVAILABLE,APPROVED,APPROVED,APPROVED,APPROVED,APPROVED,USER_DIRECT_REVIEW_2026_08_29,2026-08-29T00:00:00+09:00,주인님 일괄 승인: 외부 전문가 원천 승인 및 최종 육안 검수 완료
REX-000049,pectorals_horizontal_push_horizontal_push_machine,체스트 프레스 머신,REPRESENTATIVE,,BEGINNER,AVAILABLE,AVAILABLE,AVAILABLE,REVIEW_REQUIRED,REVIEW_REQUIRED,APPROVED,APPROVED,APPROVED,APPROVED,USER_DIRECT_REVIEW_2026_08_29,2026-08-29T00:00:00+09:00,주인님 일괄 승인: 외부 전문가 원천 승인 및 최종 육안 검수 완료
REX-000050,peroneal_stretch_mobility_stretch_stretch_strap,종아리 바깥쪽 스트레칭,REPRESENTATIVE,,INTERMEDIATE,AVAILABLE,AVAILABLE,AVAILABLE,AVAILABLE,APPROVED,APPROVED,APPROVED,APPROVED,APPROVED,USER_DIRECT_REVIEW_2026_08_29,2026-08-29T00:00:00+09:00,주인님 일괄 승인: 외부 전문가 원천 승인 및 최종 육안 검수 완료
REX-000052,push_up_horizontal_push_bodyweight,푸시업,REPRESENTATIVE,,BEGINNER,AVAILABLE,AVAILABLE,AVAILABLE,AVAILABLE,APPROVED,APPROVED,APPROVED,APPROVED,APPROVED,USER_DIRECT_REVIEW_2026_08_29,2026-08-29T00:00:00+09:00,주인님 일괄 승인: 외부 전문가 원천 승인 및 최종 육안 검수 완료
REX-000053,rear_deltoid_stretch_mobility_stretch_bodyweight,후면 어깨 스트레칭,REPRESENTATIVE,,BEGINNER,AVAILABLE,AVAILABLE,AVAILABLE,AVAILABLE,APPROVED,APPROVED,APPROVED,APPROVED,APPROVED,USER_DIRECT_REVIEW_2026_08_29,2026-08-29T00:00:00+09:00,주인님 일괄 승인: 외부 전문가 원천 승인 및 최종 육안 검수 완료
REX-000054,reverse_calf_raise_isolation_resistance_band,리버스 카프 레이즈,REPRESENTATIVE,,INTERMEDIATE,AVAILABLE,AVAILABLE,AVAILABLE,AVAILABLE,APPROVED,APPROVED,APPROVED,APPROVED,APPROVED,USER_DIRECT_REVIEW_2026_08_29,2026-08-29T00:00:00+09:00,주인님 일괄 승인: 외부 전문가 원천 승인 및 최종 육안 검수 완료
REX-000055,reverse_wrist_curl_isolation_barbell,바벨 리버스 리스트 컬,REPRESENTATIVE,,BEGINNER,AVAILABLE,AVAILABLE,AVAILABLE,AVAILABLE,APPROVED,APPROVED,APPROVED,APPROVED,APPROVED,USER_DIRECT_REVIEW_2026_08_29,2026-08-29T00:00:00+09:00,주인님 일괄 승인: 외부 전문가 원천 승인 및 최종 육안 검수 완료
REX-000056,cardio_gait_bodyweight,앞뒤 스텝,REPRESENTATIVE,,BEGINNER,AVAILABLE,AVAILABLE,AVAILABLE,AVAILABLE,APPROVED,APPROVED,APPROVED,APPROVED,APPROVED,USER_DIRECT_REVIEW_2026_08_29,2026-08-29T00:00:00+09:00,주인님 일괄 승인: 외부 전문가 원천 승인 및 최종 육안 검수 완료
REX-000057,hip_flexion_isolation_bodyweight,의자 잡고 무릎 들기,REPRESENTATIVE,,BEGINNER,AVAILABLE,AVAILABLE,AVAILABLE,REVIEW_REQUIRED,REVIEW_REQUIRED,APPROVED,APPROVED,APPROVED,APPROVED,USER_DIRECT_REVIEW_2026_08_29,2026-08-29T00:00:00+09:00,주인님 일괄 승인: 외부 전문가 원천 승인 및 최종 육안 검수 완료
REX-000058,cardio_gait_bodyweight_rex_000058,하이니,REPRESENTATIVE,,BEGINNER,AVAILABLE,AVAILABLE,AVAILABLE,AVAILABLE,APPROVED,APPROVED,APPROVED,APPROVED,APPROVED,USER_DIRECT_REVIEW_2026_08_29,2026-08-29T00:00:00+09:00,주인님 일괄 승인: 외부 전문가 원천 승인 및 최종 육안 검수 완료
REX-000059,cardio_jump_plyometric_bodyweight,점핑잭,REPRESENTATIVE,,BEGINNER,AVAILABLE,AVAILABLE,AVAILABLE,AVAILABLE,APPROVED,APPROVED,APPROVED,APPROVED,APPROVED,USER_DIRECT_REVIEW_2026_08_29,2026-08-29T00:00:00+09:00,주인님 일괄 승인: 외부 전문가 원천 승인 및 최종 육안 검수 완료
REX-000064,hip_flexion_isolation_bodyweight_rex_000064,앉아서 고관절 굴곡,REPRESENTATIVE,,BEGINNER,AVAILABLE,AVAILABLE,AVAILABLE,REVIEW_REQUIRED,REVIEW_REQUIRED,APPROVED,APPROVED,APPROVED,APPROVED,USER_DIRECT_REVIEW_2026_08_29,2026-08-29T00:00:00+09:00,주인님 일괄 승인: 외부 전문가 원천 승인 및 최종 육안 검수 완료
REX-000066,mobility_balance_bodyweight,한발 서기 균형,REPRESENTATIVE,,BEGINNER,AVAILABLE,AVAILABLE,AVAILABLE,REVIEW_REQUIRED,REVIEW_REQUIRED,APPROVED,APPROVED,APPROVED,APPROVED,USER_DIRECT_REVIEW_2026_08_29,2026-08-29T00:00:00+09:00,주인님 일괄 승인: 외부 전문가 원천 승인 및 최종 육안 검수 완료
REX-000068,cardio_gait_step_box,스텝박스 오르내리기,REPRESENTATIVE,,BEGINNER,AVAILABLE,AVAILABLE,AVAILABLE,REVIEW_REQUIRED,REVIEW_REQUIRED,APPROVED,APPROVED,APPROVED,APPROVED,USER_DIRECT_REVIEW_2026_08_29,2026-08-29T00:00:00+09:00,주인님 일괄 승인: 외부 전문가 원천 승인 및 최종 육안 검수 완료
REX-000069,leg_press_knee_dominant_resistance_band,누워서 밴드 레그 프레스,REPRESENTATIVE,,BEGINNER,AVAILABLE,AVAILABLE,AVAILABLE,REVIEW_REQUIRED,REVIEW_REQUIRED,APPROVED,APPROVED,APPROVED,APPROVED,USER_DIRECT_REVIEW_2026_08_29,2026-08-29T00:00:00+09:00,주인님 일괄 승인: 외부 전문가 원천 승인 및 최종 육안 검수 완료
REX-000070,cardio_gait_machine,경사 트레드밀 걷기 머신,REPRESENTATIVE,,BEGINNER,AVAILABLE,AVAILABLE,AVAILABLE,AVAILABLE,APPROVED,APPROVED,APPROVED,APPROVED,APPROVED,USER_DIRECT_REVIEW_2026_08_29,2026-08-29T00:00:00+09:00,주인님 일괄 승인: 외부 전문가 원천 승인 및 최종 육안 검수 완료
REX-000071,cardio_gait_machine_rex_000071,스텝밀 머신(천국의 계단),REPRESENTATIVE,,INTERMEDIATE,AVAILABLE,AVAILABLE,AVAILABLE,AVAILABLE,APPROVED,APPROVED,APPROVED,APPROVED,APPROVED,USER_DIRECT_REVIEW_2026_08_29,2026-08-29T00:00:00+09:00,주인님 일괄 승인: 외부 전문가 원천 승인 및 최종 육안 검수 완료
REX-000073,roller_back_stretch_mobility_stretch_foam_roller,롤러 등 스트레칭,REPRESENTATIVE,,INTERMEDIATE,AVAILABLE,AVAILABLE,AVAILABLE,AVAILABLE,APPROVED,APPROVED,APPROVED,APPROVED,APPROVED,USER_DIRECT_REVIEW_2026_08_29,2026-08-29T00:00:00+09:00,주인님 일괄 승인: 외부 전문가 원천 승인 및 최종 육안 검수 완료
REX-000074,roller_hip_stretch_mobility_stretch_foam_roller,롤러 둔근 스트레칭,REPRESENTATIVE,,INTERMEDIATE,AVAILABLE,AVAILABLE,AVAILABLE,AVAILABLE,APPROVED,APPROVED,APPROVED,APPROVED,APPROVED,USER_DIRECT_REVIEW_2026_08_29,2026-08-29T00:00:00+09:00,주인님 일괄 승인: 외부 전문가 원천 승인 및 최종 육안 검수 완료
REX-000076,row_variant_horizontal_pull_cable_machine,로우 머신,REPRESENTATIVE,,INTERMEDIATE,AVAILABLE,AVAILABLE,AVAILABLE,REVIEW_REQUIRED,REVIEW_REQUIRED,APPROVED,APPROVED,APPROVED,APPROVED,USER_DIRECT_REVIEW_2026_08_29,2026-08-29T00:00:00+09:00,주인님 일괄 승인: 외부 전문가 원천 승인 및 최종 육안 검수 완료
REX-000077,runners_stretch_mobility_stretch_bodyweight,러너스 스트레칭,REPRESENTATIVE,,BEGINNER,AVAILABLE,AVAILABLE,AVAILABLE,AVAILABLE,APPROVED,APPROVED,APPROVED,APPROVED,APPROVED,USER_DIRECT_REVIEW_2026_08_29,2026-08-29T00:00:00+09:00,주인님 일괄 승인: 외부 전문가 원천 승인 및 최종 육안 검수 완료
REX-000079,seated_cable_row_horizontal_pull_cable_machine,시티드 케이블 로우 머신,REPRESENTATIVE,,INTERMEDIATE,AVAILABLE,AVAILABLE,AVAILABLE,AVAILABLE,APPROVED,APPROVED,APPROVED,APPROVED,APPROVED,USER_DIRECT_REVIEW_2026_08_29,2026-08-29T00:00:00+09:00,주인님 일괄 승인: 외부 전문가 원천 승인 및 최종 육안 검수 완료
REX-000080,seated_calf_raise_isolation_barbell,바벨 시티드 카프 레이즈,REPRESENTATIVE,,BEGINNER,AVAILABLE,AVAILABLE,AVAILABLE,AVAILABLE,APPROVED,APPROVED,APPROVED,APPROVED,APPROVED,USER_DIRECT_REVIEW_2026_08_29,2026-08-29T00:00:00+09:00,주인님 일괄 승인: 외부 전문가 원천 승인 및 최종 육안 검수 완료
REX-000081,seated_calf_stretch_mobility_stretch_bodyweight,앉아서 종아리 스트레칭,REPRESENTATIVE,,BEGINNER,AVAILABLE,AVAILABLE,AVAILABLE,AVAILABLE,APPROVED,APPROVED,APPROVED,APPROVED,APPROVED,USER_DIRECT_REVIEW_2026_08_29,2026-08-29T00:00:00+09:00,주인님 일괄 승인: 외부 전문가 원천 승인 및 최종 육안 검수 완료
REX-000082,seated_glute_stretch_mobility_stretch_bodyweight,앉아서 둔근 스트레칭,REPRESENTATIVE,,BEGINNER,AVAILABLE,AVAILABLE,AVAILABLE,AVAILABLE,APPROVED,APPROVED,APPROVED,APPROVED,APPROVED,USER_DIRECT_REVIEW_2026_08_29,2026-08-29T00:00:00+09:00,주인님 일괄 승인: 외부 전문가 원천 승인 및 최종 육안 검수 완료
REX-000083,seated_leg_curl_knee_flexion_machine,레그 컬 머신,REPRESENTATIVE,,BEGINNER,AVAILABLE,AVAILABLE,AVAILABLE,AVAILABLE,APPROVED,APPROVED,APPROVED,APPROVED,APPROVED,USER_DIRECT_REVIEW_2026_08_29,2026-08-29T00:00:00+09:00,주인님 일괄 승인: 외부 전문가 원천 승인 및 최종 육안 검수 완료
REX-000084,seated_lower_back_stretch_mobility_stretch_bodyweight,앉아서 허리 스트레칭,REPRESENTATIVE,,BEGINNER,AVAILABLE,AVAILABLE,AVAILABLE,AVAILABLE,APPROVED,APPROVED,APPROVED,APPROVED,APPROVED,USER_DIRECT_REVIEW_2026_08_29,2026-08-29T00:00:00+09:00,주인님 일괄 승인: 외부 전문가 원천 승인 및 최종 육안 검수 완료
REX-000085,seated_piriformis_stretch_mobility_stretch_bodyweight,앉아서 이상근 스트레칭,REPRESENTATIVE,,BEGINNER,AVAILABLE,AVAILABLE,AVAILABLE,AVAILABLE,APPROVED,APPROVED,APPROVED,APPROVED,APPROVED,USER_DIRECT_REVIEW_2026_08_29,2026-08-29T00:00:00+09:00,주인님 일괄 승인: 외부 전문가 원천 승인 및 최종 육안 검수 완료
REX-000087,seated_wide_angle_stretch_mobility_stretch_bodyweight,시티드 와이드 앵글 스트레칭,REPRESENTATIVE,,INTERMEDIATE,AVAILABLE,AVAILABLE,AVAILABLE,AVAILABLE,APPROVED,APPROVED,APPROVED,APPROVED,APPROVED,USER_DIRECT_REVIEW_2026_08_29,2026-08-29T00:00:00+09:00,주인님 일괄 승인: 외부 전문가 원천 승인 및 최종 육안 검수 완료
REX-000088,side_lying_quadriceps_stretch_mobility_stretch_bodyweight,옆으로 누워 대퇴사두근 스트레칭,REPRESENTATIVE,,BEGINNER,AVAILABLE,AVAILABLE,AVAILABLE,AVAILABLE,APPROVED,APPROVED,APPROVED,APPROVED,APPROVED,USER_DIRECT_REVIEW_2026_08_29,2026-08-29T00:00:00+09:00,주인님 일괄 승인: 외부 전문가 원천 승인 및 최종 육안 검수 완료
REX-000089,side_wrist_pull_stretch_mobility_stretch_bodyweight,손목 당기기 스트레칭,REPRESENTATIVE,,BEGINNER,AVAILABLE,AVAILABLE,AVAILABLE,AVAILABLE,APPROVED,APPROVED,APPROVED,APPROVED,APPROVED,USER_DIRECT_REVIEW_2026_08_29,2026-08-29T00:00:00+09:00,주인님 일괄 승인: 외부 전문가 원천 승인 및 최종 육안 검수 완료
REX-000091,spine_stretch_mobility_stretch_bodyweight,척추 스트레칭,REPRESENTATIVE,,BEGINNER,AVAILABLE,AVAILABLE,AVAILABLE,AVAILABLE,APPROVED,APPROVED,APPROVED,APPROVED,APPROVED,USER_DIRECT_REVIEW_2026_08_29,2026-08-29T00:00:00+09:00,주인님 일괄 승인: 외부 전문가 원천 승인 및 최종 육안 검수 완료
REX-000094,standing_hamstring_calf_strap_stretch_mobility_stretch_stretch_strap,스트랩 햄스트링·종아리 스트레칭,REPRESENTATIVE,,BEGINNER,AVAILABLE,AVAILABLE,AVAILABLE,AVAILABLE,APPROVED,APPROVED,APPROVED,APPROVED,APPROVED,USER_DIRECT_REVIEW_2026_08_29,2026-08-29T00:00:00+09:00,주인님 일괄 승인: 외부 전문가 원천 승인 및 최종 육안 검수 완료
REX-000095,standing_lateral_stretch_mobility_stretch_bodyweight,서서 옆구리 스트레칭,REPRESENTATIVE,,BEGINNER,AVAILABLE,AVAILABLE,AVAILABLE,AVAILABLE,APPROVED,APPROVED,APPROVED,APPROVED,APPROVED,USER_DIRECT_REVIEW_2026_08_29,2026-08-29T00:00:00+09:00,주인님 일괄 승인: 외부 전문가 원천 승인 및 최종 육안 검수 완료
REX-000096,triceps_stretch_mobility_stretch_bodyweight,삼두근 스트레칭,REPRESENTATIVE,,BEGINNER,AVAILABLE,AVAILABLE,AVAILABLE,AVAILABLE,APPROVED,APPROVED,APPROVED,APPROVED,APPROVED,USER_DIRECT_REVIEW_2026_08_29,2026-08-29T00:00:00+09:00,주인님 일괄 승인: 외부 전문가 원천 승인 및 최종 육안 검수 완료
REX-000097,upper_back_isolation_isolation_resistance_band,시티드 밴드 풀어파트,REPRESENTATIVE,,BEGINNER,AVAILABLE,AVAILABLE,AVAILABLE,REVIEW_REQUIRED,REVIEW_REQUIRED,APPROVED,APPROVED,APPROVED,APPROVED,USER_DIRECT_REVIEW_2026_08_29,2026-08-29T00:00:00+09:00,주인님 일괄 승인: 외부 전문가 원천 승인 및 최종 육안 검수 완료
REX-000098,upper_back_stretch_mobility_stretch_bodyweight,상부 등 스트레칭,REPRESENTATIVE,,BEGINNER,AVAILABLE,AVAILABLE,AVAILABLE,AVAILABLE,APPROVED,APPROVED,APPROVED,APPROVED,APPROVED,USER_DIRECT_REVIEW_2026_08_29,2026-08-29T00:00:00+09:00,주인님 일괄 승인: 외부 전문가 원천 승인 및 최종 육안 검수 완료
REX-000099,wall_calf_stretch_mobility_stretch_bodyweight,벽 짚고 종아리 스트레칭,REPRESENTATIVE,,BEGINNER,AVAILABLE,AVAILABLE,AVAILABLE,AVAILABLE,APPROVED,APPROVED,APPROVED,APPROVED,APPROVED,USER_DIRECT_REVIEW_2026_08_29,2026-08-29T00:00:00+09:00,주인님 일괄 승인: 외부 전문가 원천 승인 및 최종 육안 검수 완료
REX-000100,world_greatest_stretch_mobility_stretch_bodyweight,월드 그레이티스트 스트레칭,REPRESENTATIVE,,INTERMEDIATE,AVAILABLE,AVAILABLE,AVAILABLE,AVAILABLE,APPROVED,APPROVED,APPROVED,APPROVED,APPROVED,USER_DIRECT_REVIEW_2026_08_29,2026-08-29T00:00:00+09:00,주인님 일괄 승인: 외부 전문가 원천 승인 및 최종 육안 검수 완료
REX-000101,wrist_circles_mobility_stretch_bodyweight,손목 돌리기,REPRESENTATIVE,,BEGINNER,AVAILABLE,AVAILABLE,AVAILABLE,AVAILABLE,APPROVED,APPROVED,APPROVED,APPROVED,APPROVED,USER_DIRECT_REVIEW_2026_08_29,2026-08-29T00:00:00+09:00,주인님 일괄 승인: 외부 전문가 원천 승인 및 최종 육안 검수 완료
REX-000102,wrist_curl_isolation_barbell,바벨 리스트 컬,REPRESENTATIVE,,BEGINNER,AVAILABLE,AVAILABLE,AVAILABLE,AVAILABLE,APPROVED,APPROVED,APPROVED,APPROVED,APPROVED,USER_DIRECT_REVIEW_2026_08_29,2026-08-29T00:00:00+09:00,주인님 일괄 승인: 외부 전문가 원천 승인 및 최종 육안 검수 완료
REX-000109,dumbbell_lateral_to_front_raise_isolation_dumbbell,덤벨 레터럴 투 프론트 레이즈,SEPARATE_EXERCISE,,INTERMEDIATE,REVIEW_REQUIRED,REVIEW_REQUIRED,REVIEW_REQUIRED,REVIEW_REQUIRED,REVIEW_REQUIRED,APPROVED,APPROVED,APPROVED,APPROVED,USER_DIRECT_REVIEW_2026_08_29,2026-08-29T00:00:00+09:00,주인님 일괄 승인: 외부 전문가 원천 승인 및 최종 육안 검수 완료
REX-000119,smith_reverse_calf_raises_isolation_machine,스미스 리버스 카프 레이즈 머신,SEPARATE_EXERCISE,,INTERMEDIATE,REVIEW_REQUIRED,REVIEW_REQUIRED,REVIEW_REQUIRED,REVIEW_REQUIRED,REVIEW_REQUIRED,APPROVED,APPROVED,APPROVED,APPROVED,USER_DIRECT_REVIEW_2026_08_29,2026-08-29T00:00:00+09:00,주인님 일괄 승인: 외부 전문가 원천 승인 및 최종 육안 검수 완료
REX-000124,band_two_legs_calf_raise_band_under_both_legs_v_2_isolation_resistance_band,밴드 양발 카프 레이즈,SEPARATE_EXERCISE,,BEGINNER,REVIEW_REQUIRED,REVIEW_REQUIRED,REVIEW_REQUIRED,REVIEW_REQUIRED,REVIEW_REQUIRED,APPROVED,APPROVED,APPROVED,APPROVED,USER_DIRECT_REVIEW_2026_08_29,2026-08-29T00:00:00+09:00,주인님 일괄 승인: 외부 전문가 원천 승인 및 최종 육안 검수 완료
REX-000125,one_leg_donkey_calf_raise_isolation_bodyweight,한발 동키 카프 레이즈,SEPARATE_EXERCISE,,INTERMEDIATE,REVIEW_REQUIRED,REVIEW_REQUIRED,REVIEW_REQUIRED,REVIEW_REQUIRED,REVIEW_REQUIRED,APPROVED,APPROVED,APPROVED,APPROVED,USER_DIRECT_REVIEW_2026_08_29,2026-08-29T00:00:00+09:00,주인님 일괄 승인: 외부 전문가 원천 승인 및 최종 육안 검수 완료
VEX-000004,dumbbell_front_raise_v_2_isolation_dumbbell,덤벨 프론트 레이즈,VARIANT,PRIMARY_VARIANT,BEGINNER,REVIEW_REQUIRED,REVIEW_REQUIRED,REVIEW_REQUIRED,REVIEW_REQUIRED,REVIEW_REQUIRED,APPROVED,APPROVED,APPROVED,APPROVED,USER_DIRECT_REVIEW_2026_08_29,2026-08-29T00:00:00+09:00,주인님 일괄 승인: 외부 전문가 원천 승인 및 최종 육안 검수 완료
VEX-000005,dumbbell_front_raise_isolation_dumbbell,덤벨 프론트 레이즈,VARIANT,PRIMARY_VARIANT,BEGINNER,REVIEW_REQUIRED,REVIEW_REQUIRED,REVIEW_REQUIRED,REVIEW_REQUIRED,REVIEW_REQUIRED,APPROVED,APPROVED,APPROVED,APPROVED,USER_DIRECT_REVIEW_2026_08_29,2026-08-29T00:00:00+09:00,주인님 일괄 승인: 외부 전문가 원천 승인 및 최종 육안 검수 완료
VEX-000006,dumbbell_seated_alternate_front_raise_isolation_dumbbell,덤벨 시티드 교대 프론트 레이즈,VARIANT,PRIMARY_VARIANT,BEGINNER,REVIEW_REQUIRED,REVIEW_REQUIRED,REVIEW_REQUIRED,REVIEW_REQUIRED,REVIEW_REQUIRED,APPROVED,APPROVED,APPROVED,APPROVED,USER_DIRECT_REVIEW_2026_08_29,2026-08-29T00:00:00+09:00,주인님 일괄 승인: 외부 전문가 원천 승인 및 최종 육안 검수 완료
VEX-000007,band_front_raise_isolation_resistance_band,밴드 프론트 레이즈,VARIANT,PRIMARY_VARIANT,BEGINNER,REVIEW_REQUIRED,REVIEW_REQUIRED,REVIEW_REQUIRED,REVIEW_REQUIRED,REVIEW_REQUIRED,APPROVED,APPROVED,APPROVED,APPROVED,USER_DIRECT_REVIEW_2026_08_29,2026-08-29T00:00:00+09:00,주인님 일괄 승인: 외부 전문가 원천 승인 및 최종 육안 검수 완료
VEX-000026,dumbbell_single_leg_calf_raise_isolation_dumbbell,덤벨 싱글 레그 카프 레이즈,VARIANT,PRIMARY_VARIANT,INTERMEDIATE,REVIEW_REQUIRED,REVIEW_REQUIRED,REVIEW_REQUIRED,REVIEW_REQUIRED,REVIEW_REQUIRED,APPROVED,APPROVED,APPROVED,APPROVED,USER_DIRECT_REVIEW_2026_08_29,2026-08-29T00:00:00+09:00,주인님 일괄 승인: 외부 전문가 원천 승인 및 최종 육안 검수 완료
VEX-000027,band_single_leg_calf_raise_isolation_resistance_band,밴드 싱글 레그 카프 레이즈,VARIANT,PRIMARY_VARIANT,INTERMEDIATE,REVIEW_REQUIRED,REVIEW_REQUIRED,REVIEW_REQUIRED,REVIEW_REQUIRED,REVIEW_REQUIRED,APPROVED,APPROVED,APPROVED,APPROVED,USER_DIRECT_REVIEW_2026_08_29,2026-08-29T00:00:00+09:00,주인님 일괄 승인: 외부 전문가 원천 승인 및 최종 육안 검수 완료
VEX-000028,one_leg_floor_calf_raise_isolation_bodyweight,한발 카프 레이즈,VARIANT,PRIMARY_VARIANT,INTERMEDIATE,REVIEW_REQUIRED,REVIEW_REQUIRED,REVIEW_REQUIRED,REVIEW_REQUIRED,REVIEW_REQUIRED,APPROVED,APPROVED,APPROVED,APPROVED,USER_DIRECT_REVIEW_2026_08_29,2026-08-29T00:00:00+09:00,주인님 일괄 승인: 외부 전문가 원천 승인 및 최종 육안 검수 완료
VEX-000037,cable_shrug_isolation_cable_machine,케이블 슈러그 머신,VARIANT,PRIMARY_VARIANT,INTERMEDIATE,REVIEW_REQUIRED,REVIEW_REQUIRED,REVIEW_REQUIRED,REVIEW_REQUIRED,REVIEW_REQUIRED,APPROVED,APPROVED,APPROVED,APPROVED,USER_DIRECT_REVIEW_2026_08_29,2026-08-29T00:00:00+09:00,주인님 일괄 승인: 외부 전문가 원천 승인 및 최종 육안 검수 완료
VEX-000038,dumbbell_decline_shrug_v_2_isolation_dumbbell,덤벨 디클라인 슈러그,VARIANT,PRIMARY_VARIANT,BEGINNER,REVIEW_REQUIRED,REVIEW_REQUIRED,REVIEW_REQUIRED,REVIEW_REQUIRED,REVIEW_REQUIRED,APPROVED,APPROVED,APPROVED,APPROVED,USER_DIRECT_REVIEW_2026_08_29,2026-08-29T00:00:00+09:00,주인님 일괄 승인: 외부 전문가 원천 승인 및 최종 육안 검수 완료
VEX-000039,dumbbell_decline_shrug_isolation_dumbbell,덤벨 디클라인 슈러그,VARIANT,PRIMARY_VARIANT,BEGINNER,REVIEW_REQUIRED,REVIEW_REQUIRED,REVIEW_REQUIRED,REVIEW_REQUIRED,REVIEW_REQUIRED,APPROVED,APPROVED,APPROVED,APPROVED,USER_DIRECT_REVIEW_2026_08_29,2026-08-29T00:00:00+09:00,주인님 일괄 승인: 외부 전문가 원천 승인 및 최종 육안 검수 완료
VEX-000040,dumbbell_incline_shrug_isolation_dumbbell,덤벨 인클라인 슈러그,VARIANT,PRIMARY_VARIANT,BEGINNER,REVIEW_REQUIRED,REVIEW_REQUIRED,REVIEW_REQUIRED,REVIEW_REQUIRED,REVIEW_REQUIRED,APPROVED,APPROVED,APPROVED,APPROVED,USER_DIRECT_REVIEW_2026_08_29,2026-08-29T00:00:00+09:00,주인님 일괄 승인: 외부 전문가 원천 승인 및 최종 육안 검수 완료
VEX-000041,band_shrug_isolation_resistance_band,밴드 슈러그,VARIANT,PRIMARY_VARIANT,BEGINNER,REVIEW_REQUIRED,REVIEW_REQUIRED,REVIEW_REQUIRED,REVIEW_REQUIRED,REVIEW_REQUIRED,APPROVED,APPROVED,APPROVED,APPROVED,USER_DIRECT_REVIEW_2026_08_29,2026-08-29T00:00:00+09:00,주인님 일괄 승인: 외부 전문가 원천 승인 및 최종 육안 검수 완료
VEX-000045,side_push_neck_stretch_mobility_stretch_bodyweight,사이드 푸시 목 스트레칭,VARIANT,PRIMARY_VARIANT,BEGINNER,REVIEW_REQUIRED,REVIEW_REQUIRED,REVIEW_REQUIRED,REVIEW_REQUIRED,REVIEW_REQUIRED,APPROVED,APPROVED,APPROVED,APPROVED,USER_DIRECT_REVIEW_2026_08_29,2026-08-29T00:00:00+09:00,주인님 일괄 승인: 외부 전문가 원천 승인 및 최종 육안 검수 완료
VEX-000054,lever_seated_calf_raise_isolation_machine,시티드 카프 레이즈 머신,VARIANT,PRIMARY_VARIANT,BEGINNER,REVIEW_REQUIRED,REVIEW_REQUIRED,REVIEW_REQUIRED,REVIEW_REQUIRED,REVIEW_REQUIRED,APPROVED,APPROVED,APPROVED,APPROVED,USER_DIRECT_REVIEW_2026_08_29,2026-08-29T00:00:00+09:00,주인님 일괄 승인: 외부 전문가 원천 승인 및 최종 육안 검수 완료
VEX-000055,dumbbell_seated_calf_raise_isolation_dumbbell,덤벨 시티드 카프 레이즈,VARIANT,PRIMARY_VARIANT,BEGINNER,REVIEW_REQUIRED,REVIEW_REQUIRED,REVIEW_REQUIRED,REVIEW_REQUIRED,REVIEW_REQUIRED,APPROVED,APPROVED,APPROVED,APPROVED,USER_DIRECT_REVIEW_2026_08_29,2026-08-29T00:00:00+09:00,주인님 일괄 승인: 외부 전문가 원천 승인 및 최종 육안 검수 완료
