experiment_id,split_type,split_part,ablation_id,model_id,n_train,n_val,n_test,n_users_train,n_users_val,n_users_test,hyperparams,feature_columns,seed,git_commit,source_fingerprint,config_sha256,run_at,threshold,calibration_bins,n_validation_predictions,prediction_path,test_accessed,duration_seconds,precision,recall,f1,roc_auc,pr_auc,brier,tn,fp,fn,tp,calibration_curve,unavailable_metrics,selected,selected_for_split
time_A0_majority,time,val,A0,majority,79652,14966,,286,285,,"{""strategy"":""most_frequent""}",[],42,84e53a05f01e9188b5d2ed16fdfc6d99da3afcf0,07d935d701aec7001ed59534be4c84d7176f5feaca0318ae978e512769d46373,a0425fcc0ba351c8f6137f2997261229b374cf54a99904bc2ec4416c648a9549,2026-08-20T03:49:49.774289+00:00,0.5,10,14966,ml/outputs/predictions/predictions_time_A0_majority.parquet,False,2.3622847909991833,0.536215421622344,1.0,0.698099256230699,0.5,0.536215421622344,0.463784578377656,0,6941,0,8025,"{""n_bins"":10,""probability_predicted"":[1.0],""probability_true"":[0.536215421622344]}",{},False,False
time_A1_logreg,time,val,A1,logreg,79652,14966,,286,285,,"{""max_iter"":1000,""random_state"":42}","[""experience_level_code"",""day_of_week"",""is_weekend""]",42,84e53a05f01e9188b5d2ed16fdfc6d99da3afcf0,07d935d701aec7001ed59534be4c84d7176f5feaca0318ae978e512769d46373,a0425fcc0ba351c8f6137f2997261229b374cf54a99904bc2ec4416c648a9549,2026-08-20T03:49:49.774289+00:00,0.5,10,14966,ml/outputs/predictions/predictions_time_A1_logreg.parquet,False,0.07936545799930173,0.7411533420707732,0.5637383177570093,0.6403850237100998,0.7134404040104827,0.7231549470726355,0.21238563343256547,5361,1580,3501,4524,"{""n_bins"":10,""probability_predicted"":[0.2069263320662834,0.33803182531750314,0.49516909942386034,0.6316612505055721,0.79187284650206],""probability_true"":[0.25435540069686413,0.33797634691195794,0.47569113441372735,0.5811546840958606,0.8099812558575445]}",{},False,False
time_A1_rf,time,val,A1,rf,79652,14966,,286,285,,"{""min_samples_leaf"":5,""n_estimators"":300,""n_jobs"":-1,""random_state"":42}","[""experience_level_code"",""day_of_week"",""is_weekend""]",42,84e53a05f01e9188b5d2ed16fdfc6d99da3afcf0,07d935d701aec7001ed59534be4c84d7176f5feaca0318ae978e512769d46373,a0425fcc0ba351c8f6137f2997261229b374cf54a99904bc2ec4416c648a9549,2026-08-20T03:49:49.774289+00:00,0.5,10,14966,ml/outputs/predictions/predictions_time_A1_rf.parquet,False,0.5219475419999071,0.7411533420707732,0.5637383177570093,0.6403850237100998,0.7116293404893314,0.7200209610287183,0.21165084030805204,5361,1580,3501,4524,"{""n_bins"":10,""probability_predicted"":[0.2534088263943636,0.343014820701346,0.48289560452742847,0.577980231290809,0.8129417175931581],""probability_true"":[0.25435540069686413,0.33797634691195794,0.47569113441372735,0.5811546840958606,0.8099812558575445]}",{},False,False
time_A1_histgb,time,val,A1,histgb,79652,14966,,286,285,,"{""learning_rate"":0.1,""max_iter"":300,""random_state"":42}","[""experience_level_code"",""day_of_week"",""is_weekend""]",42,84e53a05f01e9188b5d2ed16fdfc6d99da3afcf0,07d935d701aec7001ed59534be4c84d7176f5feaca0318ae978e512769d46373,a0425fcc0ba351c8f6137f2997261229b374cf54a99904bc2ec4416c648a9549,2026-08-20T03:49:49.774289+00:00,0.5,10,14966,ml/outputs/predictions/predictions_time_A1_histgb.parquet,False,0.446970875000261,0.7411533420707732,0.5637383177570093,0.6403850237100998,0.7114422181439377,0.7198454263916161,0.21165525964885712,5361,1580,3501,4524,"{""n_bins"":10,""probability_predicted"":[0.25338999792050815,0.34443790132520075,0.4823229236260156,0.5761927251008081,0.8130647715219518],""probability_true"":[0.25435540069686413,0.33797634691195794,0.47569113441372735,0.5811546840958606,0.8099812558575445]}",{},False,False
time_A2_logreg,time,val,A2,logreg,79652,14966,,286,285,,"{""max_iter"":1000,""random_state"":42}","[""experience_level_code"",""day_of_week"",""is_weekend"",""workout_completed_prev_day"",""workout_count_7d"",""workout_count_28d"",""completion_rate_7d"",""completion_rate_28d"",""days_since_last_workout"",""consecutive_workout_days"",""consecutive_non_workout_days"",""is_return_mode_candidate""]",42,84e53a05f01e9188b5d2ed16fdfc6d99da3afcf0,07d935d701aec7001ed59534be4c84d7176f5feaca0318ae978e512769d46373,a0425fcc0ba351c8f6137f2997261229b374cf54a99904bc2ec4416c648a9549,2026-08-20T03:49:49.774289+00:00,0.5,10,14966,ml/outputs/predictions/predictions_time_A2_logreg.parquet,False,0.11822433300039847,0.6859070464767616,0.6841121495327103,0.6850084222346996,0.727787991441886,0.7621133971865417,0.20963294562993098,4427,2514,2535,5490,"{""n_bins"":10,""probability_predicted"":[0.17756094376822024,0.25982574087650384,0.345991965158294,0.4582477311442501,0.5405125091354595,0.6464251899795778,0.7647759324076081,0.8270792293473215,0.913275816861321],""probability_true"":[0.19082125603864733,0.3025387870239774,0.33765707336846373,0.4483665039429215,0.5042662116040956,0.5947030497592295,0.7639055622248899,0.8645943097997892,1.0]}",{},False,False
time_A2_rf,time,val,A2,rf,79652,14966,,286,285,,"{""min_samples_leaf"":5,""n_estimators"":300,""n_jobs"":-1,""random_state"":42}","[""experience_level_code"",""day_of_week"",""is_weekend"",""workout_completed_prev_day"",""workout_count_7d"",""workout_count_28d"",""completion_rate_7d"",""completion_rate_28d"",""days_since_last_workout"",""consecutive_workout_days"",""consecutive_non_workout_days"",""is_return_mode_candidate""]",42,84e53a05f01e9188b5d2ed16fdfc6d99da3afcf0,07d935d701aec7001ed59534be4c84d7176f5feaca0318ae978e512769d46373,a0425fcc0ba351c8f6137f2997261229b374cf54a99904bc2ec4416c648a9549,2026-08-20T03:49:49.774289+00:00,0.5,10,14966,ml/outputs/predictions/predictions_time_A2_rf.parquet,False,1.0916241250015446,0.6798408828435776,0.6601869158878505,0.66986976861803,0.709456249178097,0.7476096779330321,0.2162378740158488,4446,2495,2727,5298,"{""n_bins"":10,""probability_predicted"":[0.07838988630101085,0.1632974228535413,0.2550970923252906,0.3519483699758239,0.4495491192923711,0.5472414582230958,0.6498087913173173,0.7535134426311211,0.8479774461056997,0.9475639005667831],""probability_true"":[0.23214285714285715,0.2898832684824903,0.31017881705639616,0.36946011281224816,0.44881889763779526,0.5264279624893435,0.5937707090788602,0.7296296296296296,0.8107489994282447,0.9106078665077473]}",{},False,False
time_A2_histgb,time,val,A2,histgb,79652,14966,,286,285,,"{""learning_rate"":0.1,""max_iter"":300,""random_state"":42}","[""experience_level_code"",""day_of_week"",""is_weekend"",""workout_completed_prev_day"",""workout_count_7d"",""workout_count_28d"",""completion_rate_7d"",""completion_rate_28d"",""days_since_last_workout"",""consecutive_workout_days"",""consecutive_non_workout_days"",""is_return_mode_candidate""]",42,84e53a05f01e9188b5d2ed16fdfc6d99da3afcf0,07d935d701aec7001ed59534be4c84d7176f5feaca0318ae978e512769d46373,a0425fcc0ba351c8f6137f2997261229b374cf54a99904bc2ec4416c648a9549,2026-08-20T03:49:49.774289+00:00,0.5,10,14966,ml/outputs/predictions/predictions_time_A2_histgb.parquet,False,0.35749987499912095,0.6974067213548558,0.656822429906542,0.6765064493358147,0.7276817196656645,0.7630041318052462,0.20878026727688434,4654,2287,2754,5271,"{""n_bins"":10,""probability_predicted"":[0.17138126855943261,0.26773525074558124,0.34701243332241194,0.45508984708107486,0.5414303568286116,0.6621178773902652,0.759135312846794,0.8361669790620264,0.9450074113408724],""probability_true"":[0.1951219512195122,0.26435877261998425,0.34386311286607435,0.4465161923454367,0.5342806394316163,0.6596306068601583,0.7592592592592593,0.8328752061572292,0.9383333333333334]}",{},False,False
time_A3_logreg,time,val,A3,logreg,79652,14966,,286,285,,"{""max_iter"":1000,""random_state"":42}","[""experience_level_code"",""day_of_week"",""is_weekend"",""workout_completed_prev_day"",""workout_count_7d"",""workout_count_28d"",""completion_rate_7d"",""completion_rate_28d"",""days_since_last_workout"",""consecutive_workout_days"",""consecutive_non_workout_days"",""is_return_mode_candidate"",""sleep_minutes_prev_day"",""resting_hr_prev_day"",""resting_hr_trend_code_prev_day"",""last_workout_duration_min_prev_day"",""last_workout_type_code_prev_day"",""last_workout_calories_prev_day"",""last_workout_avg_hr_prev_day""]",42,84e53a05f01e9188b5d2ed16fdfc6d99da3afcf0,07d935d701aec7001ed59534be4c84d7176f5feaca0318ae978e512769d46373,a0425fcc0ba351c8f6137f2997261229b374cf54a99904bc2ec4416c648a9549,2026-08-20T03:49:49.774289+00:00,0.5,10,14966,ml/outputs/predictions/predictions_time_A3_logreg.parquet,False,0.19550870900093287,0.6871389098216528,0.6817445482866044,0.6844311002689686,0.72802084862129,0.7622717952444589,0.20955845748756197,4450,2491,2554,5471,"{""n_bins"":10,""probability_predicted"":[0.17792280504314734,0.25847086334107755,0.34509649218848354,0.45812265283859854,0.5418478370279511,0.6478744297135522,0.7639927336481773,0.828516882865928,0.9102603048086166],""probability_true"":[0.19184652278177458,0.2995658465991317,0.3392929703372613,0.44642857142857145,0.5030250648228176,0.6038803556992725,0.7575030012004802,0.870507399577167,1.0]}",{},False,False
time_A3_rf,time,val,A3,rf,79652,14966,,286,285,,"{""min_samples_leaf"":5,""n_estimators"":300,""n_jobs"":-1,""random_state"":42}","[""experience_level_code"",""day_of_week"",""is_weekend"",""workout_completed_prev_day"",""workout_count_7d"",""workout_count_28d"",""completion_rate_7d"",""completion_rate_28d"",""days_since_last_workout"",""consecutive_workout_days"",""consecutive_non_workout_days"",""is_return_mode_candidate"",""sleep_minutes_prev_day"",""resting_hr_prev_day"",""resting_hr_trend_code_prev_day"",""last_workout_duration_min_prev_day"",""last_workout_type_code_prev_day"",""last_workout_calories_prev_day"",""last_workout_avg_hr_prev_day""]",42,84e53a05f01e9188b5d2ed16fdfc6d99da3afcf0,07d935d701aec7001ed59534be4c84d7176f5feaca0318ae978e512769d46373,a0425fcc0ba351c8f6137f2997261229b374cf54a99904bc2ec4416c648a9549,2026-08-20T03:49:49.774289+00:00,0.5,10,14966,ml/outputs/predictions/predictions_time_A3_rf.parquet,False,1.995368125000823,0.6927734632091616,0.6558255451713396,0.6737933683267188,0.7214662435184673,0.7586683247833783,0.21088221091878007,4607,2334,2762,5263,"{""n_bins"":10,""probability_predicted"":[0.09782058745622635,0.17636591463425513,0.25935134866940485,0.35119722728085456,0.45068389301745604,0.5452262314279577,0.6447173351208949,0.7546572966795219,0.844581256743531,0.9399775083316559],""probability_true"":[0.25,0.215311004784689,0.3002028397565923,0.3463708160962768,0.4476474486414844,0.5203657522859518,0.6196269261962692,0.7644736842105263,0.831728045325779,0.9167904903417533]}",{},False,False
time_A3_histgb,time,val,A3,histgb,79652,14966,,286,285,,"{""learning_rate"":0.1,""max_iter"":300,""random_state"":42}","[""experience_level_code"",""day_of_week"",""is_weekend"",""workout_completed_prev_day"",""workout_count_7d"",""workout_count_28d"",""completion_rate_7d"",""completion_rate_28d"",""days_since_last_workout"",""consecutive_workout_days"",""consecutive_non_workout_days"",""is_return_mode_candidate"",""sleep_minutes_prev_day"",""resting_hr_prev_day"",""resting_hr_trend_code_prev_day"",""last_workout_duration_min_prev_day"",""last_workout_type_code_prev_day"",""last_workout_calories_prev_day"",""last_workout_avg_hr_prev_day""]",42,84e53a05f01e9188b5d2ed16fdfc6d99da3afcf0,07d935d701aec7001ed59534be4c84d7176f5feaca0318ae978e512769d46373,a0425fcc0ba351c8f6137f2997261229b374cf54a99904bc2ec4416c648a9549,2026-08-20T03:49:49.774289+00:00,0.5,10,14966,ml/outputs/predictions/predictions_time_A3_histgb.parquet,False,0.3731984160003776,0.6990369181380417,0.6512149532710281,0.6742790787691116,0.7280094216450986,0.7643487212645705,0.2086506793634291,4691,2250,2799,5226,"{""n_bins"":10,""probability_predicted"":[0.18330536484718324,0.2707262009147173,0.347070420091467,0.45356763533596123,0.5406942490335661,0.6525405975754814,0.7589028326447752,0.8369980672689584,0.9366433779860652],""probability_true"":[0.0,0.24890446976336547,0.3401768793430196,0.4524858401510384,0.5311077389984825,0.6502525252525253,0.7638660076880834,0.8326153846153846,0.9418604651162791]}",{},True,True
time_A4_logreg,time,val,A4,logreg,79652,14966,,286,285,,"{""max_iter"":1000,""random_state"":42}","[""experience_level_code"",""day_of_week"",""is_weekend"",""workout_completed_prev_day"",""workout_count_7d"",""workout_count_28d"",""completion_rate_7d"",""completion_rate_28d"",""days_since_last_workout"",""consecutive_workout_days"",""consecutive_non_workout_days"",""is_return_mode_candidate"",""sleep_minutes_prev_day"",""resting_hr_prev_day"",""resting_hr_trend_code_prev_day"",""last_workout_duration_min_prev_day"",""last_workout_type_code_prev_day"",""last_workout_calories_prev_day"",""last_workout_avg_hr_prev_day"",""sleep_minutes_delta_28d"",""resting_hr_delta_28d""]",42,84e53a05f01e9188b5d2ed16fdfc6d99da3afcf0,07d935d701aec7001ed59534be4c84d7176f5feaca0318ae978e512769d46373,a0425fcc0ba351c8f6137f2997261229b374cf54a99904bc2ec4416c648a9549,2026-08-20T03:49:49.774289+00:00,0.5,10,14966,ml/outputs/predictions/predictions_time_A4_logreg.parquet,False,0.19950824999978067,0.6873111782477341,0.680373831775701,0.6838249107646064,0.7280584867290437,0.7623303446169678,0.20954852605372462,4457,2484,2565,5460,"{""n_bins"":10,""probability_predicted"":[0.17778485875373215,0.2586075007356838,0.3451461057214961,0.4584266441410238,0.5417838517495118,0.647493564890277,0.7639683470902264,0.8283845822955054,0.9106885701417923],""probability_true"":[0.19477434679334918,0.29920692141312183,0.33969155844155846,0.4476363636363636,0.5021834061135371,0.6024193548387097,0.758537565287264,0.868766404199475,1.0]}",{},False,False
time_A4_rf,time,val,A4,rf,79652,14966,,286,285,,"{""min_samples_leaf"":5,""n_estimators"":300,""n_jobs"":-1,""random_state"":42}","[""experience_level_code"",""day_of_week"",""is_weekend"",""workout_completed_prev_day"",""workout_count_7d"",""workout_count_28d"",""completion_rate_7d"",""completion_rate_28d"",""days_since_last_workout"",""consecutive_workout_days"",""consecutive_non_workout_days"",""is_return_mode_candidate"",""sleep_minutes_prev_day"",""resting_hr_prev_day"",""resting_hr_trend_code_prev_day"",""last_workout_duration_min_prev_day"",""last_workout_type_code_prev_day"",""last_workout_calories_prev_day"",""last_workout_avg_hr_prev_day"",""sleep_minutes_delta_28d"",""resting_hr_delta_28d""]",42,84e53a05f01e9188b5d2ed16fdfc6d99da3afcf0,07d935d701aec7001ed59534be4c84d7176f5feaca0318ae978e512769d46373,a0425fcc0ba351c8f6137f2997261229b374cf54a99904bc2ec4416c648a9549,2026-08-20T03:49:49.774289+00:00,0.5,10,14966,ml/outputs/predictions/predictions_time_A4_rf.parquet,False,2.4616116250017512,0.6976928147659855,0.6594392523364486,0.6780269058295965,0.7241411972113869,0.7604033434821087,0.21001867531974697,4648,2293,2733,5292,"{""n_bins"":10,""probability_predicted"":[0.09597557783126831,0.17530016003306523,0.2616804121170527,0.3508028973575254,0.4513950702822446,0.5445633594575521,0.6449141458283835,0.7556314920569874,0.8448485693590387,0.9379093065651246],""probability_true"":[1.0,0.20930232558139536,0.28268309377138945,0.3460810299129118,0.44075981970379907,0.5249690466364012,0.6400665004156276,0.7661847894406034,0.8307155322862129,0.9291217257318952]}",{},False,False
time_A4_histgb,time,val,A4,histgb,79652,14966,,286,285,,"{""learning_rate"":0.1,""max_iter"":300,""random_state"":42}","[""experience_level_code"",""day_of_week"",""is_weekend"",""workout_completed_prev_day"",""workout_count_7d"",""workout_count_28d"",""completion_rate_7d"",""completion_rate_28d"",""days_since_last_workout"",""consecutive_workout_days"",""consecutive_non_workout_days"",""is_return_mode_candidate"",""sleep_minutes_prev_day"",""resting_hr_prev_day"",""resting_hr_trend_code_prev_day"",""last_workout_duration_min_prev_day"",""last_workout_type_code_prev_day"",""last_workout_calories_prev_day"",""last_workout_avg_hr_prev_day"",""sleep_minutes_delta_28d"",""resting_hr_delta_28d""]",42,84e53a05f01e9188b5d2ed16fdfc6d99da3afcf0,07d935d701aec7001ed59534be4c84d7176f5feaca0318ae978e512769d46373,a0425fcc0ba351c8f6137f2997261229b374cf54a99904bc2ec4416c648a9549,2026-08-20T03:49:49.774289+00:00,0.5,10,14966,ml/outputs/predictions/predictions_time_A4_histgb.parquet,False,0.39827641600095376,0.6994673768308921,0.6545794392523364,0.6762793691663984,0.7281149932609564,0.763812063396661,0.2087016303647752,4684,2257,2772,5253,"{""n_bins"":10,""probability_predicted"":[0.19452511072158812,0.2697169778560509,0.34692141041039265,0.4519815609331002,0.5412423613139205,0.652659727818575,0.7597678520975341,0.8380414445701959,0.9351679291818049],""probability_true"":[0.6,0.24764353041988005,0.3444264943457189,0.4433991846973973,0.5325355272999253,0.6720098643649816,0.7573734001112966,0.8362282878411911,0.9334415584415584]}",{},False,False
time_A5_logreg,time,val,A5,logreg,79652,14966,,286,285,,"{""max_iter"":1000,""random_state"":42}","[""experience_level_code"",""day_of_week"",""is_weekend"",""workout_completed_prev_day"",""workout_count_7d"",""workout_count_28d"",""completion_rate_7d"",""completion_rate_28d"",""days_since_last_workout"",""consecutive_workout_days"",""consecutive_non_workout_days"",""is_return_mode_candidate"",""sleep_minutes_prev_day"",""resting_hr_prev_day"",""resting_hr_trend_code_prev_day"",""last_workout_duration_min_prev_day"",""last_workout_type_code_prev_day"",""last_workout_calories_prev_day"",""last_workout_avg_hr_prev_day"",""sleep_minutes_delta_28d"",""resting_hr_delta_28d"",""hrv_prev_day"",""hrv_delta_28d"",""recovery_score_prev_day"",""day_strain_prev_day"",""calories_burned_prev_day"",""sleep_efficiency_prev_day"",""light_sleep_hours_prev_day"",""rem_sleep_hours_prev_day"",""deep_sleep_hours_prev_day"",""wake_ups_prev_day"",""time_to_fall_asleep_min_prev_day"",""respiratory_rate_prev_day"",""skin_temp_deviation_prev_day""]",42,84e53a05f01e9188b5d2ed16fdfc6d99da3afcf0,07d935d701aec7001ed59534be4c84d7176f5feaca0318ae978e512769d46373,a0425fcc0ba351c8f6137f2997261229b374cf54a99904bc2ec4416c648a9549,2026-08-20T03:49:49.774289+00:00,0.5,10,14966,ml/outputs/predictions/predictions_time_A5_logreg.parquet,False,0.3241341660013859,0.6869346733668342,0.6813707165109034,0.684141382546137,0.7281058732233991,0.7621829939223521,0.20953279045870432,4449,2492,2557,5468,"{""n_bins"":10,""probability_predicted"":[0.1776965060194985,0.25889531869742444,0.344678640702622,0.4582476997222656,0.5424853235677111,0.6476213379452626,0.7645972071425094,0.8294328715994898,0.9109418193499247],""probability_true"":[0.19672131147540983,0.30152949745083757,0.3384491114701131,0.4472527472527473,0.5015184381778742,0.6073717948717948,0.758716323296355,0.8687466379774073,1.0]}",{},False,False
time_A5_rf,time,val,A5,rf,79652,14966,,286,285,,"{""min_samples_leaf"":5,""n_estimators"":300,""n_jobs"":-1,""random_state"":42}","[""experience_level_code"",""day_of_week"",""is_weekend"",""workout_completed_prev_day"",""workout_count_7d"",""workout_count_28d"",""completion_rate_7d"",""completion_rate_28d"",""days_since_last_workout"",""consecutive_workout_days"",""consecutive_non_workout_days"",""is_return_mode_candidate"",""sleep_minutes_prev_day"",""resting_hr_prev_day"",""resting_hr_trend_code_prev_day"",""last_workout_duration_min_prev_day"",""last_workout_type_code_prev_day"",""last_workout_calories_prev_day"",""last_workout_avg_hr_prev_day"",""sleep_minutes_delta_28d"",""resting_hr_delta_28d"",""hrv_prev_day"",""hrv_delta_28d"",""recovery_score_prev_day"",""day_strain_prev_day"",""calories_burned_prev_day"",""sleep_efficiency_prev_day"",""light_sleep_hours_prev_day"",""rem_sleep_hours_prev_day"",""deep_sleep_hours_prev_day"",""wake_ups_prev_day"",""time_to_fall_asleep_min_prev_day"",""respiratory_rate_prev_day"",""skin_temp_deviation_prev_day""]",42,84e53a05f01e9188b5d2ed16fdfc6d99da3afcf0,07d935d701aec7001ed59534be4c84d7176f5feaca0318ae978e512769d46373,a0425fcc0ba351c8f6137f2997261229b374cf54a99904bc2ec4416c648a9549,2026-08-20T03:49:49.774289+00:00,0.5,10,14966,ml/outputs/predictions/predictions_time_A5_rf.parquet,False,4.399377084000662,0.697490269762448,0.647601246105919,0.6716205737916774,0.7247406601524823,0.7611858625734071,0.20951149857451146,4687,2254,2828,5197,"{""n_bins"":10,""probability_predicted"":[0.18126719489873175,0.26492131967409,0.3501897351638131,0.45149719771867847,0.5435527958761254,0.6467436538301271,0.7567753004544394,0.8414977853505692,0.9333120619549471],""probability_true"":[0.18072289156626506,0.27591973244147155,0.3408695652173913,0.44718833680452247,0.514041514041514,0.6531365313653137,0.7769827072152653,0.8342214328004737,0.9448529411764706]}",{},False,False
time_A5_histgb,time,val,A5,histgb,79652,14966,,286,285,,"{""learning_rate"":0.1,""max_iter"":300,""random_state"":42}","[""experience_level_code"",""day_of_week"",""is_weekend"",""workout_completed_prev_day"",""workout_count_7d"",""workout_count_28d"",""completion_rate_7d"",""completion_rate_28d"",""days_since_last_workout"",""consecutive_workout_days"",""consecutive_non_workout_days"",""is_return_mode_candidate"",""sleep_minutes_prev_day"",""resting_hr_prev_day"",""resting_hr_trend_code_prev_day"",""last_workout_duration_min_prev_day"",""last_workout_type_code_prev_day"",""last_workout_calories_prev_day"",""last_workout_avg_hr_prev_day"",""sleep_minutes_delta_28d"",""resting_hr_delta_28d"",""hrv_prev_day"",""hrv_delta_28d"",""recovery_score_prev_day"",""day_strain_prev_day"",""calories_burned_prev_day"",""sleep_efficiency_prev_day"",""light_sleep_hours_prev_day"",""rem_sleep_hours_prev_day"",""deep_sleep_hours_prev_day"",""wake_ups_prev_day"",""time_to_fall_asleep_min_prev_day"",""respiratory_rate_prev_day"",""skin_temp_deviation_prev_day""]",42,84e53a05f01e9188b5d2ed16fdfc6d99da3afcf0,07d935d701aec7001ed59534be4c84d7176f5feaca0318ae978e512769d46373,a0425fcc0ba351c8f6137f2997261229b374cf54a99904bc2ec4416c648a9549,2026-08-20T03:49:49.774289+00:00,0.5,10,14966,ml/outputs/predictions/predictions_time_A5_histgb.parquet,False,0.51191637500051,0.6995455760491847,0.6522118380062305,0.675049977429548,0.7277331275939034,0.7641134943885063,0.20880673225698188,4693,2248,2791,5234,"{""n_bins"":10,""probability_predicted"":[0.27220740289189094,0.3460339132745193,0.45183561875825373,0.5421530836133032,0.652479538792058,0.7579368964030492,0.8368316790135663,0.9341180878173974],""probability_true"":[0.2483720930232558,0.3424828446662508,0.4452076178582579,0.5267379679144385,0.6727688787185355,0.7613956105796286,0.8393402565668907,0.9375]}",{},False,False
time_A2-lag1_logreg,time,val,A2-lag1,logreg,79652,14966,,286,285,,"{""max_iter"":1000,""random_state"":42}","[""workout_completed_prev_day"",""day_of_week""]",42,84e53a05f01e9188b5d2ed16fdfc6d99da3afcf0,07d935d701aec7001ed59534be4c84d7176f5feaca0318ae978e512769d46373,a0425fcc0ba351c8f6137f2997261229b374cf54a99904bc2ec4416c648a9549,2026-08-20T03:49:49.774289+00:00,0.5,10,14966,ml/outputs/predictions/predictions_time_A2-lag1_logreg.parquet,False,0.051606167000500136,0.5863080684596577,0.7470404984423676,0.656986301369863,0.6154731041923898,0.6237318453282218,0.23888059351588195,2711,4230,2030,5995,"{""n_bins"":10,""probability_predicted"":[0.377828562922246,0.45697944923353934,0.5475719425125706,0.6544490982504452],""probability_true"":[0.36588658865886586,0.4831282254863041,0.5247419010323958,0.6613848491426091]}",{},False,False
time_A2-lag1_rf,time,val,A2-lag1,rf,79652,14966,,286,285,,"{""min_samples_leaf"":5,""n_estimators"":300,""n_jobs"":-1,""random_state"":42}","[""workout_completed_prev_day"",""day_of_week""]",42,84e53a05f01e9188b5d2ed16fdfc6d99da3afcf0,07d935d701aec7001ed59534be4c84d7176f5feaca0318ae978e512769d46373,a0425fcc0ba351c8f6137f2997261229b374cf54a99904bc2ec4416c648a9549,2026-08-20T03:49:49.774289+00:00,0.5,10,14966,ml/outputs/predictions/predictions_time_A2-lag1_rf.parquet,False,0.49109266699997534,0.6374875657240301,0.5590031152647975,0.5956712256008498,0.617394703286849,0.6208762267169996,0.23687416403478387,4390,2551,3539,4486,"{""n_bins"":10,""probability_predicted"":[0.36385882612985065,0.4810363509378438,0.5310013890266418,0.661761357593321],""probability_true"":[0.36588658865886586,0.47765901524443666,0.5253708040593287,0.6624391938846421]}",{},False,False
time_A2-lag1_histgb,time,val,A2-lag1,histgb,79652,14966,,286,285,,"{""learning_rate"":0.1,""max_iter"":300,""random_state"":42}","[""workout_completed_prev_day"",""day_of_week""]",42,84e53a05f01e9188b5d2ed16fdfc6d99da3afcf0,07d935d701aec7001ed59534be4c84d7176f5feaca0318ae978e512769d46373,a0425fcc0ba351c8f6137f2997261229b374cf54a99904bc2ec4416c648a9549,2026-08-20T03:49:49.774289+00:00,0.5,10,14966,ml/outputs/predictions/predictions_time_A2-lag1_histgb.parquet,False,0.2680709590003971,0.6374875657240301,0.5590031152647975,0.5956712256008498,0.6179662495775475,0.6216090543022493,0.23688908642102652,4390,2551,3539,4486,"{""n_bins"":10,""probability_predicted"":[0.3638450076969543,0.4811498622552137,0.5334165096282959,0.661420572955547],""probability_true"":[0.36588658865886586,0.47765901524443666,0.5253708040593287,0.6624391938846421]}",{},False,False
user_A0_majority,user,val,A0,majority,69956,15088,,200,43,,"{""strategy"":""most_frequent""}",[],42,84e53a05f01e9188b5d2ed16fdfc6d99da3afcf0,07d935d701aec7001ed59534be4c84d7176f5feaca0318ae978e512769d46373,a0425fcc0ba351c8f6137f2997261229b374cf54a99904bc2ec4416c648a9549,2026-08-20T03:49:49.774289+00:00,0.5,10,15088,ml/outputs/predictions/predictions_user_A0_majority.parquet,False,0.041492665999612655,0.5493769883351007,1.0,0.7091585746674082,0.5,0.5493769883351007,0.45062301166489926,0,6799,0,8289,"{""n_bins"":10,""probability_predicted"":[1.0],""probability_true"":[0.5493769883351007]}",{},False,False
user_A1_logreg,user,val,A1,logreg,69956,15088,,200,43,,"{""max_iter"":1000,""random_state"":42}","[""experience_level_code"",""day_of_week"",""is_weekend""]",42,84e53a05f01e9188b5d2ed16fdfc6d99da3afcf0,07d935d701aec7001ed59534be4c84d7176f5feaca0318ae978e512769d46373,a0425fcc0ba351c8f6137f2997261229b374cf54a99904bc2ec4416c648a9549,2026-08-20T03:49:49.774289+00:00,0.5,10,15088,ml/outputs/predictions/predictions_user_A1_logreg.parquet,False,0.07147174999954586,0.714367816091954,0.5998311014597659,0.6521083349727851,0.7005721356871387,0.7107809959012937,0.21552959920998133,4811,1988,3317,4972,"{""n_bins"":10,""probability_predicted"":[0.2079835165355165,0.3311359877765351,0.49216256234794853,0.6402847080374483,0.7986123110446891],""probability_true"":[0.18455743879472694,0.32467115816490216,0.49263392857142857,0.5477386934673367,0.7810865191146882]}",{},False,False
user_A1_rf,user,val,A1,rf,69956,15088,,200,43,,"{""min_samples_leaf"":5,""n_estimators"":300,""n_jobs"":-1,""random_state"":42}","[""experience_level_code"",""day_of_week"",""is_weekend""]",42,84e53a05f01e9188b5d2ed16fdfc6d99da3afcf0,07d935d701aec7001ed59534be4c84d7176f5feaca0318ae978e512769d46373,a0425fcc0ba351c8f6137f2997261229b374cf54a99904bc2ec4416c648a9549,2026-08-20T03:49:49.774289+00:00,0.5,10,15088,ml/outputs/predictions/predictions_user_A1_rf.parquet,False,0.5083732919993054,0.714367816091954,0.5998311014597659,0.6521083349727851,0.7024158669732625,0.7144647176229413,0.21494214084268573,4811,1988,3317,4972,"{""n_bins"":10,""probability_predicted"":[0.2570787770375469,0.344316233856616,0.4771283405899469,0.5849242922049671,0.820844576632233],""probability_true"":[0.18455743879472694,0.32467115816490216,0.49263392857142857,0.5477386934673367,0.7810865191146882]}",{},False,False
user_A1_histgb,user,val,A1,histgb,69956,15088,,200,43,,"{""learning_rate"":0.1,""max_iter"":300,""random_state"":42}","[""experience_level_code"",""day_of_week"",""is_weekend""]",42,84e53a05f01e9188b5d2ed16fdfc6d99da3afcf0,07d935d701aec7001ed59534be4c84d7176f5feaca0318ae978e512769d46373,a0425fcc0ba351c8f6137f2997261229b374cf54a99904bc2ec4416c648a9549,2026-08-20T03:49:49.774289+00:00,0.5,10,15088,ml/outputs/predictions/predictions_user_A1_histgb.parquet,False,0.46276837499863177,0.714367816091954,0.5998311014597659,0.6521083349727851,0.702312915979373,0.7121728593397685,0.21492024849415356,4811,1988,3317,4972,"{""n_bins"":10,""probability_predicted"":[0.25712172285760637,0.3446242493201725,0.4770921928941139,0.5865392899393437,0.8192772521579289],""probability_true"":[0.18455743879472694,0.32467115816490216,0.49263392857142857,0.5477386934673367,0.7810865191146882]}",{},False,False
user_A2_logreg,user,val,A2,logreg,69956,15088,,200,43,,"{""max_iter"":1000,""random_state"":42}","[""experience_level_code"",""day_of_week"",""is_weekend"",""workout_completed_prev_day"",""workout_count_7d"",""workout_count_28d"",""completion_rate_7d"",""completion_rate_28d"",""days_since_last_workout"",""consecutive_workout_days"",""consecutive_non_workout_days"",""is_return_mode_candidate""]",42,84e53a05f01e9188b5d2ed16fdfc6d99da3afcf0,07d935d701aec7001ed59534be4c84d7176f5feaca0318ae978e512769d46373,a0425fcc0ba351c8f6137f2997261229b374cf54a99904bc2ec4416c648a9549,2026-08-20T03:49:49.774289+00:00,0.5,10,15088,ml/outputs/predictions/predictions_user_A2_logreg.parquet,False,0.14160529199943994,0.6702822357498617,0.730606828326698,0.699145693835142,0.7157882819375959,0.7451787460109365,0.2133886640620748,3820,2979,2233,6056,"{""n_bins"":10,""probability_predicted"":[0.17357230512425303,0.26573624663536216,0.3436134947501883,0.45914130078553206,0.5430341958769855,0.6471769265625456,0.762712715655225,0.8232381642328747,0.9125434696674347],""probability_true"":[0.18181818181818182,0.27800490596892885,0.34183673469387754,0.460285941223193,0.5185042405551272,0.5766710353866317,0.7397582269979852,0.839647119875454,1.0]}",{},False,True
user_A2_rf,user,val,A2,rf,69956,15088,,200,43,,"{""min_samples_leaf"":5,""n_estimators"":300,""n_jobs"":-1,""random_state"":42}","[""experience_level_code"",""day_of_week"",""is_weekend"",""workout_completed_prev_day"",""workout_count_7d"",""workout_count_28d"",""completion_rate_7d"",""completion_rate_28d"",""days_since_last_workout"",""consecutive_workout_days"",""consecutive_non_workout_days"",""is_return_mode_candidate""]",42,84e53a05f01e9188b5d2ed16fdfc6d99da3afcf0,07d935d701aec7001ed59534be4c84d7176f5feaca0318ae978e512769d46373,a0425fcc0ba351c8f6137f2997261229b374cf54a99904bc2ec4416c648a9549,2026-08-20T03:49:49.774289+00:00,0.5,10,15088,ml/outputs/predictions/predictions_user_A2_rf.parquet,False,0.9696593749995372,0.6714336366859709,0.6853661479068646,0.6783283582089552,0.6957866179003316,0.7245712654838988,0.22080131595601246,4019,2780,2608,5681,"{""n_bins"":10,""probability_predicted"":[0.07172551708803936,0.1605795122664281,0.2571962274605339,0.35394760538941583,0.4510860202404169,0.5497301935405867,0.6464230863602607,0.7504347533922505,0.8452031442228187,0.9362687302697065],""probability_true"":[0.20454545454545456,0.24937027707808565,0.3287775246772969,0.3738760056791292,0.46335268505079824,0.5222816399286988,0.6120879120879121,0.7281232801320858,0.7980522808815992,0.8187599364069952]}",{},False,False
user_A2_histgb,user,val,A2,histgb,69956,15088,,200,43,,"{""learning_rate"":0.1,""max_iter"":300,""random_state"":42}","[""experience_level_code"",""day_of_week"",""is_weekend"",""workout_completed_prev_day"",""workout_count_7d"",""workout_count_28d"",""completion_rate_7d"",""completion_rate_28d"",""days_since_last_workout"",""consecutive_workout_days"",""consecutive_non_workout_days"",""is_return_mode_candidate""]",42,84e53a05f01e9188b5d2ed16fdfc6d99da3afcf0,07d935d701aec7001ed59534be4c84d7176f5feaca0318ae978e512769d46373,a0425fcc0ba351c8f6137f2997261229b374cf54a99904bc2ec4416c648a9549,2026-08-20T03:49:49.774289+00:00,0.5,10,15088,ml/outputs/predictions/predictions_user_A2_histgb.parquet,False,0.3498035829998116,0.6868211440984794,0.6865725660513934,0.6866968325791856,0.7147571661619282,0.742732384062786,0.21317847580882238,4204,2595,2598,5691,"{""n_bins"":10,""probability_predicted"":[0.17158203891345433,0.2654637352483613,0.3488225580018064,0.45714697048105113,0.5406757295910393,0.6437357307423706,0.757472506270074,0.8315957065713054,0.9332409063164069],""probability_true"":[0.07142857142857142,0.2342857142857143,0.33822363203806505,0.4657960199004975,0.5363941769316909,0.6409495548961425,0.731140350877193,0.8324480927088364,0.8775510204081632]}",{},False,False
user_A3_logreg,user,val,A3,logreg,69956,15088,,200,43,,"{""max_iter"":1000,""random_state"":42}","[""experience_level_code"",""day_of_week"",""is_weekend"",""workout_completed_prev_day"",""workout_count_7d"",""workout_count_28d"",""completion_rate_7d"",""completion_rate_28d"",""days_since_last_workout"",""consecutive_workout_days"",""consecutive_non_workout_days"",""is_return_mode_candidate"",""sleep_minutes_prev_day"",""resting_hr_prev_day"",""resting_hr_trend_code_prev_day"",""last_workout_duration_min_prev_day"",""last_workout_type_code_prev_day"",""last_workout_calories_prev_day"",""last_workout_avg_hr_prev_day""]",42,84e53a05f01e9188b5d2ed16fdfc6d99da3afcf0,07d935d701aec7001ed59534be4c84d7176f5feaca0318ae978e512769d46373,a0425fcc0ba351c8f6137f2997261229b374cf54a99904bc2ec4416c648a9549,2026-08-20T03:49:49.774289+00:00,0.5,10,15088,ml/outputs/predictions/predictions_user_A3_logreg.parquet,False,0.18472304199895007,0.6702305379218175,0.7260224393774882,0.6970118137595552,0.715121824189406,0.7451216741513671,0.21348976832233718,3838,2961,2271,6018,"{""n_bins"":10,""probability_predicted"":[0.1726380632776353,0.2661673213789655,0.34248221888424346,0.4608908585269454,0.5438547506152043,0.6468345007338051,0.7621193828841148,0.8225202411494664,0.9115225781093944],""probability_true"":[0.18611111111111112,0.28334714167357083,0.34241048915784167,0.4622899570144588,0.5109996140486299,0.5901530272787758,0.7461412151067324,0.8337889557135046,0.9090909090909091]}",{},False,False
user_A3_rf,user,val,A3,rf,69956,15088,,200,43,,"{""min_samples_leaf"":5,""n_estimators"":300,""n_jobs"":-1,""random_state"":42}","[""experience_level_code"",""day_of_week"",""is_weekend"",""workout_completed_prev_day"",""workout_count_7d"",""workout_count_28d"",""completion_rate_7d"",""completion_rate_28d"",""days_since_last_workout"",""consecutive_workout_days"",""consecutive_non_workout_days"",""is_return_mode_candidate"",""sleep_minutes_prev_day"",""resting_hr_prev_day"",""resting_hr_trend_code_prev_day"",""last_workout_duration_min_prev_day"",""last_workout_type_code_prev_day"",""last_workout_calories_prev_day"",""last_workout_avg_hr_prev_day""]",42,84e53a05f01e9188b5d2ed16fdfc6d99da3afcf0,07d935d701aec7001ed59534be4c84d7176f5feaca0318ae978e512769d46373,a0425fcc0ba351c8f6137f2997261229b374cf54a99904bc2ec4416c648a9549,2026-08-20T03:49:49.774289+00:00,0.5,10,15088,ml/outputs/predictions/predictions_user_A3_rf.parquet,False,1.7814123339994694,0.6771992818671454,0.682591386174448,0.6798846431146359,0.7076693752785705,0.7369757695019394,0.21540934090074093,4102,2697,2631,5658,"{""n_bins"":10,""probability_predicted"":[0.1722312079361789,0.2612422602160163,0.3525707927720075,0.4525865755050011,0.5451934831688763,0.6481120236217975,0.7543341413168254,0.8413969255792211,0.9276072270930953],""probability_true"":[0.20994475138121546,0.2662866449511401,0.3666077738515901,0.469281045751634,0.5159781761496492,0.6264705882352941,0.7382739212007504,0.827029752899647,0.8535031847133758]}",{},False,False
user_A3_histgb,user,val,A3,histgb,69956,15088,,200,43,,"{""learning_rate"":0.1,""max_iter"":300,""random_state"":42}","[""experience_level_code"",""day_of_week"",""is_weekend"",""workout_completed_prev_day"",""workout_count_7d"",""workout_count_28d"",""completion_rate_7d"",""completion_rate_28d"",""days_since_last_workout"",""consecutive_workout_days"",""consecutive_non_workout_days"",""is_return_mode_candidate"",""sleep_minutes_prev_day"",""resting_hr_prev_day"",""resting_hr_trend_code_prev_day"",""last_workout_duration_min_prev_day"",""last_workout_type_code_prev_day"",""last_workout_calories_prev_day"",""last_workout_avg_hr_prev_day""]",42,84e53a05f01e9188b5d2ed16fdfc6d99da3afcf0,07d935d701aec7001ed59534be4c84d7176f5feaca0318ae978e512769d46373,a0425fcc0ba351c8f6137f2997261229b374cf54a99904bc2ec4416c648a9549,2026-08-20T03:49:49.774289+00:00,0.5,10,15088,ml/outputs/predictions/predictions_user_A3_histgb.parquet,False,0.3786036659985257,0.6832787680368619,0.6798166244420316,0.6815432994678278,0.7136060118696002,0.7421688887259889,0.2134069536388203,4187,2612,2654,5635,"{""n_bins"":10,""probability_predicted"":[0.1773395652954395,0.26224890251432237,0.3413496678271449,0.4548805234965105,0.542298672482634,0.6519773063942762,0.7587789622696437,0.8358013175200714,0.9362488956812999],""probability_true"":[0.38461538461538464,0.22996057818659657,0.3296028880866426,0.47381242387332523,0.5208098987626547,0.640074211502783,0.7484303055671829,0.832807570977918,0.8720379146919431]}",{},False,False
user_A4_logreg,user,val,A4,logreg,69956,15088,,200,43,,"{""max_iter"":1000,""random_state"":42}","[""experience_level_code"",""day_of_week"",""is_weekend"",""workout_completed_prev_day"",""workout_count_7d"",""workout_count_28d"",""completion_rate_7d"",""completion_rate_28d"",""days_since_last_workout"",""consecutive_workout_days"",""consecutive_non_workout_days"",""is_return_mode_candidate"",""sleep_minutes_prev_day"",""resting_hr_prev_day"",""resting_hr_trend_code_prev_day"",""last_workout_duration_min_prev_day"",""last_workout_type_code_prev_day"",""last_workout_calories_prev_day"",""last_workout_avg_hr_prev_day"",""sleep_minutes_delta_28d"",""resting_hr_delta_28d""]",42,84e53a05f01e9188b5d2ed16fdfc6d99da3afcf0,07d935d701aec7001ed59534be4c84d7176f5feaca0318ae978e512769d46373,a0425fcc0ba351c8f6137f2997261229b374cf54a99904bc2ec4416c648a9549,2026-08-20T03:49:49.774289+00:00,0.5,10,15088,ml/outputs/predictions/predictions_user_A4_logreg.parquet,False,0.20384037499934493,0.6707221788145998,0.7249366630474122,0.6967764378478665,0.7151195174625522,0.7450150314537871,0.21348687443511866,3849,2950,2280,6009,"{""n_bins"":10,""probability_predicted"":[0.17261883356399482,0.2663732599744127,0.34241557857285626,0.4612631324439156,0.5442372093204388,0.646747919095315,0.7621840706712325,0.8224711028682212,0.9115141034126282],""probability_true"":[0.19113573407202217,0.2818181818181818,0.3415991902834008,0.46281951975213015,0.5132090132090132,0.5880398671096345,0.7464834805364736,0.8338852097130243,0.9090909090909091]}",{},False,False
user_A4_rf,user,val,A4,rf,69956,15088,,200,43,,"{""min_samples_leaf"":5,""n_estimators"":300,""n_jobs"":-1,""random_state"":42}","[""experience_level_code"",""day_of_week"",""is_weekend"",""workout_completed_prev_day"",""workout_count_7d"",""workout_count_28d"",""completion_rate_7d"",""completion_rate_28d"",""days_since_last_workout"",""consecutive_workout_days"",""consecutive_non_workout_days"",""is_return_mode_candidate"",""sleep_minutes_prev_day"",""resting_hr_prev_day"",""resting_hr_trend_code_prev_day"",""last_workout_duration_min_prev_day"",""last_workout_type_code_prev_day"",""last_workout_calories_prev_day"",""last_workout_avg_hr_prev_day"",""sleep_minutes_delta_28d"",""resting_hr_delta_28d""]",42,84e53a05f01e9188b5d2ed16fdfc6d99da3afcf0,07d935d701aec7001ed59534be4c84d7176f5feaca0318ae978e512769d46373,a0425fcc0ba351c8f6137f2997261229b374cf54a99904bc2ec4416c648a9549,2026-08-20T03:49:49.774289+00:00,0.5,10,15088,ml/outputs/predictions/predictions_user_A4_rf.parquet,False,2.2157098339994263,0.6777843954734961,0.6864519242369406,0.6820906257492209,0.7080410599509259,0.7367059972555371,0.2152164331037345,4094,2705,2599,5690,"{""n_bins"":10,""probability_predicted"":[0.17427312306590848,0.2631803405918974,0.3527016294270478,0.4519825571019344,0.5448315706799519,0.6493692129709144,0.7546561920356663,0.8421690590851142,0.9273003215837007],""probability_true"":[0.1888111888111888,0.265531914893617,0.3618334067871309,0.4632968448164842,0.5149722735674677,0.6492890995260664,0.7446906740535549,0.8209718670076727,0.8481848184818482]}",{},False,False
user_A4_histgb,user,val,A4,histgb,69956,15088,,200,43,,"{""learning_rate"":0.1,""max_iter"":300,""random_state"":42}","[""experience_level_code"",""day_of_week"",""is_weekend"",""workout_completed_prev_day"",""workout_count_7d"",""workout_count_28d"",""completion_rate_7d"",""completion_rate_28d"",""days_since_last_workout"",""consecutive_workout_days"",""consecutive_non_workout_days"",""is_return_mode_candidate"",""sleep_minutes_prev_day"",""resting_hr_prev_day"",""resting_hr_trend_code_prev_day"",""last_workout_duration_min_prev_day"",""last_workout_type_code_prev_day"",""last_workout_calories_prev_day"",""last_workout_avg_hr_prev_day"",""sleep_minutes_delta_28d"",""resting_hr_delta_28d""]",42,84e53a05f01e9188b5d2ed16fdfc6d99da3afcf0,07d935d701aec7001ed59534be4c84d7176f5feaca0318ae978e512769d46373,a0425fcc0ba351c8f6137f2997261229b374cf54a99904bc2ec4416c648a9549,2026-08-20T03:49:49.774289+00:00,0.5,10,15088,ml/outputs/predictions/predictions_user_A4_histgb.parquet,False,0.45726420900064113,0.6820635872825435,0.685848715164676,0.6839509143407122,0.7134568464903976,0.7411972202304098,0.2134968742998152,4149,2650,2604,5685,"{""n_bins"":10,""probability_predicted"":[0.173254362440535,0.26497520943545394,0.34406760399281866,0.4550788314997231,0.5429559243403799,0.6538790997364636,0.7550142863851631,0.8357534447930893,0.9348657780161528],""probability_true"":[0.2857142857142857,0.22923238696109358,0.3398843930635838,0.47058823529411764,0.5252739483916579,0.6399604352126608,0.749007498897221,0.8316782522343595,0.8364485981308412]}",{},False,False
user_A5_logreg,user,val,A5,logreg,69956,15088,,200,43,,"{""max_iter"":1000,""random_state"":42}","[""experience_level_code"",""day_of_week"",""is_weekend"",""workout_completed_prev_day"",""workout_count_7d"",""workout_count_28d"",""completion_rate_7d"",""completion_rate_28d"",""days_since_last_workout"",""consecutive_workout_days"",""consecutive_non_workout_days"",""is_return_mode_candidate"",""sleep_minutes_prev_day"",""resting_hr_prev_day"",""resting_hr_trend_code_prev_day"",""last_workout_duration_min_prev_day"",""last_workout_type_code_prev_day"",""last_workout_calories_prev_day"",""last_workout_avg_hr_prev_day"",""sleep_minutes_delta_28d"",""resting_hr_delta_28d"",""hrv_prev_day"",""hrv_delta_28d"",""recovery_score_prev_day"",""day_strain_prev_day"",""calories_burned_prev_day"",""sleep_efficiency_prev_day"",""light_sleep_hours_prev_day"",""rem_sleep_hours_prev_day"",""deep_sleep_hours_prev_day"",""wake_ups_prev_day"",""time_to_fall_asleep_min_prev_day"",""respiratory_rate_prev_day"",""skin_temp_deviation_prev_day""]",42,84e53a05f01e9188b5d2ed16fdfc6d99da3afcf0,07d935d701aec7001ed59534be4c84d7176f5feaca0318ae978e512769d46373,a0425fcc0ba351c8f6137f2997261229b374cf54a99904bc2ec4416c648a9549,2026-08-20T03:49:49.774289+00:00,0.5,10,15088,ml/outputs/predictions/predictions_user_A5_logreg.parquet,False,0.3104125419995398,0.6710804495382219,0.7275907829653758,0.6981940263949988,0.715233318944681,0.7446465976555959,0.21347391974447003,3843,2956,2258,6031,"{""n_bins"":10,""probability_predicted"":[0.1745178393260178,0.26559233513822866,0.34401436991603723,0.4600361428688662,0.5443349509738212,0.6454232176613324,0.7628265876553206,0.822792527978599,0.9111171662807465],""probability_true"":[0.18732782369146006,0.2783851976450799,0.3426294820717131,0.4608421881149154,0.5189922480620155,0.5795677799607073,0.7508805635606788,0.8317115054378935,0.9]}",{},False,False
user_A5_rf,user,val,A5,rf,69956,15088,,200,43,,"{""min_samples_leaf"":5,""n_estimators"":300,""n_jobs"":-1,""random_state"":42}","[""experience_level_code"",""day_of_week"",""is_weekend"",""workout_completed_prev_day"",""workout_count_7d"",""workout_count_28d"",""completion_rate_7d"",""completion_rate_28d"",""days_since_last_workout"",""consecutive_workout_days"",""consecutive_non_workout_days"",""is_return_mode_candidate"",""sleep_minutes_prev_day"",""resting_hr_prev_day"",""resting_hr_trend_code_prev_day"",""last_workout_duration_min_prev_day"",""last_workout_type_code_prev_day"",""last_workout_calories_prev_day"",""last_workout_avg_hr_prev_day"",""sleep_minutes_delta_28d"",""resting_hr_delta_28d"",""hrv_prev_day"",""hrv_delta_28d"",""recovery_score_prev_day"",""day_strain_prev_day"",""calories_burned_prev_day"",""sleep_efficiency_prev_day"",""light_sleep_hours_prev_day"",""rem_sleep_hours_prev_day"",""deep_sleep_hours_prev_day"",""wake_ups_prev_day"",""time_to_fall_asleep_min_prev_day"",""respiratory_rate_prev_day"",""skin_temp_deviation_prev_day""]",42,84e53a05f01e9188b5d2ed16fdfc6d99da3afcf0,07d935d701aec7001ed59534be4c84d7176f5feaca0318ae978e512769d46373,a0425fcc0ba351c8f6137f2997261229b374cf54a99904bc2ec4416c648a9549,2026-08-20T03:49:49.774289+00:00,0.5,10,15088,ml/outputs/predictions/predictions_user_A5_rf.parquet,False,3.8141326250006387,0.6790758917883648,0.6844010133912414,0.6817280538364477,0.7107459278596728,0.7373611292616058,0.21432643265578843,4118,2681,2616,5673,"{""n_bins"":10,""probability_predicted"":[0.17240713481138,0.26792834358866696,0.351398634446449,0.45445553977566805,0.5421705844386809,0.6494664252272941,0.7560542769331865,0.8406706749762177,0.9242594133032129],""probability_true"":[0.16417910447761194,0.2533889468196038,0.34057377049180326,0.46848225214198286,0.5155346820809249,0.6533018867924528,0.7523983554134308,0.8322751322751323,0.8297872340425532]}",{},False,False
user_A5_histgb,user,val,A5,histgb,69956,15088,,200,43,,"{""learning_rate"":0.1,""max_iter"":300,""random_state"":42}","[""experience_level_code"",""day_of_week"",""is_weekend"",""workout_completed_prev_day"",""workout_count_7d"",""workout_count_28d"",""completion_rate_7d"",""completion_rate_28d"",""days_since_last_workout"",""consecutive_workout_days"",""consecutive_non_workout_days"",""is_return_mode_candidate"",""sleep_minutes_prev_day"",""resting_hr_prev_day"",""resting_hr_trend_code_prev_day"",""last_workout_duration_min_prev_day"",""last_workout_type_code_prev_day"",""last_workout_calories_prev_day"",""last_workout_avg_hr_prev_day"",""sleep_minutes_delta_28d"",""resting_hr_delta_28d"",""hrv_prev_day"",""hrv_delta_28d"",""recovery_score_prev_day"",""day_strain_prev_day"",""calories_burned_prev_day"",""sleep_efficiency_prev_day"",""light_sleep_hours_prev_day"",""rem_sleep_hours_prev_day"",""deep_sleep_hours_prev_day"",""wake_ups_prev_day"",""time_to_fall_asleep_min_prev_day"",""respiratory_rate_prev_day"",""skin_temp_deviation_prev_day""]",42,84e53a05f01e9188b5d2ed16fdfc6d99da3afcf0,07d935d701aec7001ed59534be4c84d7176f5feaca0318ae978e512769d46373,a0425fcc0ba351c8f6137f2997261229b374cf54a99904bc2ec4416c648a9549,2026-08-20T03:49:49.774289+00:00,0.5,10,15088,ml/outputs/predictions/predictions_user_A5_histgb.parquet,False,0.5529745000003459,0.683151718357083,0.6882615514537339,0.6856971153846154,0.7145320384930253,0.7436250221470422,0.21311963939233314,4153,2646,2584,5705,"{""n_bins"":10,""probability_predicted"":[0.19403749704360962,0.2615538892229046,0.3441341759349141,0.45596957521373976,0.5420654646874509,0.6461183142758185,0.7553895499869331,0.8341800231639653,0.9319218131048339],""probability_true"":[0.4,0.23640960809102401,0.33152370611654,0.46549007248660573,0.5224150397686189,0.6633064516129032,0.7401861594496155,0.8308746048472075,0.875]}",{},False,False
user_A2-lag1_logreg,user,val,A2-lag1,logreg,69956,15088,,200,43,,"{""max_iter"":1000,""random_state"":42}","[""workout_completed_prev_day"",""day_of_week""]",42,84e53a05f01e9188b5d2ed16fdfc6d99da3afcf0,07d935d701aec7001ed59534be4c84d7176f5feaca0318ae978e512769d46373,a0425fcc0ba351c8f6137f2997261229b374cf54a99904bc2ec4416c648a9549,2026-08-20T03:49:49.774289+00:00,0.5,10,15088,ml/outputs/predictions/predictions_user_A2-lag1_logreg.parquet,False,0.055486874998678104,0.5940138142747505,0.747014115092291,0.6617859242238017,0.606531140431029,0.6263175908617757,0.23919194025009335,2567,4232,2097,6192,"{""n_bins"":10,""probability_predicted"":[0.37726350318560453,0.45713103815199757,0.5566227588001148,0.6536878378240134,0.7090733647346497],""probability_true"":[0.3613365155131265,0.5216037368625924,0.5379176241824288,0.6608020698576973,0.6596452328159645]}",{},False,False
user_A2-lag1_rf,user,val,A2-lag1,rf,69956,15088,,200,43,,"{""min_samples_leaf"":5,""n_estimators"":300,""n_jobs"":-1,""random_state"":42}","[""workout_completed_prev_day"",""day_of_week""]",42,84e53a05f01e9188b5d2ed16fdfc6d99da3afcf0,07d935d701aec7001ed59534be4c84d7176f5feaca0318ae978e512769d46373,a0425fcc0ba351c8f6137f2997261229b374cf54a99904bc2ec4416c648a9549,2026-08-20T03:49:49.774289+00:00,0.5,10,15088,ml/outputs/predictions/predictions_user_A2-lag1_rf.parquet,False,0.5184595419996185,0.6408045977011494,0.564965617082881,0.6005000961723408,0.613053250913628,0.6279108384403178,0.23664915185874286,4174,2625,3606,4683,"{""n_bins"":10,""probability_predicted"":[0.3744507740249497,0.4803235853672447,0.539180338382721,0.6760151998883465],""probability_true"":[0.3613365155131265,0.5011433597185576,0.5303867403314917,0.6639629200463499]}",{},False,False
user_A2-lag1_histgb,user,val,A2-lag1,histgb,69956,15088,,200,43,,"{""learning_rate"":0.1,""max_iter"":300,""random_state"":42}","[""workout_completed_prev_day"",""day_of_week""]",42,84e53a05f01e9188b5d2ed16fdfc6d99da3afcf0,07d935d701aec7001ed59534be4c84d7176f5feaca0318ae978e512769d46373,a0425fcc0ba351c8f6137f2997261229b374cf54a99904bc2ec4416c648a9549,2026-08-20T03:49:49.774289+00:00,0.5,10,15088,ml/outputs/predictions/predictions_user_A2-lag1_histgb.parquet,False,0.22324295899852586,0.6408045977011494,0.564965617082881,0.6005000961723408,0.613311781761779,0.6281997493315118,0.23664006812272553,4174,2625,3606,4683,"{""n_bins"":10,""probability_predicted"":[0.3729479268797827,0.4814621420785221,0.5380534529685974,0.6752775723009468],""probability_true"":[0.3613365155131265,0.5011433597185576,0.5303867403314917,0.6639629200463499]}",{},False,False
