experiment_id,split_type,ablation_id,model_id,method,feature,importance_mean,importance_std
time_A1_logreg,time,A1,logreg,logistic_coefficient,experience_level_code_ADVANCED,1.0872738419496693,
time_A1_logreg,time,A1,logreg,logistic_coefficient,experience_level_code_BEGINNER,-0.7956282424823371,
time_A1_logreg,time,A1,logreg,logistic_coefficient,experience_level_code_INTERMEDIATE,-0.26830435168426575,
time_A1_logreg,time,A1,logreg,logistic_coefficient,day_of_week,0.0025980602262117105,
time_A1_logreg,time,A1,logreg,logistic_coefficient,is_weekend,-0.3611162669179869,
time_A2_logreg,time,A2,logreg,logistic_coefficient,experience_level_code_ADVANCED,0.6849067525435768,
time_A2_logreg,time,A2,logreg,logistic_coefficient,experience_level_code_BEGINNER,-0.47146340555067073,
time_A2_logreg,time,A2,logreg,logistic_coefficient,experience_level_code_INTERMEDIATE,-0.14043819656163195,
time_A2_logreg,time,A2,logreg,logistic_coefficient,day_of_week,-0.0043791017711529035,
time_A2_logreg,time,A2,logreg,logistic_coefficient,is_weekend,-0.3624657917233827,
time_A2_logreg,time,A2,logreg,logistic_coefficient,workout_completed_prev_day,-0.012461321476365627,
time_A2_logreg,time,A2,logreg,logistic_coefficient,workout_count_7d,0.11180384186171285,
time_A2_logreg,time,A2,logreg,logistic_coefficient,workout_count_28d,0.033055973470545605,
time_A2_logreg,time,A2,logreg,logistic_coefficient,completion_rate_7d,-0.14609243729597682,
time_A2_logreg,time,A2,logreg,logistic_coefficient,completion_rate_28d,0.3486582003986381,
time_A2_logreg,time,A2,logreg,logistic_coefficient,days_since_last_workout,-0.21539002272771798,
time_A2_logreg,time,A2,logreg,logistic_coefficient,consecutive_workout_days,0.07060147284626,
time_A2_logreg,time,A2,logreg,logistic_coefficient,consecutive_non_workout_days,0.19940500046744983,
time_A2_logreg,time,A2,logreg,logistic_coefficient,is_return_mode_candidate,0.02637678055082215,
time_A3_logreg,time,A3,logreg,logistic_coefficient,experience_level_code_ADVANCED,0.6859914516384353,
time_A3_logreg,time,A3,logreg,logistic_coefficient,experience_level_code_BEGINNER,-0.4765897137476181,
time_A3_logreg,time,A3,logreg,logistic_coefficient,experience_level_code_INTERMEDIATE,-0.15024651790294724,
time_A3_logreg,time,A3,logreg,logistic_coefficient,resting_hr_trend_code_prev_day_DOWNWARD,0.02441189684767238,
time_A3_logreg,time,A3,logreg,logistic_coefficient,resting_hr_trend_code_prev_day_STABLE,0.010764492435610954,
time_A3_logreg,time,A3,logreg,logistic_coefficient,resting_hr_trend_code_prev_day_UPWARD,-0.0009306145851887959,
time_A3_logreg,time,A3,logreg,logistic_coefficient,resting_hr_trend_code_prev_day___MISSING__,0.024909445289776105,
time_A3_logreg,time,A3,logreg,logistic_coefficient,last_workout_type_code_prev_day_CrossFit,0.024810701332063822,
time_A3_logreg,time,A3,logreg,logistic_coefficient,last_workout_type_code_prev_day_Cycling,-0.08033653810504673,
time_A3_logreg,time,A3,logreg,logistic_coefficient,last_workout_type_code_prev_day_HIIT,0.04812325212885985,
time_A3_logreg,time,A3,logreg,logistic_coefficient,last_workout_type_code_prev_day_NONE,0.013593005607481662,
time_A3_logreg,time,A3,logreg,logistic_coefficient,last_workout_type_code_prev_day_Running,-0.011874592210024482,
time_A3_logreg,time,A3,logreg,logistic_coefficient,last_workout_type_code_prev_day_Swimming,-0.01048514871677106,
time_A3_logreg,time,A3,logreg,logistic_coefficient,last_workout_type_code_prev_day_Walking,0.08079851794661037,
time_A3_logreg,time,A3,logreg,logistic_coefficient,last_workout_type_code_prev_day_Weight Training,-0.027113284386181196,
time_A3_logreg,time,A3,logreg,logistic_coefficient,last_workout_type_code_prev_day_Yoga,-0.0032701388988984905,
time_A3_logreg,time,A3,logreg,logistic_coefficient,last_workout_type_code_prev_day___MISSING__,0.024909445289776105,
time_A3_logreg,time,A3,logreg,logistic_coefficient,day_of_week,-0.006127352741478253,
time_A3_logreg,time,A3,logreg,logistic_coefficient,is_weekend,-0.36116424742060244,
time_A3_logreg,time,A3,logreg,logistic_coefficient,workout_completed_prev_day,-0.022464292281122712,
time_A3_logreg,time,A3,logreg,logistic_coefficient,workout_count_7d,0.10652896787144847,
time_A3_logreg,time,A3,logreg,logistic_coefficient,workout_count_28d,0.03669668025761782,
time_A3_logreg,time,A3,logreg,logistic_coefficient,completion_rate_7d,-0.13747305185025402,
time_A3_logreg,time,A3,logreg,logistic_coefficient,completion_rate_28d,0.3396101210458171,
time_A3_logreg,time,A3,logreg,logistic_coefficient,days_since_last_workout,-0.21192994720406985,
time_A3_logreg,time,A3,logreg,logistic_coefficient,consecutive_workout_days,0.07017479756356583,
time_A3_logreg,time,A3,logreg,logistic_coefficient,consecutive_non_workout_days,0.19768857073131685,
time_A3_logreg,time,A3,logreg,logistic_coefficient,is_return_mode_candidate,0.02546390633820313,
time_A3_logreg,time,A3,logreg,logistic_coefficient,sleep_minutes_prev_day,0.00048817809526451804,
time_A3_logreg,time,A3,logreg,logistic_coefficient,resting_hr_prev_day,0.024762270093255052,
time_A3_logreg,time,A3,logreg,logistic_coefficient,last_workout_duration_min_prev_day,-0.003902436553215263,
time_A3_logreg,time,A3,logreg,logistic_coefficient,last_workout_calories_prev_day,-0.012930765696606434,
time_A3_logreg,time,A3,logreg,logistic_coefficient,last_workout_avg_hr_prev_day,0.028689929104450545,
time_A4_logreg,time,A4,logreg,logistic_coefficient,experience_level_code_ADVANCED,0.6885621584234946,
time_A4_logreg,time,A4,logreg,logistic_coefficient,experience_level_code_BEGINNER,-0.478593412562762,
time_A4_logreg,time,A4,logreg,logistic_coefficient,experience_level_code_INTERMEDIATE,-0.15104476302068964,
time_A4_logreg,time,A4,logreg,logistic_coefficient,resting_hr_trend_code_prev_day_DOWNWARD,0.01595567055852183,
time_A4_logreg,time,A4,logreg,logistic_coefficient,resting_hr_trend_code_prev_day_STABLE,0.010391519032255596,
time_A4_logreg,time,A4,logreg,logistic_coefficient,resting_hr_trend_code_prev_day_UPWARD,0.0069469244854737395,
time_A4_logreg,time,A4,logreg,logistic_coefficient,resting_hr_trend_code_prev_day___MISSING__,0.025629868763790795,
time_A4_logreg,time,A4,logreg,logistic_coefficient,last_workout_type_code_prev_day_CrossFit,0.02527220895021544,
time_A4_logreg,time,A4,logreg,logistic_coefficient,last_workout_type_code_prev_day_Cycling,-0.08024164647428446,
time_A4_logreg,time,A4,logreg,logistic_coefficient,last_workout_type_code_prev_day_HIIT,0.048247741503510626,
time_A4_logreg,time,A4,logreg,logistic_coefficient,last_workout_type_code_prev_day_NONE,0.013067529721498937,
time_A4_logreg,time,A4,logreg,logistic_coefficient,last_workout_type_code_prev_day_Running,-0.011958983028374679,
time_A4_logreg,time,A4,logreg,logistic_coefficient,last_workout_type_code_prev_day_Swimming,-0.010000918231421834,
time_A4_logreg,time,A4,logreg,logistic_coefficient,last_workout_type_code_prev_day_Walking,0.07957315181599944,
time_A4_logreg,time,A4,logreg,logistic_coefficient,last_workout_type_code_prev_day_Weight Training,-0.026916278922737253,
time_A4_logreg,time,A4,logreg,logistic_coefficient,last_workout_type_code_prev_day_Yoga,-0.003748691258157194,
time_A4_logreg,time,A4,logreg,logistic_coefficient,last_workout_type_code_prev_day___MISSING__,0.025629868763790795,
time_A4_logreg,time,A4,logreg,logistic_coefficient,day_of_week,-0.0045648344057525585,
time_A4_logreg,time,A4,logreg,logistic_coefficient,is_weekend,-0.3629575275100529,
time_A4_logreg,time,A4,logreg,logistic_coefficient,workout_completed_prev_day,-0.023069437287805087,
time_A4_logreg,time,A4,logreg,logistic_coefficient,workout_count_7d,0.11086901601085553,
time_A4_logreg,time,A4,logreg,logistic_coefficient,workout_count_28d,0.03607070864618102,
time_A4_logreg,time,A4,logreg,logistic_coefficient,completion_rate_7d,-0.14283831995941662,
time_A4_logreg,time,A4,logreg,logistic_coefficient,completion_rate_28d,0.33939866070895897,
time_A4_logreg,time,A4,logreg,logistic_coefficient,days_since_last_workout,-0.21417057360390498,
time_A4_logreg,time,A4,logreg,logistic_coefficient,consecutive_workout_days,0.0708010351164102,
time_A4_logreg,time,A4,logreg,logistic_coefficient,consecutive_non_workout_days,0.19970689371450026,
time_A4_logreg,time,A4,logreg,logistic_coefficient,is_return_mode_candidate,0.025721525034184286,
time_A4_logreg,time,A4,logreg,logistic_coefficient,sleep_minutes_prev_day,-0.0034802197809934605,
time_A4_logreg,time,A4,logreg,logistic_coefficient,resting_hr_prev_day,0.025025339071453736,
time_A4_logreg,time,A4,logreg,logistic_coefficient,last_workout_duration_min_prev_day,-0.0038630899973099188,
time_A4_logreg,time,A4,logreg,logistic_coefficient,last_workout_calories_prev_day,-0.013008625805824212,
time_A4_logreg,time,A4,logreg,logistic_coefficient,last_workout_avg_hr_prev_day,0.029156130596096303,
time_A4_logreg,time,A4,logreg,logistic_coefficient,sleep_minutes_delta_28d,0.0060119050487424395,
time_A4_logreg,time,A4,logreg,logistic_coefficient,resting_hr_delta_28d,-0.0075095007763321675,
time_A5_logreg,time,A5,logreg,logistic_coefficient,experience_level_code_ADVANCED,0.6902479329391425,
time_A5_logreg,time,A5,logreg,logistic_coefficient,experience_level_code_BEGINNER,-0.4774532501674892,
time_A5_logreg,time,A5,logreg,logistic_coefficient,experience_level_code_INTERMEDIATE,-0.1522503966169354,
time_A5_logreg,time,A5,logreg,logistic_coefficient,resting_hr_trend_code_prev_day_DOWNWARD,0.015334798722506777,
time_A5_logreg,time,A5,logreg,logistic_coefficient,resting_hr_trend_code_prev_day_STABLE,0.009898408891387685,
time_A5_logreg,time,A5,logreg,logistic_coefficient,resting_hr_trend_code_prev_day_UPWARD,0.006845055830169521,
time_A5_logreg,time,A5,logreg,logistic_coefficient,resting_hr_trend_code_prev_day___MISSING__,0.028466022710653266,
time_A5_logreg,time,A5,logreg,logistic_coefficient,last_workout_type_code_prev_day_CrossFit,0.028000731849995675,
time_A5_logreg,time,A5,logreg,logistic_coefficient,last_workout_type_code_prev_day_Cycling,-0.07621153362233538,
time_A5_logreg,time,A5,logreg,logistic_coefficient,last_workout_type_code_prev_day_HIIT,0.04654723452137249,
time_A5_logreg,time,A5,logreg,logistic_coefficient,last_workout_type_code_prev_day_NONE,0.010274408398976899,
time_A5_logreg,time,A5,logreg,logistic_coefficient,last_workout_type_code_prev_day_Running,-0.011624249899334785,
time_A5_logreg,time,A5,logreg,logistic_coefficient,last_workout_type_code_prev_day_Swimming,-0.008496419071877497,
time_A5_logreg,time,A5,logreg,logistic_coefficient,last_workout_type_code_prev_day_Walking,0.07805095006352473,
time_A5_logreg,time,A5,logreg,logistic_coefficient,last_workout_type_code_prev_day_Weight Training,-0.02637631881661248,
time_A5_logreg,time,A5,logreg,logistic_coefficient,last_workout_type_code_prev_day_Yoga,-0.008086539979645075,
time_A5_logreg,time,A5,logreg,logistic_coefficient,last_workout_type_code_prev_day___MISSING__,0.028466022710653266,
time_A5_logreg,time,A5,logreg,logistic_coefficient,day_of_week,-0.003282662375708164,
time_A5_logreg,time,A5,logreg,logistic_coefficient,is_weekend,-0.3645478459296506,
time_A5_logreg,time,A5,logreg,logistic_coefficient,workout_completed_prev_day,-0.021655590374113007,
time_A5_logreg,time,A5,logreg,logistic_coefficient,workout_count_7d,0.11458671060950643,
time_A5_logreg,time,A5,logreg,logistic_coefficient,workout_count_28d,0.035668228994578145,
time_A5_logreg,time,A5,logreg,logistic_coefficient,completion_rate_7d,-0.14622452210430542,
time_A5_logreg,time,A5,logreg,logistic_coefficient,completion_rate_28d,0.3378307964027609,
time_A5_logreg,time,A5,logreg,logistic_coefficient,days_since_last_workout,-0.21783768447988433,
time_A5_logreg,time,A5,logreg,logistic_coefficient,consecutive_workout_days,0.07024816675693864,
time_A5_logreg,time,A5,logreg,logistic_coefficient,consecutive_non_workout_days,0.20334762060547085,
time_A5_logreg,time,A5,logreg,logistic_coefficient,is_return_mode_candidate,0.02581299752113882,
time_A5_logreg,time,A5,logreg,logistic_coefficient,sleep_minutes_prev_day,-0.00210367440499615,
time_A5_logreg,time,A5,logreg,logistic_coefficient,resting_hr_prev_day,0.02569022216013382,
time_A5_logreg,time,A5,logreg,logistic_coefficient,last_workout_duration_min_prev_day,-0.0034218321291804655,
time_A5_logreg,time,A5,logreg,logistic_coefficient,last_workout_calories_prev_day,-0.017276403876218704,
time_A5_logreg,time,A5,logreg,logistic_coefficient,last_workout_avg_hr_prev_day,0.0291478926664101,
time_A5_logreg,time,A5,logreg,logistic_coefficient,sleep_minutes_delta_28d,0.004694911099105235,
time_A5_logreg,time,A5,logreg,logistic_coefficient,resting_hr_delta_28d,-0.0006078520495698669,
time_A5_logreg,time,A5,logreg,logistic_coefficient,hrv_prev_day,-0.021578252160304748,
time_A5_logreg,time,A5,logreg,logistic_coefficient,hrv_delta_28d,0.005622553253806131,
time_A5_logreg,time,A5,logreg,logistic_coefficient,recovery_score_prev_day,0.013993636268348998,
time_A5_logreg,time,A5,logreg,logistic_coefficient,day_strain_prev_day,-0.03655147392802116,
time_A5_logreg,time,A5,logreg,logistic_coefficient,calories_burned_prev_day,0.028141375303971636,
time_A5_logreg,time,A5,logreg,logistic_coefficient,sleep_efficiency_prev_day,0.003288103394343934,
time_A5_logreg,time,A5,logreg,logistic_coefficient,light_sleep_hours_prev_day,-0.00751368327609125,
time_A5_logreg,time,A5,logreg,logistic_coefficient,rem_sleep_hours_prev_day,0.010589222045141053,
time_A5_logreg,time,A5,logreg,logistic_coefficient,deep_sleep_hours_prev_day,-0.002155348419400698,
time_A5_logreg,time,A5,logreg,logistic_coefficient,wake_ups_prev_day,0.022905666072950873,
time_A5_logreg,time,A5,logreg,logistic_coefficient,time_to_fall_asleep_min_prev_day,-0.006822629426294709,
time_A5_logreg,time,A5,logreg,logistic_coefficient,respiratory_rate_prev_day,-0.0031095560555673084,
time_A5_logreg,time,A5,logreg,logistic_coefficient,skin_temp_deviation_prev_day,-0.008173539431905253,
time_A2-lag1_logreg,time,A2-lag1,logreg,logistic_coefficient,workout_completed_prev_day,0.31581434612469217,
time_A2-lag1_logreg,time,A2-lag1,logreg,logistic_coefficient,day_of_week,-0.2518133087418178,
user_A1_logreg,user,A1,logreg,logistic_coefficient,experience_level_code_ADVANCED,1.117820890434204,
user_A1_logreg,user,A1,logreg,logistic_coefficient,experience_level_code_BEGINNER,-0.7959025439283929,
user_A1_logreg,user,A1,logreg,logistic_coefficient,experience_level_code_INTERMEDIATE,-0.2911744474347682,
user_A1_logreg,user,A1,logreg,logistic_coefficient,day_of_week,-0.0025403312923859625,
user_A1_logreg,user,A1,logreg,logistic_coefficient,is_weekend,-0.3599326420514187,
user_A2_logreg,user,A2,logreg,logistic_coefficient,experience_level_code_ADVANCED,0.6639490209069391,
user_A2_logreg,user,A2,logreg,logistic_coefficient,experience_level_code_BEGINNER,-0.4317072289682803,
user_A2_logreg,user,A2,logreg,logistic_coefficient,experience_level_code_INTERMEDIATE,-0.13647401559531144,
user_A2_logreg,user,A2,logreg,logistic_coefficient,day_of_week,-0.008599769159687475,
user_A2_logreg,user,A2,logreg,logistic_coefficient,is_weekend,-0.36206942697508454,
user_A2_logreg,user,A2,logreg,logistic_coefficient,workout_completed_prev_day,-0.009893257927319219,
user_A2_logreg,user,A2,logreg,logistic_coefficient,workout_count_7d,0.13257008059928738,
user_A2_logreg,user,A2,logreg,logistic_coefficient,workout_count_28d,0.029371078824602537,
user_A2_logreg,user,A2,logreg,logistic_coefficient,completion_rate_7d,-0.15935908788239225,
user_A2_logreg,user,A2,logreg,logistic_coefficient,completion_rate_28d,0.405183957688563,
user_A2_logreg,user,A2,logreg,logistic_coefficient,days_since_last_workout,-0.2160060082048418,
user_A2_logreg,user,A2,logreg,logistic_coefficient,consecutive_workout_days,0.061119858095735974,
user_A2_logreg,user,A2,logreg,logistic_coefficient,consecutive_non_workout_days,0.21051076533368984,
user_A2_logreg,user,A2,logreg,logistic_coefficient,is_return_mode_candidate,0.021638140742854098,
user_A3_logreg,user,A3,logreg,logistic_coefficient,experience_level_code_ADVANCED,0.6646547211554394,
user_A3_logreg,user,A3,logreg,logistic_coefficient,experience_level_code_BEGINNER,-0.4425343609018676,
user_A3_logreg,user,A3,logreg,logistic_coefficient,experience_level_code_INTERMEDIATE,-0.14760407559661948,
user_A3_logreg,user,A3,logreg,logistic_coefficient,resting_hr_trend_code_prev_day_DOWNWARD,0.039171008416225075,
user_A3_logreg,user,A3,logreg,logistic_coefficient,resting_hr_trend_code_prev_day_STABLE,0.02364162308560529,
user_A3_logreg,user,A3,logreg,logistic_coefficient,resting_hr_trend_code_prev_day_UPWARD,-0.009223459575743569,
user_A3_logreg,user,A3,logreg,logistic_coefficient,resting_hr_trend_code_prev_day___MISSING__,0.02092711273087025,
user_A3_logreg,user,A3,logreg,logistic_coefficient,last_workout_type_code_prev_day_CrossFit,0.040725790282517965,
user_A3_logreg,user,A3,logreg,logistic_coefficient,last_workout_type_code_prev_day_Cycling,-0.11268592275069642,
user_A3_logreg,user,A3,logreg,logistic_coefficient,last_workout_type_code_prev_day_HIIT,0.09249951208899457,
user_A3_logreg,user,A3,logreg,logistic_coefficient,last_workout_type_code_prev_day_NONE,0.011745521765671276,
user_A3_logreg,user,A3,logreg,logistic_coefficient,last_workout_type_code_prev_day_Running,-0.006834883459494634,
user_A3_logreg,user,A3,logreg,logistic_coefficient,last_workout_type_code_prev_day_Swimming,0.014791508613991785,
user_A3_logreg,user,A3,logreg,logistic_coefficient,last_workout_type_code_prev_day_Walking,0.057313918502267254,
user_A3_logreg,user,A3,logreg,logistic_coefficient,last_workout_type_code_prev_day_Weight Training,-0.03220279346372237,
user_A3_logreg,user,A3,logreg,logistic_coefficient,last_workout_type_code_prev_day_Yoga,-0.011763479653442752,
user_A3_logreg,user,A3,logreg,logistic_coefficient,last_workout_type_code_prev_day___MISSING__,0.02092711273087025,
user_A3_logreg,user,A3,logreg,logistic_coefficient,day_of_week,-0.006555786549005118,
user_A3_logreg,user,A3,logreg,logistic_coefficient,is_weekend,-0.3647302075993016,
user_A3_logreg,user,A3,logreg,logistic_coefficient,workout_completed_prev_day,0.002158903307784564,
user_A3_logreg,user,A3,logreg,logistic_coefficient,workout_count_7d,0.12723090042898286,
user_A3_logreg,user,A3,logreg,logistic_coefficient,workout_count_28d,0.0317855851203495,
user_A3_logreg,user,A3,logreg,logistic_coefficient,completion_rate_7d,-0.1524089965902749,
user_A3_logreg,user,A3,logreg,logistic_coefficient,completion_rate_28d,0.39490484130839854,
user_A3_logreg,user,A3,logreg,logistic_coefficient,days_since_last_workout,-0.22443778073554188,
user_A3_logreg,user,A3,logreg,logistic_coefficient,consecutive_workout_days,0.06085878699833629,
user_A3_logreg,user,A3,logreg,logistic_coefficient,consecutive_non_workout_days,0.2197195029772064,
user_A3_logreg,user,A3,logreg,logistic_coefficient,is_return_mode_candidate,0.020982916171284772,
user_A3_logreg,user,A3,logreg,logistic_coefficient,sleep_minutes_prev_day,-0.0013317087872603123,
user_A3_logreg,user,A3,logreg,logistic_coefficient,resting_hr_prev_day,0.026679674640118146,
user_A3_logreg,user,A3,logreg,logistic_coefficient,last_workout_duration_min_prev_day,0.02131573239865308,
user_A3_logreg,user,A3,logreg,logistic_coefficient,last_workout_calories_prev_day,-0.022720032222008354,
user_A3_logreg,user,A3,logreg,logistic_coefficient,last_workout_avg_hr_prev_day,-0.011497203448621731,
user_A4_logreg,user,A4,logreg,logistic_coefficient,experience_level_code_ADVANCED,0.6649854670399206,
user_A4_logreg,user,A4,logreg,logistic_coefficient,experience_level_code_BEGINNER,-0.44176129248087226,
user_A4_logreg,user,A4,logreg,logistic_coefficient,experience_level_code_INTERMEDIATE,-0.14713169951644067,
user_A4_logreg,user,A4,logreg,logistic_coefficient,resting_hr_trend_code_prev_day_DOWNWARD,0.01100885499253219,
user_A4_logreg,user,A4,logreg,logistic_coefficient,resting_hr_trend_code_prev_day_STABLE,0.02209616089283758,
user_A4_logreg,user,A4,logreg,logistic_coefficient,resting_hr_trend_code_prev_day_UPWARD,0.017120648496385695,
user_A4_logreg,user,A4,logreg,logistic_coefficient,resting_hr_trend_code_prev_day___MISSING__,0.02586681066085567,
user_A4_logreg,user,A4,logreg,logistic_coefficient,last_workout_type_code_prev_day_CrossFit,0.04607352990902686,
user_A4_logreg,user,A4,logreg,logistic_coefficient,last_workout_type_code_prev_day_Cycling,-0.11028020310138294,
user_A4_logreg,user,A4,logreg,logistic_coefficient,last_workout_type_code_prev_day_HIIT,0.08865928021004758,
user_A4_logreg,user,A4,logreg,logistic_coefficient,last_workout_type_code_prev_day_NONE,0.008437539780817665,
user_A4_logreg,user,A4,logreg,logistic_coefficient,last_workout_type_code_prev_day_Running,2.1723380660267815e-05,
user_A4_logreg,user,A4,logreg,logistic_coefficient,last_workout_type_code_prev_day_Swimming,0.008078225236818008,
user_A4_logreg,user,A4,logreg,logistic_coefficient,last_workout_type_code_prev_day_Walking,0.05638393138937582,
user_A4_logreg,user,A4,logreg,logistic_coefficient,last_workout_type_code_prev_day_Weight Training,-0.03518382007084081,
user_A4_logreg,user,A4,logreg,logistic_coefficient,last_workout_type_code_prev_day_Yoga,-0.01196454235276627,
user_A4_logreg,user,A4,logreg,logistic_coefficient,last_workout_type_code_prev_day___MISSING__,0.02586681066085567,
user_A4_logreg,user,A4,logreg,logistic_coefficient,day_of_week,-0.0065812147734230116,
user_A4_logreg,user,A4,logreg,logistic_coefficient,is_weekend,-0.36511153893468407,
user_A4_logreg,user,A4,logreg,logistic_coefficient,workout_completed_prev_day,0.0003149313916606449,
user_A4_logreg,user,A4,logreg,logistic_coefficient,workout_count_7d,0.13765648884138734,
user_A4_logreg,user,A4,logreg,logistic_coefficient,workout_count_28d,0.029491549649683674,
user_A4_logreg,user,A4,logreg,logistic_coefficient,completion_rate_7d,-0.16301797705812154,
user_A4_logreg,user,A4,logreg,logistic_coefficient,completion_rate_28d,0.3968679771790729,
user_A4_logreg,user,A4,logreg,logistic_coefficient,days_since_last_workout,-0.2224150354908504,
user_A4_logreg,user,A4,logreg,logistic_coefficient,consecutive_workout_days,0.06052571780116836,
user_A4_logreg,user,A4,logreg,logistic_coefficient,consecutive_non_workout_days,0.21696263394649867,
user_A4_logreg,user,A4,logreg,logistic_coefficient,is_return_mode_candidate,0.02136520750703773,
user_A4_logreg,user,A4,logreg,logistic_coefficient,sleep_minutes_prev_day,-0.003971552213370793,
user_A4_logreg,user,A4,logreg,logistic_coefficient,resting_hr_prev_day,0.02853685456370055,
user_A4_logreg,user,A4,logreg,logistic_coefficient,last_workout_duration_min_prev_day,0.019194208707838983,
user_A4_logreg,user,A4,logreg,logistic_coefficient,last_workout_calories_prev_day,-0.02221215369598636,
user_A4_logreg,user,A4,logreg,logistic_coefficient,last_workout_avg_hr_prev_day,-0.009948430677124089,
user_A4_logreg,user,A4,logreg,logistic_coefficient,sleep_minutes_delta_28d,0.004116591861012402,
user_A4_logreg,user,A4,logreg,logistic_coefficient,resting_hr_delta_28d,-0.024013822051674526,
user_A5_logreg,user,A5,logreg,logistic_coefficient,experience_level_code_ADVANCED,0.6697773897085937,
user_A5_logreg,user,A5,logreg,logistic_coefficient,experience_level_code_BEGINNER,-0.4414835139668575,
user_A5_logreg,user,A5,logreg,logistic_coefficient,experience_level_code_INTERMEDIATE,-0.15066527342854913,
user_A5_logreg,user,A5,logreg,logistic_coefficient,resting_hr_trend_code_prev_day_DOWNWARD,0.010504667981415715,
user_A5_logreg,user,A5,logreg,logistic_coefficient,resting_hr_trend_code_prev_day_STABLE,0.021651025142437254,
user_A5_logreg,user,A5,logreg,logistic_coefficient,resting_hr_trend_code_prev_day_UPWARD,0.016351640459013564,
user_A5_logreg,user,A5,logreg,logistic_coefficient,resting_hr_trend_code_prev_day___MISSING__,0.029121268730322017,
user_A5_logreg,user,A5,logreg,logistic_coefficient,last_workout_type_code_prev_day_CrossFit,0.05043310602228468,
user_A5_logreg,user,A5,logreg,logistic_coefficient,last_workout_type_code_prev_day_Cycling,-0.09983076453100242,
user_A5_logreg,user,A5,logreg,logistic_coefficient,last_workout_type_code_prev_day_HIIT,0.08470306712123461,
user_A5_logreg,user,A5,logreg,logistic_coefficient,last_workout_type_code_prev_day_NONE,0.005214245988952399,
user_A5_logreg,user,A5,logreg,logistic_coefficient,last_workout_type_code_prev_day_Running,0.000940712946330267,
user_A5_logreg,user,A5,logreg,logistic_coefficient,last_workout_type_code_prev_day_Swimming,0.0124479715767072,
user_A5_logreg,user,A5,logreg,logistic_coefficient,last_workout_type_code_prev_day_Walking,0.049529789879966854,
user_A5_logreg,user,A5,logreg,logistic_coefficient,last_workout_type_code_prev_day_Weight Training,-0.033320758982474795,
user_A5_logreg,user,A5,logreg,logistic_coefficient,last_workout_type_code_prev_day_Yoga,-0.021610036439133184,
user_A5_logreg,user,A5,logreg,logistic_coefficient,last_workout_type_code_prev_day___MISSING__,0.029121268730322017,
user_A5_logreg,user,A5,logreg,logistic_coefficient,day_of_week,-0.0035660440133181348,
user_A5_logreg,user,A5,logreg,logistic_coefficient,is_weekend,-0.36874059072307336,
user_A5_logreg,user,A5,logreg,logistic_coefficient,workout_completed_prev_day,0.0016499199976900017,
user_A5_logreg,user,A5,logreg,logistic_coefficient,workout_count_7d,0.1332300787076343,
user_A5_logreg,user,A5,logreg,logistic_coefficient,workout_count_28d,0.02936689079009254,
user_A5_logreg,user,A5,logreg,logistic_coefficient,completion_rate_7d,-0.1592820637957142,
user_A5_logreg,user,A5,logreg,logistic_coefficient,completion_rate_28d,0.3918118391029537,
user_A5_logreg,user,A5,logreg,logistic_coefficient,days_since_last_workout,-0.2175453996390142,
user_A5_logreg,user,A5,logreg,logistic_coefficient,consecutive_workout_days,0.06030218499487541,
user_A5_logreg,user,A5,logreg,logistic_coefficient,consecutive_non_workout_days,0.21199989604400482,
user_A5_logreg,user,A5,logreg,logistic_coefficient,is_return_mode_candidate,0.021317208050798973,
user_A5_logreg,user,A5,logreg,logistic_coefficient,sleep_minutes_prev_day,0.0015721462503589325,
user_A5_logreg,user,A5,logreg,logistic_coefficient,resting_hr_prev_day,0.029949948188749402,
user_A5_logreg,user,A5,logreg,logistic_coefficient,last_workout_duration_min_prev_day,0.01959948803598828,
user_A5_logreg,user,A5,logreg,logistic_coefficient,last_workout_calories_prev_day,-0.029428865501051036,
user_A5_logreg,user,A5,logreg,logistic_coefficient,last_workout_avg_hr_prev_day,-0.00794285074127165,
user_A5_logreg,user,A5,logreg,logistic_coefficient,sleep_minutes_delta_28d,0.0028614235900233653,
user_A5_logreg,user,A5,logreg,logistic_coefficient,resting_hr_delta_28d,-0.012166807177923131,
user_A5_logreg,user,A5,logreg,logistic_coefficient,hrv_prev_day,-0.014964933501992583,
user_A5_logreg,user,A5,logreg,logistic_coefficient,hrv_delta_28d,-0.0004912769114342829,
user_A5_logreg,user,A5,logreg,logistic_coefficient,recovery_score_prev_day,0.027175069018473597,
user_A5_logreg,user,A5,logreg,logistic_coefficient,day_strain_prev_day,-0.03953295335111228,
user_A5_logreg,user,A5,logreg,logistic_coefficient,calories_burned_prev_day,0.024588265321300477,
user_A5_logreg,user,A5,logreg,logistic_coefficient,sleep_efficiency_prev_day,0.004461911533824261,
user_A5_logreg,user,A5,logreg,logistic_coefficient,light_sleep_hours_prev_day,-0.014998718824692699,
user_A5_logreg,user,A5,logreg,logistic_coefficient,rem_sleep_hours_prev_day,0.001311599909717325,
user_A5_logreg,user,A5,logreg,logistic_coefficient,deep_sleep_hours_prev_day,0.01149353284377215,
user_A5_logreg,user,A5,logreg,logistic_coefficient,wake_ups_prev_day,0.030489650427452848,
user_A5_logreg,user,A5,logreg,logistic_coefficient,time_to_fall_asleep_min_prev_day,-0.00534592063952447,
user_A5_logreg,user,A5,logreg,logistic_coefficient,respiratory_rate_prev_day,0.007364745895351655,
user_A5_logreg,user,A5,logreg,logistic_coefficient,skin_temp_deviation_prev_day,-1.0037666969225433e-05,
user_A2-lag1_logreg,user,A2-lag1,logreg,logistic_coefficient,workout_completed_prev_day,0.34006345938798654,
user_A2-lag1_logreg,user,A2-lag1,logreg,logistic_coefficient,day_of_week,-0.2532106727701576,
time_A3_histgb,time,A3,histgb,permutation_pr_auc,experience_level_code,0.10736510478088024,0.0014802362105830573
time_A3_histgb,time,A3,histgb,permutation_pr_auc,day_of_week,0.044156280384693526,0.001750200898737886
time_A3_histgb,time,A3,histgb,permutation_pr_auc,is_weekend,0.0,0.0
time_A3_histgb,time,A3,histgb,permutation_pr_auc,workout_completed_prev_day,0.0,0.0
time_A3_histgb,time,A3,histgb,permutation_pr_auc,workout_count_7d,-0.00016378129981073908,0.000279767147523888
time_A3_histgb,time,A3,histgb,permutation_pr_auc,workout_count_28d,0.0064564115623592325,0.0005832036997180934
time_A3_histgb,time,A3,histgb,permutation_pr_auc,completion_rate_7d,-2.9392599266575557e-05,7.543517663533534e-05
time_A3_histgb,time,A3,histgb,permutation_pr_auc,completion_rate_28d,0.0202347409376592,0.0012694819523405814
time_A3_histgb,time,A3,histgb,permutation_pr_auc,days_since_last_workout,4.9256006644693426e-05,9.797427561827649e-05
time_A3_histgb,time,A3,histgb,permutation_pr_auc,consecutive_workout_days,-0.00016645204156109372,0.00024822648027423265
time_A3_histgb,time,A3,histgb,permutation_pr_auc,consecutive_non_workout_days,4.77248161332211e-05,6.1543228833752955e-06
time_A3_histgb,time,A3,histgb,permutation_pr_auc,is_return_mode_candidate,0.0,0.0
time_A3_histgb,time,A3,histgb,permutation_pr_auc,sleep_minutes_prev_day,-1.4634295157578414e-05,0.00017558436798929093
time_A3_histgb,time,A3,histgb,permutation_pr_auc,resting_hr_prev_day,0.0011090201926962973,0.0004394813097726701
time_A3_histgb,time,A3,histgb,permutation_pr_auc,resting_hr_trend_code_prev_day,0.00018279760248340882,8.992050395731168e-05
time_A3_histgb,time,A3,histgb,permutation_pr_auc,last_workout_duration_min_prev_day,0.0003336101061823138,0.00031198149035926385
time_A3_histgb,time,A3,histgb,permutation_pr_auc,last_workout_type_code_prev_day,0.0009098014482661565,0.00055920841808597
time_A3_histgb,time,A3,histgb,permutation_pr_auc,last_workout_calories_prev_day,0.0005718213943588735,0.00029300479460704404
time_A3_histgb,time,A3,histgb,permutation_pr_auc,last_workout_avg_hr_prev_day,0.0007472933508051005,0.0005155535208738561
