experiment_id,split_type,ablation_id,model_id,segment_name,segment_value,n_samples,precision,recall,f1,roc_auc,pr_auc,brier,tn,fp,fn,tp,calibration_curve,unavailable_metrics
time_A0_majority,time,A0,majority,history_bucket,29+,14966,0.536215421622344,1.0,0.698099256230699,0.5,0.536215421622344,0.463784578377656,0,6941,0,8025,"{""n_bins"":10,""probability_predicted"":[1.0],""probability_true"":[0.536215421622344]}",{}
time_A0_majority,time,A0,majority,experience_level_code,BEGINNER,2854,0.31114225648213034,1.0,0.4746125066809193,0.5,0.31114225648213034,0.6888577435178697,0,1966,0,888,"{""n_bins"":10,""probability_predicted"":[1.0],""probability_true"":[0.31114225648213034]}",{}
time_A0_majority,time,A0,majority,experience_level_code,ADVANCED,6104,0.7411533420707732,1.0,0.8513360933383515,0.5,0.7411533420707732,0.25884665792922673,0,1580,0,4524,"{""n_bins"":10,""probability_predicted"":[1.0],""probability_true"":[0.7411533420707732]}",{}
time_A0_majority,time,A0,majority,experience_level_code,INTERMEDIATE,6008,0.4349201065246338,1.0,0.6061941770096276,0.5,0.4349201065246338,0.5650798934753661,0,3395,0,2613,"{""n_bins"":10,""probability_predicted"":[1.0],""probability_true"":[0.4349201065246338]}",{}
time_A1_logreg,time,A1,logreg,history_bucket,29+,14966,0.7411533420707732,0.5637383177570093,0.6403850237100998,0.7134404040104827,0.7231549470726355,0.21238563343256547,5361,1580,3501,4524,"{""n_bins"":10,""probability_predicted"":[0.2069263320662834,0.33803182531750314,0.49516909942386034,0.6316612505055721,0.79187284650206],""probability_true"":[0.25435540069686413,0.33797634691195794,0.47569113441372735,0.5811546840958606,0.8099812558575445]}",{}
time_A1_logreg,time,A1,logreg,experience_level_code,BEGINNER,2854,0.0,0.0,0.0,0.5398898389742743,0.33412281379767017,0.21428798222446852,1966,0,888,0,"{""n_bins"":10,""probability_predicted"":[0.2069263320662834,0.36664149731891094],""probability_true"":[0.25435540069686413,0.3356748620170597]}",{}
time_A1_logreg,time,A1,logreg,experience_level_code,ADVANCED,6104,0.7411533420707732,1.0,0.8513360933383515,0.6242876948818677,0.7962691509527212,0.18182967426665397,0,1580,0,4524,"{""n_bins"":10,""probability_predicted"":[0.6316612505055721,0.79187284650206],""probability_true"":[0.5811546840958606,0.8099812558575445]}",{}
time_A1_logreg,time,A1,logreg,experience_level_code,INTERMEDIATE,6008,0.0,0.0,0.0,0.5593362066973392,0.4696076151455053,0.24252615794931515,3395,0,2613,0,"{""n_bins"":10,""probability_predicted"":[0.30656434391639614,0.49516909942386034],""probability_true"":[0.3405077262693157,0.47569113441372735]}",{}
time_A1_rf,time,A1,rf,history_bucket,29+,14966,0.7411533420707732,0.5637383177570093,0.6403850237100998,0.7116293404893314,0.7200209610287183,0.21165084030805204,5361,1580,3501,4524,"{""n_bins"":10,""probability_predicted"":[0.2534088263943636,0.343014820701346,0.48289560452742847,0.577980231290809,0.8129417175931581],""probability_true"":[0.25435540069686413,0.33797634691195794,0.47569113441372735,0.5811546840958606,0.8099812558575445]}",{}
time_A1_rf,time,A1,rf,experience_level_code,BEGINNER,2854,0.0,0.0,0.0,0.5328478274816016,0.3269668983528994,0.21330648986799086,1966,0,888,0,"{""n_bins"":10,""probability_predicted"":[0.2534088263943636,0.34813478965886085],""probability_true"":[0.25435540069686413,0.3356748620170597]}",{}
time_A1_rf,time,A1,rf,experience_level_code,ADVANCED,6104,0.7411533420707732,1.0,0.8513360933383515,0.61861779370782,0.791618216695254,0.18099871237537804,0,1580,0,4524,"{""n_bins"":10,""probability_predicted"":[0.577980231290809,0.8129417175931581],""probability_true"":[0.5811546840958606,0.8099812558575445]}",{}
time_A1_rf,time,A1,rf,experience_level_code,INTERMEDIATE,6008,0.0,0.0,0.0,0.5558065568836457,0.46821559062339535,0.2420062605905048,3395,0,2613,0,"{""n_bins"":10,""probability_predicted"":[0.33738341996606613,0.48289560452742847],""probability_true"":[0.3405077262693157,0.47569113441372735]}",{}
time_A1_histgb,time,A1,histgb,history_bucket,29+,14966,0.7411533420707732,0.5637383177570093,0.6403850237100998,0.7114422181439377,0.7198454263916161,0.21165525964885712,5361,1580,3501,4524,"{""n_bins"":10,""probability_predicted"":[0.25338999792050815,0.34443790132520075,0.4823229236260156,0.5761927251008081,0.8130647715219518],""probability_true"":[0.25435540069686413,0.33797634691195794,0.47569113441372735,0.5811546840958606,0.8099812558575445]}",{}
time_A1_histgb,time,A1,histgb,experience_level_code,BEGINNER,2854,0.0,0.0,0.0,0.5356682980029877,0.329975664589446,0.21324264677863938,1966,0,888,0,"{""n_bins"":10,""probability_predicted"":[0.25338999792050815,0.3510533017664774],""probability_true"":[0.25435540069686413,0.3356748620170597]}",{}
time_A1_histgb,time,A1,histgb,experience_level_code,ADVANCED,6104,0.7411533420707732,1.0,0.8513360933383515,0.61861779370782,0.791618216695254,0.18105092755343563,0,1580,0,4524,"{""n_bins"":10,""probability_predicted"":[0.5761927251008081,0.8130647715219518],""probability_true"":[0.5811546840958606,0.8099812558575445]}",{}
time_A1_histgb,time,A1,histgb,experience_level_code,INTERMEDIATE,6008,0.0,0.0,0.0,0.552861274233793,0.4644458760469077,0.24199454730565712,3395,0,2613,0,"{""n_bins"":10,""probability_predicted"":[0.3371616910164456,0.4823229236260156],""probability_true"":[0.3405077262693157,0.47569113441372735]}",{}
time_A2_logreg,time,A2,logreg,history_bucket,29+,14966,0.6859070464767616,0.6841121495327103,0.6850084222346996,0.727787991441886,0.7621133971865417,0.20963294562993098,4427,2514,2535,5490,"{""n_bins"":10,""probability_predicted"":[0.17756094376822024,0.25982574087650384,0.345991965158294,0.4582477311442501,0.5405125091354595,0.6464251899795778,0.7647759324076081,0.8270792293473215,0.913275816861321],""probability_true"":[0.19082125603864733,0.3025387870239774,0.33765707336846373,0.4483665039429215,0.5042662116040956,0.5947030497592295,0.7639055622248899,0.8645943097997892,1.0]}",{}
time_A2_logreg,time,A2,logreg,experience_level_code,BEGINNER,2854,0.42857142857142855,0.0033783783783783786,0.0067039106145251395,0.5832794900699275,0.37376736899262564,0.21159892605897918,1962,4,885,3,"{""n_bins"":10,""probability_predicted"":[0.1774794301289378,0.24222433482651162,0.351889569384972,0.43116476843433993,0.5101182801382882],""probability_true"":[0.19174757281553398,0.2973451327433628,0.31545961002785516,0.42626728110599077,0.42857142857142855]}",{}
time_A2_logreg,time,A2,logreg,experience_level_code,ADVANCED,6104,0.7425189082538639,0.9982316534040672,0.8515934376767867,0.6840550817580499,0.8533104643812439,0.1776768641267907,14,1566,8,4516,"{""n_bins"":10,""probability_predicted"":[0.483318186619065,0.5660620316215184,0.647205230613418,0.7647759324076081,0.8270792293473215,0.913275816861321],""probability_true"":[0.36363636363636365,0.5,0.5951986754966887,0.7639055622248899,0.8645943097997892,1.0]}",{}
time_A2_logreg,time,A2,logreg,experience_level_code,INTERMEDIATE,6008,0.5070496083550914,0.3716035208572522,0.428886925795053,0.5840967362124463,0.49641276115298355,0.24116573746592718,2451,944,1642,971,"{""n_bins"":10,""probability_predicted"":[0.19435275346040726,0.27148435097995705,0.337777649280981,0.46332360599502265,0.5343643894015186,0.621628108777498],""probability_true"":[0.0,0.305978898007034,0.3685741998060136,0.4535568645219755,0.5055940330314331,0.5789473684210527]}",{}
time_A2_rf,time,A2,rf,history_bucket,29+,14966,0.6798408828435776,0.6601869158878505,0.66986976861803,0.709456249178097,0.7476096779330321,0.2162378740158488,4446,2495,2727,5298,"{""n_bins"":10,""probability_predicted"":[0.07838988630101085,0.1632974228535413,0.2550970923252906,0.3519483699758239,0.4495491192923711,0.5472414582230958,0.6498087913173173,0.7535134426311211,0.8479774461056997,0.9475639005667831],""probability_true"":[0.23214285714285715,0.2898832684824903,0.31017881705639616,0.36946011281224816,0.44881889763779526,0.5264279624893435,0.5937707090788602,0.7296296296296296,0.8107489994282447,0.9106078665077473]}",{}
time_A2_rf,time,A2,rf,experience_level_code,BEGINNER,2854,0.4263157894736842,0.09121621621621621,0.150278293135436,0.5588357940850311,0.35353454738415785,0.21722007846638547,1857,109,807,81,"{""n_bins"":10,""probability_predicted"":[0.07838693451212377,0.16358192524890483,0.2524808853418835,0.344933405816555,0.4460718879993375,0.5350487887166268,0.6381072226692649,0.7481641173362732],""probability_true"":[0.22448979591836735,0.25340599455040874,0.27502876869965476,0.3277777777777778,0.35281837160751567,0.4418604651162791,0.29411764705882354,0.0]}",{}
time_A2_rf,time,A2,rf,experience_level_code,ADVANCED,6104,0.7533932663493742,0.9447391688771,0.8382857703246053,0.6596240584673583,0.8437637480221014,0.18259928089928498,181,1399,250,4274,"{""n_bins"":10,""probability_predicted"":[0.2778509259223938,0.372995063662529,0.45861592372702487,0.5574704029915984,0.654956038133793,0.7542875057826463,0.8480442577501195,0.9475639005667831],""probability_true"":[0.0,0.6666666666666666,0.5642458100558659,0.6023778071334214,0.6502369668246446,0.7455113192818111,0.8116025272831706,0.9106078665077473]}",{}
time_A2_rf,time,A2,rf,experience_level_code,INTERMEDIATE,6008,0.4886010362694301,0.3608878683505549,0.41514417785604224,0.553901614618648,0.46861721994765354,0.24994738814395695,2408,987,1670,943,"{""n_bins"":10,""probability_predicted"":[0.07841054882322039,0.1625871345603547,0.2589510821112215,0.35512592348436645,0.44868555524961545,0.543256862574088,0.6378375814217452,0.7390101253986359,0.8334375619888306],""probability_true"":[0.2857142857142857,0.38095238095238093,0.363013698630137,0.3801324503311258,0.45136612021857925,0.49611856033874385,0.4691075514874142,0.4411764705882353,0.625]}",{}
time_A2_histgb,time,A2,histgb,history_bucket,29+,14966,0.6974067213548558,0.656822429906542,0.6765064493358147,0.7276817196656645,0.7630041318052462,0.20878026727688434,4654,2287,2754,5271,"{""n_bins"":10,""probability_predicted"":[0.17138126855943261,0.26773525074558124,0.34701243332241194,0.45508984708107486,0.5414303568286116,0.6621178773902652,0.759135312846794,0.8361669790620264,0.9450074113408724],""probability_true"":[0.1951219512195122,0.26435877261998425,0.34386311286607435,0.4465161923454367,0.5342806394316163,0.6596306068601583,0.7592592592592593,0.8328752061572292,0.9383333333333334]}",{}
time_A2_histgb,time,A2,histgb,experience_level_code,BEGINNER,2854,0.0,0.0,0.0,0.582932086460825,0.36949308626174077,0.21092437204853734,1963,3,888,0,"{""n_bins"":10,""probability_predicted"":[0.17106921561062335,0.26280129435505084,0.3469301374718786,0.42078042103920454,0.5161018967628479],""probability_true"":[0.2,0.25025227043390513,0.33489304812834225,0.404320987654321,0.0]}",{}
time_A2_histgb,time,A2,histgb,experience_level_code,ADVANCED,6104,0.7423343224530168,0.9953580901856764,0.8504249291784702,0.6839510654847843,0.8554576482965761,0.1763425102421411,17,1563,21,4503,"{""n_bins"":10,""probability_predicted"":[0.4885324278944417,0.5597205878993098,0.6619436454128574,0.759135312846794,0.8361669790620264,0.9450074113408724],""probability_true"":[0.5526315789473685,0.5563012677106637,0.6621621621621622,0.7592592592592593,0.8328752061572292,0.9383333333333334]}",{}
time_A2_histgb,time,A2,histgb,experience_level_code,INTERMEDIATE,6008,0.5157824042981867,0.2939150401836969,0.37445148707947346,0.5828113877198351,0.4967083284255399,0.24071781619861787,2674,721,1845,768,"{""n_bins"":10,""probability_predicted"":[0.18386338651180267,0.2851979321134942,0.3470922224296043,0.45874307007426895,0.5248081851864574,0.6692807475725809],""probability_true"":[0.0,0.3142857142857143,0.3525599481529488,0.45009276437847867,0.5152957171991842,0.5555555555555556]}",{}
time_A3_logreg,time,A3,logreg,history_bucket,29+,14966,0.6871389098216528,0.6817445482866044,0.6844311002689686,0.72802084862129,0.7622717952444589,0.20955845748756197,4450,2491,2554,5471,"{""n_bins"":10,""probability_predicted"":[0.17792280504314734,0.25847086334107755,0.34509649218848354,0.45812265283859854,0.5418478370279511,0.6478744297135522,0.7639927336481773,0.828516882865928,0.9102603048086166],""probability_true"":[0.19184652278177458,0.2995658465991317,0.3392929703372613,0.44642857142857145,0.5030250648228176,0.6038803556992725,0.7575030012004802,0.870507399577167,1.0]}",{}
time_A3_logreg,time,A3,logreg,experience_level_code,BEGINNER,2854,0.5,0.0022522522522522522,0.004484304932735426,0.5843686705525464,0.3718174280744889,0.21157394887171824,1964,2,886,2,"{""n_bins"":10,""probability_predicted"":[0.17786393251763769,0.24149746881972114,0.3508921816596078,0.43051678747572797,0.511212483048439],""probability_true"":[0.1927710843373494,0.2949640287769784,0.31511710432931156,0.42127659574468085,0.5]}",{}
time_A3_logreg,time,A3,logreg,experience_level_code,ADVANCED,6104,0.742317173377157,0.9984526967285589,0.8515411443114337,0.6844930413323036,0.8533682145906472,0.17764378950988768,12,1568,7,4517,"{""n_bins"":10,""probability_predicted"":[0.48363339273553146,0.5644283685446775,0.6487792626823354,0.7639927336481773,0.828516882865928,0.9102603048086166],""probability_true"":[0.3684210526315789,0.491701244813278,0.6040268456375839,0.7575030012004802,0.870507399577167,1.0]}",{}
time_A3_logreg,time,A3,logreg,experience_level_code,INTERMEDIATE,6008,0.5082754938601175,0.3643321852277076,0.4244315648684797,0.5846618273760911,0.5004223099835889,0.24102565471215284,2474,921,1661,952,"{""n_bins"":10,""probability_predicted"":[0.19013885408639908,0.26989605384213583,0.33733401456033324,0.46366147885301423,0.535960925225356,0.623906409740448],""probability_true"":[0.0,0.3026634382566586,0.37167300380228135,0.4523281596452328,0.5060175054704595,0.6]}",{}
time_A3_rf,time,A3,rf,history_bucket,29+,14966,0.6927734632091616,0.6558255451713396,0.6737933683267188,0.7214662435184673,0.7586683247833783,0.21088221091878007,4607,2334,2762,5263,"{""n_bins"":10,""probability_predicted"":[0.09782058745622635,0.17636591463425513,0.25935134866940485,0.35119722728085456,0.45068389301745604,0.5452262314279577,0.6447173351208949,0.7546572966795219,0.844581256743531,0.9399775083316559],""probability_true"":[0.25,0.215311004784689,0.3002028397565923,0.3463708160962768,0.4476474486414844,0.5203657522859518,0.6196269261962692,0.7644736842105263,0.831728045325779,0.9167904903417533]}",{}
time_A3_rf,time,A3,rf,experience_level_code,BEGINNER,2854,0.3770491803278688,0.0259009009009009,0.04847207586933614,0.5699790584073392,0.3621800899227404,0.21288512063666903,1928,38,865,23,"{""n_bins"":10,""probability_predicted"":[0.09782058745622635,0.17567311271384198,0.2573148751172017,0.34621312481915056,0.43802769693182264,0.5255546679099401,0.6239310503005981],""probability_true"":[0.25,0.22043010752688172,0.2726326742976067,0.32227891156462585,0.3905579399141631,0.38333333333333336,0.0]}",{}
time_A3_rf,time,A3,rf,experience_level_code,ADVANCED,6104,0.750256761383088,0.9688328912466844,0.8456492378931121,0.6790967162475238,0.8524012963939283,0.17757997606814474,121,1459,141,4383,"{""n_bins"":10,""probability_predicted"":[0.2981908917427063,0.3650680449273851,0.46760173148088496,0.5561866778211273,0.6483636667670273,0.754776817945503,0.844581256743531,0.9399775083316559],""probability_true"":[0.0,0.5,0.5432098765432098,0.5573580533024334,0.6409756097560976,0.7651715039577837,0.831728045325779,0.9167904903417533]}",{}
time_A3_rf,time,A3,rf,experience_level_code,INTERMEDIATE,6008,0.5059031877213696,0.3279755070799847,0.3979568144880427,0.5691037279897105,0.4886539602601692,0.2437651232345962,2558,837,1756,857,"{""n_bins"":10,""probability_predicted"":[0.18196857364281363,0.26306162244231374,0.35502769129268136,0.4514577139915972,0.5396439175869433,0.6267622450123662,0.709358736872673],""probability_true"":[0.17391304347826086,0.3520309477756286,0.36382252559726963,0.4491121697704634,0.5043830074173972,0.5169082125603864,0.5]}",{}
time_A3_histgb,time,A3,histgb,history_bucket,29+,14966,0.6990369181380417,0.6512149532710281,0.6742790787691116,0.7280094216450986,0.7643487212645705,0.2086506793634291,4691,2250,2799,5226,"{""n_bins"":10,""probability_predicted"":[0.18330536484718324,0.2707262009147173,0.347070420091467,0.45356763533596123,0.5406942490335661,0.6525405975754814,0.7589028326447752,0.8369980672689584,0.9366433779860652],""probability_true"":[0.0,0.24890446976336547,0.3401768793430196,0.4524858401510384,0.5311077389984825,0.6502525252525253,0.7638660076880834,0.8326153846153846,0.9418604651162791]}",{}
time_A3_histgb,time,A3,histgb,experience_level_code,BEGINNER,2854,0.5,0.0022522522522522522,0.004484304932735426,0.5833396341407531,0.3678695793413036,0.21084170051939036,1964,2,886,2,"{""n_bins"":10,""probability_predicted"":[0.18330536484718324,0.26730067223684556,0.34999569113218515,0.4151230668308727,0.5524957627058029],""probability_true"":[0.0,0.23430962343096234,0.3431989924433249,0.38870431893687707,0.5]}",{}
time_A3_histgb,time,A3,histgb,experience_level_code,ADVANCED,6104,0.7426591883866711,0.9951370468611848,0.8505573398828642,0.6851924056228946,0.8575783983727376,0.1761838735933075,20,1560,22,4502,"{""n_bins"":10,""probability_predicted"":[0.4819982874961126,0.5559130397332911,0.6529056937038745,0.7589028326447752,0.8369980672689584,0.9366433779860652],""probability_true"":[0.5238095238095238,0.5558252427184466,0.6478149100257069,0.7638660076880834,0.8326153846153846,0.9418604651162791]}",{}
time_A3_histgb,time,A3,histgb,experience_level_code,INTERMEDIATE,6008,0.5120567375886524,0.2763107539226942,0.35893611732537906,0.5829441779434086,0.4997483943843182,0.24059545433708238,2707,688,1891,722,"{""n_bins"":10,""probability_predicted"":[0.28842785181225955,0.344126611211454,0.457228209490919,0.5271859171141184,0.632251684154783],""probability_true"":[0.32432432432432434,0.33713561470215464,0.4582010582010582,0.5093123209169055,0.7857142857142857]}",{}
time_A4_logreg,time,A4,logreg,history_bucket,29+,14966,0.6873111782477341,0.680373831775701,0.6838249107646064,0.7280584867290437,0.7623303446169678,0.20954852605372462,4457,2484,2565,5460,"{""n_bins"":10,""probability_predicted"":[0.17778485875373215,0.2586075007356838,0.3451461057214961,0.4584266441410238,0.5417838517495118,0.647493564890277,0.7639683470902264,0.8283845822955054,0.9106885701417923],""probability_true"":[0.19477434679334918,0.29920692141312183,0.33969155844155846,0.4476363636363636,0.5021834061135371,0.6024193548387097,0.758537565287264,0.868766404199475,1.0]}",{}
time_A4_logreg,time,A4,logreg,experience_level_code,BEGINNER,2854,0.5,0.0022522522522522522,0.004484304932735426,0.5842715808382136,0.3714495441957295,0.21156387859358192,1964,2,886,2,"{""n_bins"":10,""probability_predicted"":[0.17772967754229727,0.24190253107616247,0.35109132747501764,0.4305405058290647,0.5093849450349808],""probability_true"":[0.1957040572792363,0.29084380610412924,0.3175388967468175,0.41956521739130437,0.5]}",{}
time_A4_logreg,time,A4,logreg,experience_level_code,ADVANCED,6104,0.7421952021031877,0.9984526967285589,0.8514608859566447,0.684565579916955,0.8534390153059603,0.17763907611953428,11,1569,7,4517,"{""n_bins"":10,""probability_predicted"":[0.48298951817883384,0.5641432333737612,0.6485090024219263,0.7639683470902264,0.8283845822955054,0.9106885701417923],""probability_true"":[0.3888888888888889,0.49166666666666664,0.6023489932885906,0.758537565287264,0.868766404199475,1.0]}",{}
time_A4_logreg,time,A4,logreg,experience_level_code,INTERMEDIATE,6008,0.5075512405609492,0.3601224646000765,0.4213118423998209,0.584801099295637,0.5005503741561823,0.2410104878129698,2482,913,1672,941,"{""n_bins"":10,""probability_predicted"":[0.1893453225493431,0.26981794423008537,0.33713987376008714,0.46387800500846244,0.5359129173349041,0.622276866187652],""probability_true"":[0.0,0.30481927710843376,0.36952380952380953,0.4537852112676056,0.5049833887043189,0.6041666666666666]}",{}
time_A4_rf,time,A4,rf,history_bucket,29+,14966,0.6976928147659855,0.6594392523364486,0.6780269058295965,0.7241411972113869,0.7604033434821087,0.21001867531974697,4648,2293,2733,5292,"{""n_bins"":10,""probability_predicted"":[0.09597557783126831,0.17530016003306523,0.2616804121170527,0.3508028973575254,0.4513950702822446,0.5445633594575521,0.6449141458283835,0.7556314920569874,0.8448485693590387,0.9379093065651246],""probability_true"":[1.0,0.20930232558139536,0.28268309377138945,0.3460810299129118,0.44075981970379907,0.5249690466364012,0.6400665004156276,0.7661847894406034,0.8307155322862129,0.9291217257318952]}",{}
time_A4_rf,time,A4,rf,experience_level_code,BEGINNER,2854,0.4878048780487805,0.02252252252252252,0.04305705059203445,0.5725308854123707,0.36139664296794094,0.2125486833903771,1945,21,868,20,"{""n_bins"":10,""probability_predicted"":[0.09597557783126831,0.17429151072067284,0.2584060385042202,0.3464080493152142,0.4369740882267555,0.5250384574983178],""probability_true"":[1.0,0.20754716981132076,0.2517985611510791,0.3475,0.35833333333333334,0.4878048780487805]}",{}
time_A4_rf,time,A4,rf,experience_level_code,ADVANCED,6104,0.7512794268167861,0.9734748010610079,0.8480647024841133,0.6813838151518203,0.8531988838361858,0.17692273246600543,122,1458,120,4404,"{""n_bins"":10,""probability_predicted"":[0.29126766324043274,0.37644723455111184,0.46864454751521084,0.5548052845440267,0.6479823958930787,0.7556314920569874,0.8448485693590387,0.9379093065651246],""probability_true"":[0.0,0.5333333333333333,0.49557522123893805,0.5547785547785548,0.6488038277511962,0.7661847894406034,0.8307155322862129,0.9291217257318952]}",{}
time_A4_rf,time,A4,rf,experience_level_code,INTERMEDIATE,6008,0.5160523186682521,0.33218522770761577,0.4041909196740396,0.5757634169697564,0.49632826370154703,0.242441610097653,2581,814,1745,868,"{""n_bins"":10,""probability_predicted"":[0.1876367170077104,0.2681616816738548,0.35423147561339474,0.4526549409205715,0.5393225125127578,0.6246209729321396],""probability_true"":[0.23076923076923078,0.34496919917864477,0.3429172510518934,0.45208333333333334,0.5091863517060368,0.5822784810126582]}",{}
time_A4_histgb,time,A4,histgb,history_bucket,29+,14966,0.6994673768308921,0.6545794392523364,0.6762793691663984,0.7281149932609564,0.763812063396661,0.2087016303647752,4684,2257,2772,5253,"{""n_bins"":10,""probability_predicted"":[0.19452511072158812,0.2697169778560509,0.34692141041039265,0.4519815609331002,0.5412423613139205,0.652659727818575,0.7597678520975341,0.8380414445701959,0.9351679291818049],""probability_true"":[0.6,0.24764353041988005,0.3444264943457189,0.4433991846973973,0.5325355272999253,0.6720098643649816,0.7573734001112966,0.8362282878411911,0.9334415584415584]}",{}
time_A4_histgb,time,A4,histgb,experience_level_code,BEGINNER,2854,0.4,0.0022522522522522522,0.004479283314669653,0.5828295551400842,0.36141766054170454,0.21104595842142126,1963,3,886,2,"{""n_bins"":10,""probability_predicted"":[0.19452511072158812,0.2650334262142482,0.3483845593190632,0.4182140236218228,0.531741487979889],""probability_true"":[0.6,0.23778501628664495,0.34294478527607364,0.3583617747440273,0.4]}",{}
time_A4_histgb,time,A4,histgb,experience_level_code,ADVANCED,6104,0.7441244620986428,0.9938107869142352,0.8510316108271815,0.6851166493189627,0.8564115826557042,0.17621485284100716,34,1546,28,4496,"{""n_bins"":10,""probability_predicted"":[0.39079124927520753,0.481378074800759,0.558761631738367,0.6531966250193747,0.7597678520975341,0.8380414445701959,0.9351679291818049],""probability_true"":[0.4,0.45614035087719296,0.5545529122231337,0.6716791979949874,0.7573734001112966,0.8362282878411911,0.9334415584415584]}",{}
time_A4_histgb,time,A4,histgb,experience_level_code,INTERMEDIATE,6008,0.5160628844839371,0.2889399158055874,0.3704612365063788,0.5828195602930177,0.5016252300603474,0.2405938703333858,2687,708,1858,755,"{""n_bins"":10,""probability_predicted"":[0.28725173827109296,0.34513765567377824,0.4548763433007465,0.5265468535341066,0.6197024996464069],""probability_true"":[0.2845528455284553,0.3458904109589041,0.4519196900317013,0.5144827586206897,0.6923076923076923]}",{}
time_A5_logreg,time,A5,logreg,history_bucket,29+,14966,0.6869346733668342,0.6813707165109034,0.684141382546137,0.7281058732233991,0.7621829939223521,0.20953279045870432,4449,2492,2557,5468,"{""n_bins"":10,""probability_predicted"":[0.1776965060194985,0.25889531869742444,0.344678640702622,0.4582476997222656,0.5424853235677111,0.6476213379452626,0.7645972071425094,0.8294328715994898,0.9109418193499247],""probability_true"":[0.19672131147540983,0.30152949745083757,0.3384491114701131,0.4472527472527473,0.5015184381778742,0.6073717948717948,0.758716323296355,0.8687466379774073,1.0]}",{}
time_A5_logreg,time,A5,logreg,experience_level_code,BEGINNER,2854,0.5,0.0033783783783783786,0.006711409395973154,0.5837297114001081,0.37077697746310107,0.21163200581414685,1963,3,885,3,"{""n_bins"":10,""probability_predicted"":[0.17760877834879002,0.2417251409263416,0.34943136579107603,0.4312709161768789,0.5102192262808481],""probability_true"":[0.19811320754716982,0.2936802973977695,0.3155680224403927,0.41956521739130437,0.5]}",{}
time_A5_logreg,time,A5,logreg,experience_level_code,ADVANCED,6104,0.7424765663542181,0.9980106100795756,0.8514851485148515,0.6845364105921722,0.8531204704017046,0.17758943043959724,14,1566,9,4515,"{""n_bins"":10,""probability_predicted"":[0.48491121504617773,0.5651005044173395,0.6485977313273532,0.7645972071425094,0.8294328715994898,0.9109418193499247],""probability_true"":[0.391304347826087,0.49266247379454925,0.606516290726817,0.758716323296355,0.8687466379774073,1.0]}",{}
time_A5_logreg,time,A5,logreg,experience_level_code,INTERMEDIATE,6008,0.5072076882007475,0.36356678147722926,0.42353990191707536,0.5849384548876779,0.5013258121888757,0.24098936651266523,2472,923,1663,950,"{""n_bins"":10,""probability_predicted"":[0.19009535014629364,0.269958259584661,0.3382239873920168,0.4634973924585486,0.5366709192419419,0.6247048109185462],""probability_true"":[0.0,0.3065868263473054,0.36952380952380953,0.45349354695149086,0.5038419319429198,0.6274509803921569]}",{}
time_A5_rf,time,A5,rf,history_bucket,29+,14966,0.697490269762448,0.647601246105919,0.6716205737916774,0.7247406601524823,0.7611858625734071,0.20951149857451146,4687,2254,2828,5197,"{""n_bins"":10,""probability_predicted"":[0.18126719489873175,0.26492131967409,0.3501897351638131,0.45149719771867847,0.5435527958761254,0.6467436538301271,0.7567753004544394,0.8414977853505692,0.9333120619549471],""probability_true"":[0.18072289156626506,0.27591973244147155,0.3408695652173913,0.44718833680452247,0.514041514041514,0.6531365313653137,0.7769827072152653,0.8342214328004737,0.9448529411764706]}",{}
time_A5_rf,time,A5,rf,experience_level_code,BEGINNER,2854,0.2727272727272727,0.006756756756756757,0.013186813186813187,0.5713801288572398,0.35797634270757683,0.21227853598388266,1950,16,882,6,"{""n_bins"":10,""probability_predicted"":[0.18082091740415066,0.26113987217632617,0.3476140467311805,0.4318381155858924,0.5240799567916177],""probability_true"":[0.1518987341772152,0.25316455696202533,0.3342756183745583,0.3773987206823028,0.2727272727272727]}",{}
time_A5_rf,time,A5,rf,experience_level_code,ADVANCED,6104,0.7474287641207217,0.9798850574712644,0.8480153036824486,0.6843468449562949,0.8541796575990748,0.17623474206982656,82,1498,91,4433,"{""n_bins"":10,""probability_predicted"":[0.38731358051300047,0.4719957322591827,0.5577190032471782,0.648615412421458,0.7567753004544394,0.8414977853505692,0.9333120619549471],""probability_true"":[0.4,0.5297619047619048,0.5405138339920948,0.6541129831516352,0.7769827072152653,0.8342214328004737,0.9448529411764706]}",{}
time_A5_rf,time,A5,rf,experience_level_code,INTERMEDIATE,6008,0.5060080106809078,0.290088021431305,0.3687667234249574,0.5742690196913923,0.4975125985045121,0.24200553934319496,2655,740,1855,758,"{""n_bins"":10,""probability_predicted"":[0.190081175416708,0.2749704874892483,0.35256704094074026,0.45361773946518064,0.533779219347913,0.6215622615814209],""probability_true"":[0.75,0.3363914373088685,0.3470790378006873,0.4541116005873715,0.4989458889669712,0.64]}",{}
time_A5_histgb,time,A5,histgb,history_bucket,29+,14966,0.6995455760491847,0.6522118380062305,0.675049977429548,0.7277331275939034,0.7641134943885063,0.20880673225698188,4693,2248,2791,5234,"{""n_bins"":10,""probability_predicted"":[0.27220740289189094,0.3460339132745193,0.45183561875825373,0.5421530836133032,0.652479538792058,0.7579368964030492,0.8368316790135663,0.9341180878173974],""probability_true"":[0.2483720930232558,0.3424828446662508,0.4452076178582579,0.5267379679144385,0.6727688787185355,0.7613956105796286,0.8393402565668907,0.9375]}",{}
time_A5_histgb,time,A5,histgb,experience_level_code,BEGINNER,2854,0.3333333333333333,0.0011261261261261261,0.002244668911335578,0.5779484341920761,0.3600783214274404,0.21144539778645363,1964,2,887,1,"{""n_bins"":10,""probability_predicted"":[0.2688323564906238,0.346295771748264,0.42032629200622895,0.5382975737253824],""probability_true"":[0.23619271445358403,0.3397773872290568,0.36177474402730375,0.3333333333333333]}",{}
time_A5_histgb,time,A5,histgb,experience_level_code,ADVANCED,6104,0.743098032732683,0.9935897435897436,0.8502790125792112,0.68422890854962,0.8568405247938058,0.17631468753582252,26,1554,29,4495,"{""n_bins"":10,""probability_predicted"":[0.3846892813841502,0.4807198208111983,0.5576942040651394,0.6532457780446704,0.7579368964030492,0.8368316790135663,0.9341180878173974],""probability_true"":[0.3333333333333333,0.5384615384615384,0.543117744610282,0.671746776084408,0.7613956105796286,0.8393402565668907,0.9375]}",{}
time_A5_histgb,time,A5,histgb,experience_level_code,INTERMEDIATE,6008,0.5160839160839161,0.28243398392652125,0.36507543903042294,0.583719050606264,0.506398489933756,0.24056450348814765,2703,692,1875,738,"{""n_bins"":10,""probability_predicted"":[0.2850295657824193,0.3456576041040573,0.4545403963060459,0.5288592406500308,0.6213556301026117],""probability_true"":[0.29464285714285715,0.34558823529411764,0.45206438068579424,0.5131298793470547,0.7142857142857143]}",{}
time_A2-lag1_logreg,time,A2-lag1,logreg,history_bucket,29+,14966,0.5863080684596577,0.7470404984423676,0.656986301369863,0.6154731041923898,0.6237318453282218,0.23888059351588195,2711,4230,2030,5995,"{""n_bins"":10,""probability_predicted"":[0.377828562922246,0.45697944923353934,0.5475719425125706,0.6544490982504452],""probability_true"":[0.36588658865886586,0.4831282254863041,0.5247419010323958,0.6613848491426091]}",{}
time_A2-lag1_logreg,time,A2-lag1,logreg,experience_level_code,BEGINNER,2854,0.32681940700808626,0.5461711711711712,0.40893760539629004,0.5353738784562793,0.3363066836811921,0.25563041104583534,967,999,403,485,"{""n_bins"":10,""probability_predicted"":[0.3793733719517203,0.456318357798361,0.5422389797943155,0.6543570094767248],""probability_true"":[0.25210084033613445,0.32645161290322583,0.31649484536082473,0.3463035019455253]}",{}
time_A2-lag1_logreg,time,A2-lag1,logreg,experience_level_code,ADVANCED,6104,0.7590290112492599,0.850132625994695,0.802001876759462,0.6099078473178211,0.7989301167463138,0.21535057229542623,359,1221,678,3846,"{""n_bins"":10,""probability_predicted"":[0.3743594223716119,0.45634789915778967,0.5512161885990816,0.6547636828635126],""probability_true"":[0.5701598579040853,0.7531645569620253,0.6937119675456389,0.8209069946195234]}",{}
time_A2-lag1_logreg,time,A2-lag1,logreg,experience_level_code,INTERMEDIATE,6008,0.4529123571039739,0.6368159203980099,0.5293462700811198,0.547724614719537,0.4687768868707799,0.25482987285995234,1385,2010,949,1664,"{""n_bins"":10,""probability_predicted"":[0.3788003343108453,0.4576185835628059,0.5458265953909297,0.653931851078407],""probability_true"":[0.32142857142857145,0.4779527559055118,0.4264773247824095,0.49161636485580146]}",{}
time_A2-lag1_rf,time,A2-lag1,rf,history_bucket,29+,14966,0.6374875657240301,0.5590031152647975,0.5956712256008498,0.617394703286849,0.6208762267169996,0.23687416403478387,4390,2551,3539,4486,"{""n_bins"":10,""probability_predicted"":[0.36385882612985065,0.4810363509378438,0.5310013890266418,0.661761357593321],""probability_true"":[0.36588658865886586,0.47765901524443666,0.5253708040593287,0.6624391938846421]}",{}
time_A2-lag1_rf,time,A2-lag1,rf,experience_level_code,BEGINNER,2854,0.3443145589798087,0.36486486486486486,0.3542919628212138,0.5499906060689378,0.3358291871004772,0.25414664553833144,1349,617,564,324,"{""n_bins"":10,""probability_predicted"":[0.36134170679485095,0.4843065392491669,0.5310013890266418,0.661965772653316],""probability_true"":[0.25210084033613445,0.3141122913505311,0.31974921630094044,0.35691318327974275]}",{}
time_A2-lag1_rf,time,A2-lag1,rf,experience_level_code,ADVANCED,6104,0.8189084895259096,0.6567197170645447,0.728900883218842,0.6353274099318403,0.8022566998475991,0.21250336157652108,923,657,1553,2971,"{""n_bins"":10,""probability_predicted"":[0.3695114605909554,0.4767825677951966,0.5310013890266418,0.6617413661414129],""probability_true"":[0.5701598579040853,0.6440146366962886,0.8016304347826086,0.8208588957055215]}",{}
time_A2-lag1_rf,time,A2-lag1,rf,experience_level_code,INTERMEDIATE,6008,0.48257698541329014,0.45579793340987373,0.46880535327691397,0.5655944814276865,0.47592894809336456,0.2534293764172924,2118,1277,1422,1191,"{""n_bins"":10,""probability_predicted"":[0.36227541710985334,0.48258214211617995,0.5310013890266418,0.6617282871375598],""probability_true"":[0.32142857142857145,0.43618739903069464,0.46464646464646464,0.48826040554962646]}",{}
time_A2-lag1_histgb,time,A2-lag1,histgb,history_bucket,29+,14966,0.6374875657240301,0.5590031152647975,0.5956712256008498,0.6179662495775475,0.6216090543022493,0.23688908642102652,4390,2551,3539,4486,"{""n_bins"":10,""probability_predicted"":[0.3638450076969543,0.4811498622552137,0.5334165096282959,0.661420572955547],""probability_true"":[0.36588658865886586,0.47765901524443666,0.5253708040593287,0.6624391938846421]}",{}
time_A2-lag1_histgb,time,A2-lag1,histgb,experience_level_code,BEGINNER,2854,0.3443145589798087,0.36486486486486486,0.3542919628212138,0.5508309046584734,0.3372797722985213,0.2542690903222858,1349,617,564,324,"{""n_bins"":10,""probability_predicted"":[0.3614024278997373,0.484740112886986,0.5334165096282959,0.661662472885138],""probability_true"":[0.25210084033613445,0.3141122913505311,0.31974921630094044,0.35691318327974275]}",{}
time_A2-lag1_histgb,time,A2-lag1,histgb,experience_level_code,ADVANCED,6104,0.8189084895259096,0.6567197170645447,0.728900883218842,0.6348134142519781,0.8018841052415924,0.21250705108118872,923,657,1553,2971,"{""n_bins"":10,""probability_predicted"":[0.3693302505075614,0.4765323418880469,0.5334165096282959,0.661405641809563],""probability_true"":[0.5701598579040853,0.6440146366962886,0.8016304347826086,0.8208588957055215]}",{}
time_A2-lag1_histgb,time,A2-lag1,histgb,experience_level_code,INTERMEDIATE,6008,0.48257698541329014,0.45579793340987373,0.46880535327691397,0.5663991135294413,0.477130549565313,0.25340463445367895,2118,1277,1422,1191,"{""n_bins"":10,""probability_predicted"":[0.3623084882204246,0.4828063106113181,0.5334165096282959,0.661366258003414],""probability_true"":[0.32142857142857145,0.43618739903069464,0.46464646464646464,0.48826040554962646]}",{}
user_A0_majority,user,A0,majority,history_bucket,0-7,344,0.5436046511627907,1.0,0.704331450094162,0.5,0.5436046511627907,0.4563953488372093,0,157,0,187,"{""n_bins"":10,""probability_predicted"":[1.0],""probability_true"":[0.5436046511627907]}",{}
user_A0_majority,user,A0,majority,history_bucket,8-28,903,0.5503875968992248,1.0,0.71,0.5,0.5503875968992248,0.4496124031007752,0,406,0,497,"{""n_bins"":10,""probability_predicted"":[1.0],""probability_true"":[0.5503875968992248]}",{}
user_A0_majority,user,A0,majority,history_bucket,29+,13841,0.54945451918214,1.0,0.709223165159004,0.5,0.54945451918214,0.45054548081786,0,6236,0,7605,"{""n_bins"":10,""probability_predicted"":[1.0],""probability_true"":[0.54945451918214]}",{}
user_A0_majority,user,A0,majority,experience_level_code,INTERMEDIATE,6274,0.44899585591329294,1.0,0.6197338026619734,0.5,0.44899585591329294,0.5510041440867071,0,3457,0,2817,"{""n_bins"":10,""probability_predicted"":[1.0],""probability_true"":[0.44899585591329294]}",{}
user_A0_majority,user,A0,majority,experience_level_code,ADVANCED,6960,0.714367816091954,1.0,0.833389205497821,0.5,0.714367816091954,0.28563218390804596,0,1988,0,4972,"{""n_bins"":10,""probability_predicted"":[1.0],""probability_true"":[0.714367816091954]}",{}
user_A0_majority,user,A0,majority,experience_level_code,BEGINNER,1854,0.2696871628910464,1.0,0.42480883602378927,0.5,0.2696871628910464,0.7303128371089536,0,1354,0,500,"{""n_bins"":10,""probability_predicted"":[1.0],""probability_true"":[0.2696871628910464]}",{}
user_A1_logreg,user,A1,logreg,history_bucket,0-7,344,0.64375,0.5508021390374331,0.5936599423631124,0.6407064273306312,0.6538350970349727,0.23470750689630768,100,57,84,103,"{""n_bins"":10,""probability_predicted"":[0.207949697971344,0.32398251566705827,0.4921610772609711,0.6402373711268107,0.7986110806465149],""probability_true"":[0.13333333333333333,0.4177215189873418,0.5444444444444444,0.48333333333333334,0.74]}",{}
user_A1_logreg,user,A1,logreg,history_bucket,8-28,903,0.6928571428571428,0.5855130784708249,0.6346782988004362,0.6870855675927487,0.6946422326070579,0.22313175155303736,277,129,206,291,"{""n_bins"":10,""probability_predicted"":[0.20798449963331223,0.3301722475739776,0.4921610772609711,0.6402860283851624,0.7986110806465149],""probability_true"":[0.2,0.3442622950819672,0.5074074074074074,0.55,0.75]}",{}
user_A1_logreg,user,A1,logreg,history_bucket,29+,13841,0.7175548589341693,0.6019723865877712,0.6547014658562745,0.7029602983925282,0.713304309668261,0.21455698568423348,4434,1802,3027,4578,"{""n_bins"":10,""probability_predicted"":[0.20798449963331223,0.3313957036272239,0.4921626921128301,0.6402861896799414,0.7986124187381837],""probability_true"":[0.18518518518518517,0.32084063047285466,0.4905339805825243,0.5497237569060773,0.7840262582056893]}",{}
user_A1_logreg,user,A1,logreg,experience_level_code,INTERMEDIATE,6274,0.0,0.0,0.0,0.5554962540441833,0.4779934650444322,0.24304066975432256,3457,0,2817,0,"{""n_bins"":10,""probability_predicted"":[0.3031391933510535,0.49216256234794853],""probability_true"":[0.34002229654403565,0.49263392857142857]}",{}
user_A1_logreg,user,A1,logreg,experience_level_code,ADVANCED,6960,0.714367816091954,1.0,0.833389205497821,0.6117668399779206,0.7652000269566828,0.19560026876688175,0,1988,0,4972,"{""n_bins"":10,""probability_predicted"":[0.6402847080374483,0.7986123110446891],""probability_true"":[0.5477386934673367,0.7810865191146882]}",{}
user_A1_logreg,user,A1,logreg,experience_level_code,BEGINNER,1854,0.0,0.0,0.0,0.5566868537666174,0.2945163882292038,0.19724679623736874,1354,0,500,0,"{""n_bins"":10,""probability_predicted"":[0.2079835165355165,0.3690998949566666],""probability_true"":[0.18455743879472694,0.30385487528344673]}",{}
user_A1_rf,user,A1,rf,history_bucket,0-7,344,0.64375,0.5508021390374331,0.5936599423631124,0.6477570761946934,0.6651289700643929,0.23216603166653288,100,57,84,103,"{""n_bins"":10,""probability_predicted"":[0.25632355610529584,0.3452285562134996,0.4771257996559143,0.5832536220550537,0.8208525061607361],""probability_true"":[0.13333333333333333,0.4177215189873418,0.5444444444444444,0.48333333333333334,0.74]}",{}
user_A1_rf,user,A1,rf,history_bucket,8-28,903,0.6928571428571428,0.5855130784708249,0.6346782988004362,0.6833389499558931,0.6922877910733372,0.22310903470996687,277,129,206,291,"{""n_bins"":10,""probability_predicted"":[0.2571007311344147,0.34413648482228887,0.4771257996559143,0.5849708914756775,0.8208525061607361],""probability_true"":[0.2,0.3442622950819672,0.5074074074074074,0.55,0.75]}",{}
user_A1_rf,user,A1,rf,history_bucket,29+,13841,0.7175548589341693,0.6019723865877712,0.6547014658562745,0.7049870869195387,0.7171950060374201,0.21398124758312662,4434,1802,3027,4578,"{""n_bins"":10,""probability_predicted"":[0.2571007311344147,0.34430251077678703,0.477128562613309,0.5849765840814917,0.8208438825815981],""probability_true"":[0.18518518518518517,0.32084063047285466,0.4905339805825243,0.5497237569060773,0.7840262582056893]}",{}
user_A1_rf,user,A1,rf,experience_level_code,INTERMEDIATE,6274,0.0,0.0,0.0,0.5578615371834853,0.4831263425878339,0.24288295857424919,3457,0,2817,0,"{""n_bins"":10,""probability_predicted"":[0.3402143783593258,0.4771283405899469],""probability_true"":[0.34002229654403565,0.49263392857142857]}",{}
user_A1_rf,user,A1,rf,experience_level_code,ADVANCED,6960,0.714367816091954,1.0,0.833389205497821,0.6190494738341553,0.770872562961561,0.19446124177067398,0,1988,0,4972,"{""n_bins"":10,""probability_predicted"":[0.5849242922049671,0.820844576632233],""probability_true"":[0.5477386934673367,0.7810865191146882]}",{}
user_A1_rf,user,A1,rf,experience_level_code,BEGINNER,1854,0.0,0.0,0.0,0.5523530280649926,0.29299142765832803,0.19727567217675945,1354,0,500,0,"{""n_bins"":10,""probability_predicted"":[0.2570787770375469,0.34987838711598024],""probability_true"":[0.18455743879472694,0.30385487528344673]}",{}
user_A1_histgb,user,A1,histgb,history_bucket,0-7,344,0.64375,0.5508021390374331,0.5936599423631124,0.6465308763922478,0.6699720458527019,0.23214465639552678,100,57,84,103,"{""n_bins"":10,""probability_predicted"":[0.2565772036711375,0.3456915971599048,0.4770919978618622,0.5844811201095581,0.819288682937622],""probability_true"":[0.13333333333333333,0.4177215189873418,0.5444444444444444,0.48333333333333334,0.74]}",{}
user_A1_histgb,user,A1,histgb,history_bucket,8-28,903,0.6928571428571428,0.5855130784708249,0.6346782988004362,0.6837998433953475,0.6971223503810715,0.22300030110010172,277,129,206,291,"{""n_bins"":10,""probability_predicted"":[0.25713755190372467,0.3444331151540162,0.4770919978618622,0.5865966975688934,0.819288682937622],""probability_true"":[0.2,0.3442622950819672,0.5074074074074074,0.55,0.75]}",{}
user_A1_histgb,user,A1,histgb,history_bucket,29+,13841,0.7175548589341693,0.6019723865877712,0.6547014658562745,0.7048791686540243,0.7142394610646221,0.21396500798976495,4434,1802,3027,4578,"{""n_bins"":10,""probability_predicted"":[0.25713755190372467,0.3446069663335062,0.47709220993576695,0.586603710532847,0.8192762516520478],""probability_true"":[0.18518518518518517,0.32084063047285466,0.4905339805825243,0.5497237569060773,0.7840262582056893]}",{}
user_A1_histgb,user,A1,histgb,experience_level_code,INTERMEDIATE,6274,0.0,0.0,0.0,0.5602559833171243,0.4842627356638547,0.24289608420439454,3457,0,2817,0,"{""n_bins"":10,""probability_predicted"":[0.34038188839237826,0.4770921928941139],""probability_true"":[0.34002229654403565,0.49263392857142857]}",{}
user_A1_histgb,user,A1,histgb,experience_level_code,ADVANCED,6960,0.714367816091954,1.0,0.833389205497821,0.6155425108980512,0.7667240736077119,0.1943944725996379,0,1988,0,4972,"{""n_bins"":10,""probability_predicted"":[0.5865392899393437,0.8192772521579289],""probability_true"":[0.5477386934673367,0.7810865191146882]}",{}
user_A1_histgb,user,A1,histgb,experience_level_code,BEGINNER,1854,0.0,0.0,0.0,0.5605420974889217,0.29617286567262724,0.19730374740449738,1354,0,500,0,"{""n_bins"":10,""probability_predicted"":[0.25712172285760637,0.3503769292177257],""probability_true"":[0.18455743879472694,0.30385487528344673]}",{}
user_A2_logreg,user,A2,logreg,history_bucket,0-7,344,0.6331658291457286,0.6737967914438503,0.6528497409326425,0.6601382880888315,0.691101459736675,0.23051873900459077,84,73,61,126,"{""n_bins"":10,""probability_predicted"":[0.16215693056583405,0.24827772649851712,0.33920612363588243,0.4473887427286668,0.5419538573942323,0.6410179449961736,0.7538819139653986,0.8224922120571136],""probability_true"":[0.4,0.22727272727272727,0.36507936507936506,0.5636363636363636,0.5362318840579711,0.6307692307692307,0.7090909090909091,0.9]}",{}
user_A2_logreg,user,A2,logreg,history_bucket,8-28,903,0.6468531468531469,0.744466800804829,0.6922357343311506,0.6851379211227959,0.7137144145824822,0.22282512361690643,204,202,127,370,"{""n_bins"":10,""probability_predicted"":[0.17664958760142327,0.26604093635274517,0.34214969744553436,0.4568528995133828,0.5402639161137973,0.6468738371675665,0.7567208196435656,0.8199082654819154],""probability_true"":[0.25,0.2903225806451613,0.36036036036036034,0.463768115942029,0.5,0.6446280991735537,0.7142857142857143,0.8245614035087719]}",{}
user_A2_logreg,user,A2,logreg,history_bucket,29+,13841,0.6727976766698935,0.7310979618671927,0.700737286533493,0.718918685547935,0.7479859674309555,0.21234727480131052,3532,2704,2045,5560,"{""n_bins"":10,""probability_predicted"":[0.1735586391403041,0.26605687585444276,0.3438599370127963,0.459555145976364,0.543265826838791,0.6475030516510579,0.7633899586339401,0.8233442200127469,0.9125434696674347],""probability_true"":[0.1743119266055046,0.2783143107989464,0.33986562150055993,0.45763440860215054,0.5193205944798301,0.567910447761194,0.7424972211930344,0.8397849462365592,1.0]}",{}
user_A2_logreg,user,A2,logreg,experience_level_code,INTERMEDIATE,6274,0.521286660359508,0.39119630812921546,0.4469681606165078,0.5825450339784825,0.5169478510006229,0.2426075472136245,2445,1012,1715,1102,"{""n_bins"":10,""probability_predicted"":[0.19510787725448608,0.27077942931762194,0.3418988467421966,0.4609788623249897,0.5368060848845307,0.6238449381097503,0.7455711960792542],""probability_true"":[0.5,0.3083140877598152,0.37768679631525076,0.4656290531776913,0.5142708873897249,0.592391304347826,0.6666666666666666]}",{}
user_A2_logreg,user,A2,logreg,experience_level_code,ADVANCED,6960,0.7158762290341237,0.9957763475462591,0.8329407806191117,0.6606705296137242,0.8123395462003637,0.1921577050395232,23,1965,21,4951,"{""n_bins"":10,""probability_predicted"":[0.4725016186183149,0.561254431203773,0.6503759473340167,0.762730001221184,0.8232381642328747,0.9125434696674347],""probability_true"":[0.4772727272727273,0.5302114803625377,0.5745156482861401,0.7398319327731092,0.839647119875454,1.0]}",{}
user_A2_logreg,user,A2,logreg,experience_level_code,BEGINNER,1854,0.6,0.006,0.011881188118811881,0.5911100443131463,0.34320105866865797,0.19421293693377703,1352,2,497,3,"{""n_bins"":10,""probability_predicted"":[0.17332476981241127,0.253502643826295,0.34531767695141713,0.4290907801308247,0.5309890151023865],""probability_true"":[0.1781609195402299,0.20448179271708683,0.306205493387589,0.37888198757763975,0.6]}",{}
user_A2_rf,user,A2,rf,history_bucket,0-7,344,0.6205128205128205,0.6470588235294118,0.6335078534031413,0.6279505432746347,0.6653135067054163,0.24297545732850556,83,74,66,121,"{""n_bins"":10,""probability_predicted"":[0.0459015928208828,0.16660678386688232,0.25889202146256557,0.34979057532769664,0.45411874110048467,0.5594469039670883,0.6355244070291519,0.7363840876481472,0.8524546843987925],""probability_true"":[0.0,0.0,0.4262295081967213,0.48148148148148145,0.4909090909090909,0.5645161290322581,0.525,0.5897435897435898,0.7777777777777778]}",{}
user_A2_rf,user,A2,rf,history_bucket,8-28,903,0.6408730158730159,0.6498993963782697,0.6453546453546454,0.6654310097035414,0.7042084405961011,0.2290299401998832,225,181,174,323,"{""n_bins"":10,""probability_predicted"":[0.082314133644104,0.1665603332221508,0.25524623231852756,0.35150319794493334,0.45257933545358403,0.542202252578112,0.6498565695115498,0.7488949964754283,0.8358085322123702,0.9393321474393209],""probability_true"":[1.0,0.25,0.27941176470588236,0.4112903225806452,0.5154639175257731,0.49019607843137253,0.6428571428571429,0.671875,0.8064516129032258,0.8333333333333334]}",{}
user_A2_rf,user,A2,rf,history_bucket,29+,13841,0.6746972429786138,0.6886259040105194,0.6815904210320818,0.6992195430321447,0.7271954233918552,0.21971336332799768,3711,2525,2368,5237,"{""n_bins"":10,""probability_predicted"":[0.07272696177043565,0.1603278615108625,0.2572207697463357,0.35415930076901947,0.4509039289764926,0.5500009372176767,0.6464538999455725,0.7508863078464161,0.8454703924198637,0.9361784823007162],""probability_true"":[0.1951219512195122,0.25196850393700787,0.3265993265993266,0.37003058103975534,0.45871559633027525,0.523410547067521,0.6121103117505995,0.7357575757575757,0.7982261640798226,0.8183306055646481]}",{}
user_A2_rf,user,A2,rf,experience_level_code,INTERMEDIATE,6274,0.49713093375065204,0.33830315938942135,0.40261934938741023,0.5524600166619277,0.48964157453337803,0.25096202804654244,2493,964,1864,953,"{""n_bins"":10,""probability_predicted"":[0.08147135802677699,0.16489894075526132,0.2593114392246519,0.35560543659040494,0.4515938206917493,0.5464377970331245,0.6340766573990755,0.7283461232116257,0.811039924621582],""probability_true"":[0.35714285714285715,0.2777777777777778,0.4014285714285714,0.39707835325365204,0.46653639472398634,0.4853395061728395,0.52994555353902,0.4492753623188406,1.0]}",{}
user_A2_rf,user,A2,rf,experience_level_code,ADVANCED,6960,0.7272586393925307,0.9438857602574416,0.8215317286652078,0.6263266445009559,0.7895754115788838,0.1987275311459259,228,1760,279,4693,"{""n_bins"":10,""probability_predicted"":[0.2666253298521042,0.3664665738510531,0.45727326091632103,0.5546824578860275,0.6518545480313146,0.7513066730046436,0.8452206638226142,0.9362687302697065],""probability_true"":[0.6666666666666666,0.5697674418604651,0.5436893203883495,0.5880322209436134,0.6515513126491647,0.7391304347826086,0.7979487179487179,0.8187599364069952]}",{}
user_A2_rf,user,A2,rf,experience_level_code,BEGINNER,1854,0.38461538461538464,0.07,0.11844331641285956,0.5598375184638109,0.31564235237802596,0.2016024133789992,1298,56,465,35,"{""n_bins"":10,""probability_predicted"":[0.06717745798329512,0.15931323029901773,0.2546213752296018,0.3470890159913537,0.4390031559900804,0.5492672588251815,0.6443843394517899],""probability_true"":[0.13333333333333333,0.24104234527687296,0.24013157894736842,0.2744721689059501,0.32996632996632996,0.4050632911392405,0.25]}",{}
user_A2_histgb,user,A2,histgb,history_bucket,0-7,344,0.6243654822335025,0.6577540106951871,0.640625,0.6480125344868695,0.6896060028870089,0.23487762997475403,83,74,64,123,"{""n_bins"":10,""probability_predicted"":[0.14431889355182648,0.27539605193811917,0.3347447415192922,0.44726486196593634,0.5441591227665926,0.6516070688764254,0.755012108521028,0.8200801528733352],""probability_true"":[0.0,0.34782608695652173,0.4722222222222222,0.49206349206349204,0.5384615384615384,0.5,0.696969696969697,0.7931034482758621]}",{}
user_A2_histgb,user,A2,histgb,history_bucket,8-28,903,0.6680161943319838,0.6639839034205232,0.6659939455095862,0.6808758957687009,0.7102246388355382,0.22342063075884427,242,164,167,330,"{""n_bins"":10,""probability_predicted"":[0.1898408830165863,0.26897461394794653,0.3489275219185012,0.46458750934135623,0.5444861233952534,0.6528589838667761,0.7566156622525808,0.8433625996112823,0.917658019065857],""probability_true"":[0.0,0.26229508196721313,0.37857142857142856,0.47804878048780486,0.5602409638554217,0.6455696202531646,0.7189189189189189,0.8333333333333334,0.8]}",{}
user_A2_histgb,user,A2,histgb,history_bucket,29+,13841,0.6896642527978933,0.6887573964497041,0.6892105263157895,0.7185817730730644,0.7458046805277204,0.21197096371049493,3879,2357,2367,5238,"{""n_bins"":10,""probability_predicted"":[0.17155423429277208,0.2647521231927902,0.34903232204487256,0.45684075011812364,0.5403043825523565,0.6427339145396774,0.7576306641777494,0.8314440661452905,0.9339040079015366],""probability_true"":[0.1111111111111111,0.22693531283138918,0.3337595907928389,0.4643826322930801,0.5347022587268994,0.6442731277533039,0.7333661902414983,0.8329979879275654,0.8808510638297873]}",{}
user_A2_histgb,user,A2,histgb,experience_level_code,INTERMEDIATE,6274,0.5324427480916031,0.2971246006389776,0.3814080656185919,0.5766937974931942,0.5080273694648386,0.24287589514672897,2722,735,1980,837,"{""n_bins"":10,""probability_predicted"":[0.2867877102647152,0.3522040408350037,0.4567548338899475,0.526557965736475,0.651738349880491,0.7037336230278015],""probability_true"":[0.31413612565445026,0.35449101796407184,0.46744104188665964,0.5330764290301863,0.5,0.0]}",{}
user_A2_histgb,user,A2,histgb,experience_level_code,ADVANCED,6960,0.7229669347631814,0.9762670957361222,0.8307376347766559,0.6592262241995821,0.809216599415385,0.19141199958187033,128,1860,118,4854,"{""n_bins"":10,""probability_predicted"":[0.3967975080013275,0.479130981406387,0.5602669580416246,0.6436233569530689,0.7574960862978241,0.8315957065713054,0.9332409063164069],""probability_true"":[0.0,0.4816326530612245,0.5409982174688057,0.6429287863590772,0.7314611671785871,0.8324480927088364,0.8775510204081632]}",{}
user_A2_histgb,user,A2,histgb,experience_level_code,BEGINNER,1854,0.0,0.0,0.0,0.5892311669128508,0.3422552449730569,0.1943937215550793,1354,0,500,0,"{""n_bins"":10,""probability_predicted"":[0.17158203891345433,0.2607223158908251,0.3421303708320779,0.42428525800888356],""probability_true"":[0.07142857142857142,0.21653084982537835,0.30669800235017625,0.4]}",{}
user_A3_logreg,user,A3,logreg,history_bucket,0-7,344,0.6318407960199005,0.679144385026738,0.654639175257732,0.6587758438638918,0.6939716439346963,0.23040710694033875,83,74,60,127,"{""n_bins"":10,""probability_predicted"":[0.17387892944472177,0.25874739561391913,0.3449562778696418,0.44970271538714973,0.5464155928293863,0.647091479528518,0.7508275475142137,0.817325359582901],""probability_true"":[0.5714285714285714,0.17391304347826086,0.390625,0.5510204081632653,0.5333333333333333,0.6190476190476191,0.7358490566037735,0.9]}",{}
user_A3_logreg,user,A3,logreg,history_bucket,8-28,903,0.6427320490367776,0.738430583501006,0.6872659176029963,0.6843573757817842,0.7161944094246837,0.22303609847019704,202,204,130,367,"{""n_bins"":10,""probability_predicted"":[0.1759052049172552,0.2661559265393477,0.3459806280831496,0.461052390281111,0.5427055558678824,0.6509975540537795,0.7559166425750369,0.816560133109017],""probability_true"":[0.2631578947368421,0.2923076923076923,0.35,0.5,0.4972067039106145,0.6302521008403361,0.7142857142857143,0.8412698412698413]}",{}
user_A3_logreg,user,A3,logreg,history_bucket,29+,13841,0.673083952723285,0.7263642340565417,0.6987098406273716,0.7182386929364776,0.7478010395659547,0.21244649828345916,3553,2683,2081,5524,"{""n_bins"":10,""probability_predicted"":[0.17242620173774795,0.26632049292246074,0.34216084652241235,0.4611123291185981,0.5438605883104147,0.646447223664052,0.762802719598533,0.8227636555129141,0.9115225781093944],""probability_true"":[0.17365269461077845,0.28507596067917784,0.34018899388549195,0.45843828715365237,0.5113393239195549,0.5851627554882665,0.7487419122933142,0.8331435079726651,0.9090909090909091]}",{}
user_A3_logreg,user,A3,logreg,experience_level_code,INTERMEDIATE,6274,0.51569290197972,0.37912673056443025,0.4369885433715221,0.5796043464773208,0.5141770812418648,0.24289336267448727,2454,1003,1749,1068,"{""n_bins"":10,""probability_predicted"":[0.19655946269631386,0.27064258822067055,0.3403965036466585,0.4627056728267305,0.5375673214573675,0.6240518541069504,0.7482111155986786],""probability_true"":[0.75,0.31017964071856285,0.3761105626850938,0.4704381114419396,0.5057712486883525,0.6273291925465838,0.75]}",{}
user_A3_logreg,user,A3,logreg,experience_level_code,ADVANCED,6960,0.7166449369839201,0.9949718423169751,0.833178947368421,0.6603582172843983,0.812739798108806,0.19208900389831962,32,1956,25,4947,"{""n_bins"":10,""probability_predicted"":[0.4762051163012521,0.5615462877294597,0.6495677392635545,0.7621376772179332,0.8225202411494664,0.9115225781093944],""probability_true"":[0.43859649122807015,0.525,0.5856929955290611,0.7461361394278198,0.8337889557135046,0.9090909090909091]}",{}
user_A3_logreg,user,A3,logreg,experience_level_code,BEGINNER,1854,0.6,0.006,0.011881188118811881,0.589602658788774,0.3404308450572062,0.19432642928553687,1352,2,497,3,"{""n_bins"":10,""probability_predicted"":[0.1723692835088861,0.25612203155954677,0.3446603936632884,0.4268541624214475,0.5345736980438233],""probability_true"":[0.1797752808988764,0.22311827956989247,0.30721649484536084,0.3443708609271523,0.6]}",{}
user_A3_rf,user,A3,rf,history_bucket,0-7,344,0.6062176165803109,0.6256684491978609,0.6157894736842106,0.6379645083279404,0.679492180095598,0.23659808514034064,81,76,70,117,"{""n_bins"":10,""probability_predicted"":[0.14116192609071732,0.2690643268196206,0.35844567517439524,0.45089817106723784,0.5510813674411258,0.6431252486778029,0.7542126536369324,0.8332152160314413],""probability_true"":[0.3333333333333333,0.3684210526315789,0.4,0.62,0.4864864864864865,0.5151515151515151,0.7,0.8461538461538461]}",{}
user_A3_rf,user,A3,rf,history_bucket,8-28,903,0.6652977412731006,0.6519114688128773,0.6585365853658537,0.6817605138218473,0.7139470272359577,0.2229767485796355,243,163,173,324,"{""n_bins"":10,""probability_predicted"":[0.17529433816671372,0.26355383210424066,0.34580588487328073,0.4579616203904152,0.5401313004877744,0.655278343903391,0.7498202259669047,0.8328987231125703,0.9054909348487854],""probability_true"":[0.2,0.3188405797101449,0.319672131147541,0.5045454545454545,0.5302013422818792,0.631578947368421,0.7305389221556886,0.8243243243243243,1.0]}",{}
user_A3_rf,user,A3,rf,history_bucket,29+,13841,0.6797394136807817,0.6859960552268245,0.6828534031413612,0.7108576992871659,0.7396097029887496,0.21438901743043795,3778,2458,2388,5217,"{""n_bins"":10,""probability_predicted"":[0.17268145183435066,0.2608348231141212,0.35279789451048077,0.45219299498424737,0.5453294463713252,0.6476930002016681,0.7547336757652403,0.8418438673905724,0.9277489981972254],""probability_true"":[0.20809248554913296,0.25958965209634255,0.36839577329490875,0.4637992831541219,0.5160051216389244,0.6290584415584416,0.7401574803149606,0.8268720127456187,0.8525641025641025]}",{}
user_A3_rf,user,A3,rf,experience_level_code,INTERMEDIATE,6274,0.49970879440885263,0.3045793397231097,0.37847375385972654,0.561082867161842,0.4965539866510359,0.24590738990739686,2598,859,1959,858,"{""n_bins"":10,""probability_predicted"":[0.18381163832687197,0.26787246304507156,0.3567236590306751,0.4521989604551676,0.5398038349952118,0.6258089598176515,0.7308844923973083],""probability_true"":[0.23809523809523808,0.3326530612244898,0.40066006600660065,0.46779928881864874,0.4904163912756114,0.5714285714285714,0.0]}",{}
user_A3_rf,user,A3,rf,experience_level_code,ADVANCED,6960,0.7236901706175449,0.9639983909895414,0.8267356619232428,0.6485980444209909,0.8036324490000664,0.1933240696168523,158,1830,179,4793,"{""n_bins"":10,""probability_predicted"":[0.3807818952359651,0.46887724785684787,0.5533111167711289,0.6520481992860979,0.7543451453754455,0.8413969255792211,0.9276072270930953],""probability_true"":[0.3684210526315789,0.5408805031446541,0.5543792107795957,0.6358131487889274,0.7386203660253402,0.827029752899647,0.8535031847133758]}",{}
user_A3_rf,user,A3,rf,experience_level_code,BEGINNER,1854,0.4666666666666667,0.014,0.027184466019417475,0.5863781388478582,0.33660281933287106,0.19511199929777723,1346,8,493,7,"{""n_bins"":10,""probability_predicted"":[0.17071127644740045,0.2568400930259932,0.34321791149982034,0.43268430007012537,0.5252160813127246,0.6254149079322815],""probability_true"":[0.20625,0.2222222222222222,0.2958904109589041,0.3791469194312796,0.42857142857142855,1.0]}",{}
user_A3_histgb,user,A3,histgb,history_bucket,0-7,344,0.6428571428571429,0.6737967914438503,0.6579634464751958,0.6585544466773392,0.67318523713007,0.23054660106634933,87,70,61,126,"{""n_bins"":10,""probability_predicted"":[0.2747164548685153,0.3284312175281012,0.45468165424832124,0.5439492712418238,0.6568077909946441,0.7456620660695162,0.8322161416212718],""probability_true"":[0.25,0.417910447761194,0.47368421052631576,0.5416666666666666,0.62,0.75,0.7666666666666667]}",{}
user_A3_histgb,user,A3,histgb,history_bucket,8-28,903,0.666,0.670020120724346,0.6680040120361084,0.6878016869691053,0.7253433342208466,0.2214754119264715,239,167,164,333,"{""n_bins"":10,""probability_predicted"":[0.26587410519520444,0.3411368897732566,0.4608968505684618,0.5446762617896584,0.6646025956395161,0.7605935413051735,0.8392165092860951,0.9072540402412415],""probability_true"":[0.2857142857142857,0.3588235294117647,0.47643979057591623,0.5352941176470588,0.6144578313253012,0.75,0.8235294117647058,1.0]}",{}
user_A3_histgb,user,A3,histgb,history_bucket,29+,13841,0.6854721228976295,0.6806048652202499,0.683029823172341,0.7165365448189744,0.7446717881223953,0.2124545761697922,3861,2375,2429,5176,"{""n_bins"":10,""probability_predicted"":[0.1773395652954395,0.26159929133576454,0.34170565220898336,0.4545057596876844,0.5420829886505284,0.6506128373600187,0.7588978085225494,0.835732205677984,0.9366670907116853],""probability_true"":[0.38461538461538464,0.22589928057553957,0.3253059613106988,0.4736495388669302,0.5191752577319587,0.6433862433862434,0.7482710926694329,0.8342572062084257,0.8701923076923077]}",{}
user_A3_histgb,user,A3,histgb,experience_level_code,INTERMEDIATE,6274,0.5177494976557268,0.2744053958111466,0.35870069605568444,0.5746175257889694,0.5053245221159988,0.2430046574396307,2737,720,2044,773,"{""n_bins"":10,""probability_predicted"":[0.28939522912104926,0.34648091358527994,0.4539156663918795,0.529393911970319,0.6296077804131941,0.7206237614154816],""probability_true"":[0.29333333333333333,0.35425730267246736,0.47319655857048315,0.5153165418652145,0.6818181818181818,0.5]}",{}
user_A3_histgb,user,A3,histgb,experience_level_code,ADVANCED,6960,0.7198697068403909,0.9778761061946902,0.8292682926829268,0.6589629794049899,0.8090454877400423,0.19135817969278507,96,1892,110,4862,"{""n_bins"":10,""probability_predicted"":[0.38446674346923826,0.4798547489133047,0.5581226233946461,0.6524433381855488,0.7588109314366769,0.8358013175200714,0.9362488956812999],""probability_true"":[0.6,0.5323383084577115,0.5275459098497496,0.6392045454545454,0.7486384583158777,0.832807570977918,0.8720379146919431]}",{}
user_A3_histgb,user,A3,histgb,experience_level_code,BEGINNER,1854,0.0,0.0,0.0,0.5765701624815361,0.3162023955477958,0.19601939863241324,1354,0,500,0,"{""n_bins"":10,""probability_predicted"":[0.1773395652954395,0.2555845015470408,0.3340211558867903,0.42038837368371057],""probability_true"":[0.38461538461538464,0.2144026186579378,0.29411764705882354,0.3114754098360656]}",{}
user_A4_logreg,user,A4,logreg,history_bucket,0-7,344,0.6318407960199005,0.679144385026738,0.654639175257732,0.6580946217514221,0.6930052501341942,0.23056628386606218,83,74,60,127,"{""n_bins"":10,""probability_predicted"":[0.16816082348426184,0.25498606458954187,0.3429141053929925,0.4474523538351059,0.5464304567951905,0.6448431865113681,0.7498424649238586,0.8202392011880875],""probability_true"":[0.5,0.21739130434782608,0.390625,0.54,0.5394736842105263,0.6229508196721312,0.7321428571428571,0.875]}",{}
user_A4_logreg,user,A4,logreg,history_bucket,8-28,903,0.6418439716312057,0.7283702213279678,0.6823751178133836,0.6847637549434538,0.7182994423313094,0.22295261460839136,204,202,135,362,"{""n_bins"":10,""probability_predicted"":[0.17604928973474002,0.2656683406004539,0.34541708481411976,0.4625365596045466,0.5444133351420799,0.6506497273760393,0.7560248374938965,0.8162596253248361],""probability_true"":[0.2631578947368421,0.3076923076923077,0.3445378151260504,0.5073529411764706,0.47953216374269003,0.6363636363636364,0.7198067632850241,0.8307692307692308]}",{}
user_A4_logreg,user,A4,logreg,history_bucket,29+,13841,0.6736636563339029,0.7258382642998028,0.6987784036964365,0.7182262521829305,0.7476461652280281,0.21244483410416642,3562,2674,2085,5520,"{""n_bins"":10,""probability_predicted"":[0.17250445675814435,0.26664752490592725,0.342198576364714,0.4614790559984209,0.5441526350516027,0.6464788865069954,0.7628877539888995,0.8227135417720516,0.9115141034126282],""probability_true"":[0.18154761904761904,0.2816399286987522,0.339654210819855,0.4586811352253756,0.5148259561667383,0.582010582010582,0.7487473156764496,0.8338125359401956,0.9090909090909091]}",{}
user_A4_logreg,user,A4,logreg,experience_level_code,INTERMEDIATE,6274,0.5160662122687439,0.37628682996095136,0.435228905768836,0.5796414676831407,0.5141415620028448,0.2428626854480758,2463,994,1757,1060,"{""n_bins"":10,""probability_predicted"":[0.19638081888357797,0.27081568450339505,0.34050425313531407,0.4631092652867112,0.537995637346197,0.6239222005009651,0.7475259453058243],""probability_true"":[0.6666666666666666,0.3110846245530393,0.376984126984127,0.470042194092827,0.5079365079365079,0.60625,0.75]}",{}
user_A4_logreg,user,A4,logreg,experience_level_code,ADVANCED,6960,0.7168115942028985,0.994770716009654,0.8332210242587601,0.6602824408235414,0.8125680657369138,0.19211704002545196,34,1954,26,4946,"{""n_bins"":10,""probability_predicted"":[0.4766535754005114,0.5617146859815089,0.6494632462143455,0.7622032755521567,0.8224711028682212,0.9115141034126282],""probability_true"":[0.43333333333333335,0.5272459499263623,0.5858736059479553,0.7464788732394366,0.8338852097130243,0.9090909090909091]}",{}
user_A4_logreg,user,A4,logreg,experience_level_code,BEGINNER,1854,0.6,0.006,0.011881188118811881,0.5893899556868538,0.34019577255808026,0.19430144250199408,1352,2,497,3,"{""n_bins"":10,""probability_predicted"":[0.17241971078198715,0.25632691447625583,0.34440588440037956,0.42640285997798566,0.5301100850105286],""probability_true"":[0.1871508379888268,0.215633423180593,0.3047520661157025,0.3618421052631579,0.6]}",{}
user_A4_rf,user,A4,rf,history_bucket,0-7,344,0.6205128205128205,0.6470588235294118,0.6335078534031413,0.644640485030144,0.6861975101240296,0.23376377639302934,83,74,66,121,"{""n_bins"":10,""probability_predicted"":[0.15889927744865417,0.2691641558666487,0.3505479184289773,0.44583951889491474,0.5520638882378002,0.6459232084453106,0.7514735373583707,0.8367268641789755],""probability_true"":[0.3333333333333333,0.32432432432432434,0.3958333333333333,0.5573770491803278,0.5061728395061729,0.5625,0.7272727272727273,0.8148148148148148]}",{}
user_A4_rf,user,A4,rf,history_bucket,8-28,903,0.6496062992125984,0.6639839034205232,0.6567164179104478,0.6792379895134353,0.7166064596181552,0.22358135232254414,228,178,167,330,"{""n_bins"":10,""probability_predicted"":[0.18182273209095,0.26807254552841187,0.3491991651422195,0.4564034264821273,0.5378084614960074,0.6492832445580027,0.7530481278547767,0.8329816593064202,0.9130706191062927],""probability_true"":[0.0,0.3384615384615385,0.3282442748091603,0.5230769230769231,0.47953216374269003,0.6847826086956522,0.7017543859649122,0.8888888888888888,0.5]}",{}
user_A4_rf,user,A4,rf,history_bucket,29+,13841,0.6810972438897556,0.6888888888888889,0.6849709093286265,0.7112038368970821,0.7391627748241778,0.21420972779731862,3783,2453,2366,5239,"{""n_bins"":10,""probability_predicted"":[0.17439020468908198,0.2626776430280211,0.352970625096531,0.4518115591375451,0.5450823386979987,0.6494726991695197,0.754888163675967,0.8426046366963921,0.927394871101823],""probability_true"":[0.19117647058823528,0.2590866728797763,0.3631578947368421,0.4571929824561404,0.5177333876885446,0.648861646234676,0.7489690721649485,0.818426724137931,0.8504983388704319]}",{}
user_A4_rf,user,A4,rf,experience_level_code,INTERMEDIATE,6274,0.5037812681791739,0.30741924032658857,0.3818342151675485,0.5596890505997462,0.49617386697791843,0.245871050701518,2604,853,1951,866,"{""n_bins"":10,""probability_predicted"":[0.18709415197372437,0.27016213882182327,0.3569903375922872,0.45210472679914643,0.538105055920242,0.624114339279406,0.7134117782115936],""probability_true"":[0.2,0.32589285714285715,0.3981170141223941,0.4639846743295019,0.49871134020618557,0.5454545454545454,1.0]}",{}
user_A4_rf,user,A4,rf,experience_level_code,ADVANCED,6960,0.7229222922292229,0.9692276749798874,0.8281491665234576,0.6492843828862152,0.8028494555526091,0.19297314594082982,141,1847,153,4819,"{""n_bins"":10,""probability_predicted"":[0.38398738702138263,0.46687828340838033,0.5540622806736639,0.6531777748736468,0.7546943107175739,0.8421690590851142,0.9273003215837007],""probability_true"":[0.4666666666666667,0.5232974910394266,0.5367132867132867,0.6654545454545454,0.7444547134935305,0.8209718670076727,0.8481848184818482]}",{}
user_A4_rf,user,A4,rf,experience_level_code,BEGINNER,1854,0.5,0.01,0.0196078431372549,0.5885524372230428,0.341762810310169,0.1949824567527764,1349,5,495,5,"{""n_bins"":10,""probability_predicted"":[0.17330913592998246,0.25887793948184673,0.34377516866351976,0.43136149466312423,0.5314558678203158,0.6270052790641785],""probability_true"":[0.18796992481203006,0.22833562585969738,0.2894393741851369,0.3778801843317972,0.5555555555555556,0.0]}",{}
user_A4_histgb,user,A4,histgb,history_bucket,0-7,344,0.6476683937823834,0.6684491978609626,0.6578947368421053,0.6637147041792976,0.6725961331714724,0.22984294505503022,89,68,62,125,"{""n_bins"":10,""probability_predicted"":[0.2765808217227459,0.32975113202655126,0.455830462773641,0.5469197236202858,0.6651084047296772,0.7479764412089092,0.8399481028318405],""probability_true"":[0.17857142857142858,0.4444444444444444,0.48333333333333334,0.527027027027027,0.6956521739130435,0.7804878048780488,0.6875]}",{}
user_A4_histgb,user,A4,histgb,history_bucket,8-28,903,0.6573705179282868,0.6639839034205232,0.6606606606606606,0.6877769077519302,0.7237165000510316,0.2217716206582415,234,172,167,330,"{""n_bins"":10,""probability_predicted"":[0.19121064245700836,0.2626977170939031,0.3381734686513101,0.4570608624261827,0.5419337142916286,0.6618573055034731,0.7541613302848957,0.8303966982455193,0.9060527152485318],""probability_true"":[0.0,0.2608695652173913,0.3419354838709677,0.5125628140703518,0.5352941176470588,0.5853658536585366,0.6975308641975309,0.9113924050632911,0.6666666666666666]}",{}
user_A4_histgb,user,A4,histgb,history_bucket,29+,13841,0.6845549738219895,0.6877054569362262,0.6861265988848803,0.7163208137180603,0.7438330329516141,0.2125507617139144,3826,2410,2375,5230,"{""n_bins"":10,""probability_predicted"":[0.17258931503251748,0.2647241347532044,0.34483139394309575,0.45492831025629826,0.5429096785228072,0.6525532096995638,0.7552210356780263,0.8359052860542654,0.9361307417474142],""probability_true"":[0.2962962962962963,0.2291904218928164,0.33697938578039544,0.4674657534246575,0.5245647969052224,0.6421291053227633,0.752422480620155,0.8307934839726747,0.8439024390243902]}",{}
user_A4_histgb,user,A4,histgb,experience_level_code,INTERMEDIATE,6274,0.5171319796954315,0.28931487397941075,0.37104484407011157,0.5727181830961633,0.5047385767100445,0.24329938067076445,2696,761,2002,815,"{""n_bins"":10,""probability_predicted"":[0.28807970593318094,0.3467272593043027,0.4543326465000477,0.5303592209118543,0.6275454319041708,0.7123281955718994],""probability_true"":[0.281767955801105,0.3617153511497825,0.4707702888583219,0.5161082474226805,0.5652173913043478,1.0]}",{}
user_A4_histgb,user,A4,histgb,experience_level_code,ADVANCED,6960,0.7204794317845516,0.9792839903459373,0.8301790281329924,0.6583692622347115,0.8073651186444208,0.19128467343940225,99,1889,103,4869,"{""n_bins"":10,""probability_predicted"":[0.3846292893091838,0.4801753093850427,0.55829474586865,0.654492130465353,0.7550331240245334,0.8357534447930893,0.9348657780161528],""probability_true"":[0.4444444444444444,0.5129533678756477,0.5360501567398119,0.6417004048582996,0.7488967343336276,0.8316782522343595,0.8364485981308412]}",{}
user_A4_histgb,user,A4,histgb,experience_level_code,BEGINNER,1854,1.0,0.002,0.003992015968063872,0.5735118168389955,0.32589478045758113,0.1960297723673116,1354,0,499,1,"{""n_bins"":10,""probability_predicted"":[0.173254362440535,0.2595441524665077,0.3393138265475524,0.4208004436431787,0.5207033753395081],""probability_true"":[0.2857142857142857,0.21688311688311687,0.3029682702149437,0.358974358974359,1.0]}",{}
user_A5_logreg,user,A5,logreg,history_bucket,0-7,344,0.6318407960199005,0.679144385026738,0.654639175257732,0.6596273715044789,0.6953596332597031,0.23010403629069817,83,74,60,127,"{""n_bins"":10,""probability_predicted"":[0.16671315083901087,0.26145802676677704,0.34672670456079335,0.4505517210098023,0.5463373535557797,0.6475181144381327,0.7505889924672934,0.8153642952442169],""probability_true"":[0.5,0.16,0.4,0.574468085106383,0.5657894736842105,0.5873015873015873,0.7307692307692307,0.9]}",{}
user_A5_logreg,user,A5,logreg,history_bucket,8-28,903,0.6397188049209139,0.7323943661971831,0.6829268292682927,0.683274523991238,0.7132850385244575,0.22327358109567544,201,205,133,364,"{""n_bins"":10,""probability_predicted"":[0.17942356353714353,0.2682486975949908,0.34694249902741386,0.46095989192977094,0.5445387409793006,0.6494844740470954,0.757589534793734,0.8199360055743523],""probability_true"":[0.19047619047619047,0.31746031746031744,0.3559322033898305,0.5075757575757576,0.5,0.6017699115044248,0.726457399103139,0.8301886792452831]}",{}
user_A5_logreg,user,A5,logreg,history_bucket,29+,13841,0.6742119995132043,0.7284681130834977,0.7002907344204272,0.7184151302336035,0.74744008030703,0.21242126066694378,3559,2677,2065,5540,"{""n_bins"":10,""probability_predicted"":[0.17435060100009045,0.26553421240844693,0.3437284406080638,0.46017324403369964,0.5442536838493741,0.6449858375958034,0.7634600910745309,0.8229265410515022,0.9111171662807465],""probability_true"":[0.18154761904761904,0.27883742052679383,0.33972602739726027,0.45596951735817104,0.5189328743545611,0.5773501110288675,0.7531601123595506,0.831353919239905,0.9]}",{}
user_A5_logreg,user,A5,logreg,experience_level_code,INTERMEDIATE,6274,0.5206136145733461,0.3855165069222577,0.4429940852539262,0.5818133406117595,0.5147037691960488,0.24270300266133382,2457,1000,1731,1086,"{""n_bins"":10,""probability_predicted"":[0.19612621143460274,0.2696354104210433,0.341424284760095,0.4618829616844117,0.5381069792557966,0.6244373169210222,0.7445845156908035],""probability_true"":[0.75,0.3057553956834532,0.37414299706170423,0.46844139115500216,0.5152471083070452,0.5722222222222222,0.75]}",{}
user_A5_logreg,user,A5,logreg,experience_level_code,ADVANCED,6960,0.7166884152530085,0.9941673370876911,0.8329261100345438,0.6593947737106468,0.8117288171403259,0.1921220915284148,34,1954,29,4943,"{""n_bins"":10,""probability_predicted"":[0.47455736710911706,0.5620026315178291,0.648227569653356,0.7628499824253937,0.822792527978599,0.9111171662807465],""probability_true"":[0.4603174603174603,0.5296735905044511,0.5805493689680772,0.7508816928502725,0.8317115054378935,0.9]}",{}
user_A5_logreg,user,A5,logreg,experience_level_code,BEGINNER,1854,0.5,0.004,0.007936507936507936,0.5862496307237813,0.33544115875176067,0.19471742468694092,1352,2,498,2,"{""n_bins"":10,""probability_predicted"":[0.17427707751979402,0.2560939554597291,0.34669367786357225,0.4250289069726163,0.5287313312292099],""probability_true"":[0.181058495821727,0.2140845070422535,0.3100303951367781,0.3422818791946309,0.5]}",{}
user_A5_rf,user,A5,rf,history_bucket,0-7,344,0.6230366492146597,0.6363636363636364,0.6296296296296297,0.6454238904594843,0.6788992633127084,0.2315069996605767,85,72,68,119,"{""n_bins"":10,""probability_predicted"":[0.14141422510147095,0.27001236592020306,0.35464149471875783,0.45256456211209295,0.5456397283908933,0.659236882130305,0.7495924891257773,0.8179912888086759],""probability_true"":[0.0,0.42857142857142855,0.2972972972972973,0.525,0.5,0.5666666666666667,0.8367346938775511,0.6923076923076923]}",{}
user_A5_rf,user,A5,rf,history_bucket,8-28,903,0.6639839034205232,0.6639839034205232,0.6639839034205232,0.6866866221962316,0.7172242393471328,0.2216645283518031,239,167,167,330,"{""n_bins"":10,""probability_predicted"":[0.18587063252925873,0.2710300829747449,0.3498347031524758,0.4603576696858617,0.5395517513068796,0.6549182047789124,0.7544913445965628,0.8321507096290588,0.903481662273407],""probability_true"":[0.25,0.2608695652173913,0.35947712418300654,0.4876847290640394,0.5321637426900585,0.6781609195402298,0.7303370786516854,0.8166666666666667,1.0]}",{}
user_A5_rf,user,A5,rf,history_bucket,29+,13841,0.6814505609183408,0.6869165023011177,0.6841726147600026,0.7136339166992447,0.7396622675616406,0.21342068773395126,3794,2442,2381,5224,"{""n_bins"":10,""probability_predicted"":[0.17203840769587025,0.2676827618194604,0.35145165473885004,0.45410483486488634,0.5422301121510058,0.6488019936012499,0.7563574520394464,0.841280908879314,0.9243482071110326],""probability_true"":[0.16129032258064516,0.2460136674259681,0.34,0.4656616415410385,0.5149342891278376,0.6536796536796536,0.7522935779816514,0.8348115299334812,0.8290598290598291]}",{}
user_A5_rf,user,A5,rf,experience_level_code,INTERMEDIATE,6274,0.514320536258379,0.29960951366702165,0.37864513234634367,0.570847181904896,0.5026677925911498,0.24364612838629315,2660,797,1973,844,"{""n_bins"":10,""probability_predicted"":[0.27703103299338977,0.35573410548012835,0.45431678550583976,0.5333689018858202,0.6192108110377663],""probability_true"":[0.30670926517571884,0.3737931034482759,0.4651567944250871,0.5107323232323232,0.6140350877192983]}",{}
user_A5_rf,user,A5,rf,experience_level_code,ADVANCED,6960,0.7194576877234803,0.9712389380530974,0.8266004792879151,0.651524442309529,0.8021576751505426,0.19247533013676843,105,1883,143,4829,"{""n_bins"":10,""probability_predicted"":[0.3893986741701762,0.47340555555966435,0.5539906906658376,0.6508858244114942,0.7560542769331865,0.8406706749762177,0.9242594133032129],""probability_true"":[0.6666666666666666,0.5755102040816327,0.5224006762468301,0.6551440329218107,0.7523983554134308,0.8322751322751323,0.8297872340425532]}",{}
user_A5_rf,user,A5,rf,experience_level_code,BEGINNER,1854,0.0,0.0,0.0,0.5693323485967503,0.31941709824491404,0.19713759906311976,1353,1,500,0,"{""n_bins"":10,""probability_predicted"":[0.17240713481138,0.2635179073910226,0.3449138997777496,0.4267135194314072,0.5008500814437866],""probability_true"":[0.16417910447761194,0.22755417956656346,0.2907801418439716,0.35947712418300654,0.0]}",{}
user_A5_histgb,user,A5,histgb,history_bucket,0-7,344,0.6268656716417911,0.6737967914438503,0.6494845360824743,0.6639531319186622,0.6871324470259303,0.2287173423555856,82,75,61,126,"{""n_bins"":10,""probability_predicted"":[0.19561100006103516,0.27850276502695953,0.33603414467402865,0.455689754486084,0.5421614583800821,0.6543037193162101,0.7420728898048401,0.8397273017514136],""probability_true"":[1.0,0.22727272727272727,0.4,0.54,0.4588235294117647,0.8285714285714286,0.7,0.7419354838709677]}",{}
user_A5_histgb,user,A5,histgb,history_bucket,8-28,903,0.6553784860557769,0.6619718309859155,0.6586586586586587,0.6845456978323141,0.7243686155382694,0.22181491959101543,233,173,168,329,"{""n_bins"":10,""probability_predicted"":[0.2656978401872847,0.34639800141883803,0.461900757719772,0.5423258476787143,0.6477496935771062,0.7524923749872157,0.8331284654604925,0.9080731421709061],""probability_true"":[0.3111111111111111,0.34810126582278483,0.5,0.5029239766081871,0.6923076923076923,0.6972972972972973,0.8441558441558441,1.0]}",{}
user_A5_histgb,user,A5,histgb,history_bucket,29+,13841,0.6864539748953975,0.6903353057199211,0.6883891693437356,0.7176321113139585,0.7462188940425596,0.2121646904841062,3838,2398,2355,5250,"{""n_bins"":10,""probability_predicted"":[0.1938626633750068,0.2607813021219567,0.3442167470441062,0.45557286304286404,0.5420444746653872,0.6456782595325479,0.7559270322696041,0.8341291875812594,0.9323554253036326],""probability_true"":[0.3333333333333333,0.23204419889502761,0.32859960552268247,0.4618803418803419,0.5258964143426295,0.6547085201793722,0.7446332737030411,0.8318435754189945,0.8727272727272727]}",{}
user_A5_histgb,user,A5,histgb,experience_level_code,INTERMEDIATE,6274,0.5194085027726433,0.2992545260915868,0.37972972972972974,0.5768707265046129,0.5102568153092062,0.24275362284061974,2677,780,1974,843,"{""n_bins"":10,""probability_predicted"":[0.2814077781159667,0.3481420815323365,0.4550693568337829,0.5298656551923445,0.6156314734150382],""probability_true"":[0.3037974683544304,0.3593556381660471,0.4675234456408475,0.5166771554436753,0.6470588235294118]}",{}
user_A5_histgb,user,A5,histgb,experience_level_code,ADVANCED,6960,0.7229739776951672,0.9778761061946902,0.8313242711806446,0.6597872128183421,0.810593250918344,0.19083815245957864,125,1863,110,4862,"{""n_bins"":10,""probability_predicted"":[0.35071973005930585,0.4790859343162898,0.5586548801479795,0.647200310715554,0.7553895499869331,0.8341800231639653,0.9319218131048339],""probability_true"":[0.3333333333333333,0.4698275862068966,0.5315161839863713,0.6638830897703549,0.7401861594496155,0.8308746048472075,0.875]}",{}
user_A5_histgb,user,A5,histgb,experience_level_code,BEGINNER,1854,0.0,0.0,0.0,0.5706624815361891,0.3172707442745043,0.1964829279022692,1351,3,500,0,"{""n_bins"":10,""probability_predicted"":[0.19403749704360962,0.25659825818798554,0.33847229434973697,0.4112717268928405,0.511906643708547],""probability_true"":[0.4,0.21958925750394945,0.29232111692844676,0.3548387096774194,0.0]}",{}
user_A2-lag1_logreg,user,A2-lag1,logreg,history_bucket,0-7,344,0.5885167464114832,0.6577540106951871,0.6212121212121212,0.5839606253618993,0.60526911479147,0.2449009747870792,71,86,64,123,"{""n_bins"":10,""probability_predicted"":[0.37138435314683355,0.45925740003585813,0.5581256203946814,0.6543620363871256,0.7090733647346497],""probability_true"":[0.43529411764705883,0.54,0.5221238938053098,0.68,0.6190476190476191]}",{}
user_A2-lag1_logreg,user,A2-lag1,logreg,history_bucket,8-28,903,0.5897435897435898,0.7404426559356136,0.656556645851918,0.5936034928784529,0.6214891610781912,0.2408693748392289,150,256,129,368,"{""n_bins"":10,""probability_predicted"":[0.3794893144274787,0.4562723532319069,0.5565124983772819,0.6528116778451569,0.7090733647346497],""probability_true"":[0.381294964028777,0.5428571428571428,0.5185185185185185,0.6653061224489796,0.6727272727272727]}",{}
user_A2-lag1_logreg,user,A2-lag1,logreg,history_bucket,29+,13841,0.5944114273798352,0.7496383957922419,0.6630611770179111,0.608045097942468,0.6272752683411229,0.2389406122163738,2346,3890,1904,5701,"{""n_bins"":10,""probability_predicted"":[0.3773652348749017,0.45713688001606634,0.556597069339734,0.653734126766915,0.7090733647346497],""probability_true"":[0.35649385355424906,0.5199663724253888,0.539463601532567,0.6600846262341326,0.6598062953995157]}",{}
user_A2-lag1_logreg,user,A2-lag1,logreg,experience_level_code,INTERMEDIATE,6274,0.4650502966210988,0.6400425985090522,0.5386913654018524,0.5414068824050516,0.47673895104165087,0.2570221804943699,1383,2074,1014,1803,"{""n_bins"":10,""probability_predicted"":[0.37806570761412095,0.45702113013853535,0.5534271186677344,0.6534115800030156,0.7090733647346497],""probability_true"":[0.32524271844660196,0.4967081199707388,0.44395214887018164,0.4961948249619482,0.4869281045751634]}",{}
user_A2-lag1_logreg,user,A2-lag1,logreg,experience_level_code,ADVANCED,6960,0.7301080985291512,0.82864038616251,0.7762600094206312,0.5910930688717988,0.7642799618223838,0.21985929580162183,465,1523,852,4120,"{""n_bins"":10,""probability_predicted"":[0.3746403099186831,0.4563844818650311,0.560968562245412,0.6537663809862108,0.7090733647346497],""probability_true"":[0.5362537764350453,0.7587786259541984,0.6726813424756406,0.787343951786483,0.7777777777777778]}",{}
user_A2-lag1_logreg,user,A2-lag1,logreg,experience_level_code,BEGINNER,1854,0.2975663716814159,0.538,0.3831908831908832,0.5660480059084195,0.3100847486536568,0.25142941493659327,719,635,231,269,"{""n_bins"":10,""probability_predicted"":[0.37952227088121265,0.45829966451829707,0.5489444415216794,0.6544797106793052,0.7090733647346497],""probability_true"":[0.1662531017369727,0.29981718464351004,0.28139904610492844,0.3201754385964912,0.40425531914893614]}",{}
user_A2-lag1_rf,user,A2-lag1,rf,history_bucket,0-7,344,0.6394557823129252,0.5026737967914439,0.562874251497006,0.6102217377976089,0.6395217407465016,0.2401935325005182,104,53,93,94,"{""n_bins"":10,""probability_predicted"":[0.3851866858847001,0.48018889794392244,0.539180338382721,0.6757631049156189],""probability_true"":[0.43529411764705883,0.5,0.5454545454545454,0.656]}",{}
user_A2-lag1_rf,user,A2-lag1,rf,history_bucket,8-28,903,0.6150442477876106,0.5593561368209256,0.5858798735511064,0.5913337165852257,0.6159537581102997,0.2421657640069748,232,174,219,278,"{""n_bins"":10,""probability_predicted"":[0.3703862216404016,0.48020572540087575,0.539180338382721,0.6760504065998016],""probability_true"":[0.381294964028777,0.532051282051282,0.527027027027027,0.6322751322751323]}",{}
user_A2-lag1_rf,user,A2-lag1,rf,history_bucket,29+,13841,0.6425696825160232,0.5668639053254438,0.6023473522425598,0.6145952601150706,0.6285698822513651,0.23620115187965002,3838,2398,3294,4311,"{""n_bins"":10,""probability_predicted"":[0.3742650018567901,0.48033344229576,0.539180338382721,0.676018486947693],""probability_true"":[0.35649385355424906,0.49933472723816763,0.5303159692570453,0.6663055254604551]}",{}
user_A2-lag1_rf,user,A2-lag1,rf,experience_level_code,INTERMEDIATE,6274,0.49032992036405004,0.4589989350372737,0.47414741474147415,0.5566476275442017,0.48307286523441717,0.25532412363054224,2113,1344,1524,1293,"{""n_bins"":10,""probability_predicted"":[0.3729858690673865,0.48039938953584027,0.539180338382721,0.6760296316573974],""probability_true"":[0.32524271844660196,0.45607978519370923,0.4595959595959596,0.49926578560939794]}",{}
user_A2-lag1_rf,user,A2-lag1,rf,experience_level_code,ADVANCED,6960,0.7851543361097502,0.6446098149637972,0.7079743759664237,0.6077294924009059,0.7686022487381804,0.21594593730530331,1111,877,1767,3205,"{""n_bins"":10,""probability_predicted"":[0.37924098545330887,0.4802638844247329,0.539180338382721,0.6760234834570371],""probability_true"":[0.5362537764350453,0.6371841155234657,0.7483443708609272,0.7897492422154864]}",{}
user_A2-lag1_rf,user,A2-lag1,rf,experience_level_code,BEGINNER,1854,0.3140916808149406,0.37,0.3397612488521579,0.5632459379615953,0.306848861181322,0.25117320816708705,950,404,315,185,"{""n_bins"":10,""probability_predicted"":[0.37032603988280666,0.48024780325712574,0.539180338382721,0.6758538308505443],""probability_true"":[0.1662531017369727,0.2877030162412993,0.2727272727272727,0.33875338753387535]}",{}
user_A2-lag1_histgb,user,A2-lag1,histgb,history_bucket,0-7,344,0.6394557823129252,0.5026737967914439,0.562874251497006,0.6093702101570218,0.6390966336486413,0.24026234363235333,104,53,93,94,"{""n_bins"":10,""probability_predicted"":[0.3839433017899008,0.48134589354906765,0.5380534529685974,0.6750420541763306],""probability_true"":[0.43529411764705883,0.5,0.5454545454545454,0.656]}",{}
user_A2-lag1_histgb,user,A2-lag1,histgb,history_bucket,8-28,903,0.6150442477876106,0.5593561368209256,0.5858798735511064,0.5870023094230408,0.6125962356501274,0.24217999116860298,232,174,219,278,"{""n_bins"":10,""probability_predicted"":[0.36878514332736995,0.4812504357825487,0.5380534529685974,0.6753278254831909],""probability_true"":[0.381294964028777,0.532051282051282,0.527027027027027,0.6322751322751323]}",{}
user_A2-lag1_histgb,user,A2-lag1,histgb,history_bucket,29+,13841,0.6425696825160232,0.5668639053254438,0.6023473522425598,0.6151878406183434,0.6291348640611761,0.23618861134317642,3838,2398,3294,4311,"{""n_bins"":10,""probability_predicted"":[0.3727576650125594,0.4814771719587051,0.5380534529685974,0.6752794581916454],""probability_true"":[0.35649385355424906,0.49933472723816763,0.5303159692570453,0.6663055254604551]}",{}
user_A2-lag1_histgb,user,A2-lag1,histgb,experience_level_code,INTERMEDIATE,6274,0.49032992036405004,0.4589989350372737,0.47414741474147415,0.5571721506958711,0.4835438253830468,0.25526985441015193,2113,1344,1524,1293,"{""n_bins"":10,""probability_predicted"":[0.37144761843588747,0.48130649018433985,0.5380534529685974,0.6752957541803724],""probability_true"":[0.32524271844660196,0.45607978519370923,0.4595959595959596,0.49926578560939794]}",{}
user_A2-lag1_histgb,user,A2-lag1,histgb,experience_level_code,ADVANCED,6960,0.7851543361097502,0.6446098149637972,0.7079743759664237,0.6088663416541081,0.7692158269453704,0.21602394437319894,1111,877,1767,3205,"{""n_bins"":10,""probability_predicted"":[0.3778539070369974,0.4818885476607493,0.5380534529685974,0.6752810419739097],""probability_true"":[0.5362537764350453,0.6371841155234657,0.7483443708609272,0.7897492422154864]}",{}
user_A2-lag1_histgb,user,A2-lag1,histgb,experience_level_code,BEGINNER,1854,0.3140916808149406,0.37,0.3397612488521579,0.5624246676514033,0.30619466846390503,0.2509900908462376,950,404,315,185,"{""n_bins"":10,""probability_predicted"":[0.36872350711088914,0.4808367009160137,0.5380534529685974,0.6751427836211393],""probability_true"":[0.1662531017369727,0.2877030162412993,0.2727272727272727,0.33875338753387535]}",{}
