representative_exercise_id,stable_code_before,stable_code_after,field_name,old_value,new_value,alias_value,canonical_value,alias_type,migration_status,migration_target,evidence_reference,note_ko,change_type,decision_code,decision_status
REX-000001,abs_core_brace_core_brace_mat,abs_core_brace_core_brace_mat,name_en,누워서 배가로근 수축1,,누워서 배가로근 수축1,,ALIAS_PRESERVED,PRESERVED_ACTIVE_HISTORY,REX-000001,integrated_exercise_review_updated.csv:kspo:9cbed9e85b778b40b4786394c774c081fcfb39e3cf13df612476c9d0bf56c9e7,원천·승인 정책과의 정합성을 맞춘 결정적 수정이며 기존 값은 migration에 보존한다.,FIELD_CORRECTION,SOURCE_NAME_EN_NORMALIZED,APPLIED
REX-000002,all_fours_squat_stretch_mobility_stretch_bodyweight,quadruped_quadriceps_stretch_mobility_stretch_bodyweight,name_en,all fours squad stretch,quadruped quadriceps stretch,all fours squad stretch,quadruped quadriceps stretch,ALIAS_PRESERVED,PRESERVED_ACTIVE_HISTORY,REX-000002,integrated_exercise_review_updated.csv:gymvisual:1512,원천·승인 정책과의 정합성을 맞춘 결정적 수정이며 기존 값은 migration에 보존한다.,FIELD_CORRECTION,SOURCE_NAME_EN_NORMALIZED,APPLIED
REX-000002,all_fours_squat_stretch_mobility_stretch_bodyweight,quadruped_quadriceps_stretch_mobility_stretch_bodyweight,display_name_ko,쿼드러펫 락백,네발기기 대퇴사두근 스트레칭,쿼드러펫 락백,네발기기 대퇴사두근 스트레칭,ALIAS_PRESERVED,PRESERVED_ACTIVE_HISTORY,REX-000002,integrated_exercise_review_updated.csv:gymvisual:1512,원천·승인 정책과의 정합성을 맞춘 결정적 수정이며 기존 값은 migration에 보존한다.,FIELD_CORRECTION,REPRESENTATIVE_IDENTITY_LABEL_REFINED,APPLIED
REX-000002,all_fours_squat_stretch_mobility_stretch_bodyweight,quadruped_quadriceps_stretch_mobility_stretch_bodyweight,stable_code,all_fours_squat_stretch_mobility_stretch_bodyweight,quadruped_quadriceps_stretch_mobility_stretch_bodyweight,all_fours_squat_stretch_mobility_stretch_bodyweight,quadruped_quadriceps_stretch_mobility_stretch_bodyweight,STABLE_CODE_MIGRATION,MIGRATION_REQUIRED_BEFORE_FK_CUTOVER,REX-000002,integrated_exercise_review_updated.csv:gymvisual:1512,원천·승인 정책과의 정합성을 맞춘 결정적 수정이며 기존 값은 migration에 보존한다.,STABLE_CODE_MIGRATION,STABLE_CODE_IDENTITY_MIGRATION,APPLIED
REX-000057,hip_flexion_isolation_bodyweight,hip_flexion_isolation_bodyweight,name_en,의자잡고 전방으로 무릎 굽혀 들기,,의자잡고 전방으로 무릎 굽혀 들기,,ALIAS_PRESERVED,PRESERVED_ACTIVE_HISTORY,REX-000057,integrated_exercise_review_updated.csv:kspo:46ea8fdbe34474fac354a051f63b114e0a6d20a21f71226ae0db5da216d14861,원천·승인 정책과의 정합성을 맞춘 결정적 수정이며 기존 값은 migration에 보존한다.,FIELD_CORRECTION,SOURCE_NAME_EN_NORMALIZED,APPLIED
REX-000063,hip_adduction_isolation_stability_ball,hip_adduction_isolation_stability_ball,name_en,의자에 앉아 다리로 짐볼 쥐기,,의자에 앉아 다리로 짐볼 쥐기,,ALIAS_PRESERVED,PRESERVED_ACTIVE_HISTORY,REX-000063,integrated_exercise_review_updated.csv:kspo:66e29f752b845bd1bcfa4cb737be1ede40daa81d869ea4b531c882b02ffb3c28,원천·승인 정책과의 정합성을 맞춘 결정적 수정이며 기존 값은 migration에 보존한다.,FIELD_CORRECTION,SOURCE_NAME_EN_NORMALIZED,APPLIED
REX-000064,hip_flexion_isolation_bodyweight_rex_000064,hip_flexion_isolation_bodyweight_rex_000064,name_en,앉아서 엉덩관절 굽히기,,앉아서 엉덩관절 굽히기,,ALIAS_PRESERVED,PRESERVED_ACTIVE_HISTORY,REX-000064,integrated_exercise_review_updated.csv:kspo:dfd7eaa07d42e118610eb6756d8dcdc351f5b1f3c9a1262fa94aa18d92a87e09,원천·승인 정책과의 정합성을 맞춘 결정적 수정이며 기존 값은 migration에 보존한다.,FIELD_CORRECTION,SOURCE_NAME_EN_NORMALIZED,APPLIED
REX-000066,mobility_balance_bodyweight,mobility_balance_bodyweight,name_en,FITT-CORE-STABILITY-V1,,FITT-CORE-STABILITY-V1,,ALIAS_PRESERVED,PRESERVED_ACTIVE_HISTORY,REX-000066,integrated_exercise_review_updated.csv:kspo:19af0f76cad5e01830e662585e3cea621cf8563f1955f83114bef440606379c4,원천·승인 정책과의 정합성을 맞춘 결정적 수정이며 기존 값은 migration에 보존한다.,FIELD_CORRECTION,SOURCE_NAME_EN_NORMALIZED,APPLIED
REX-000068,cardio_gait_step_box,cardio_gait_step_box,name_en,스텝박스 오르내리기,,스텝박스 오르내리기,,ALIAS_PRESERVED,PRESERVED_ACTIVE_HISTORY,REX-000068,integrated_exercise_review_updated.csv:kspo:00c41c823f6141adb2f3b7da95c1213fea98dac6cb3bfaf453f1a4989133d2d2,원천·승인 정책과의 정합성을 맞춘 결정적 수정이며 기존 값은 migration에 보존한다.,FIELD_CORRECTION,SOURCE_NAME_EN_NORMALIZED,APPLIED
REX-000069,leg_press_knee_dominant_resistance_band,leg_press_knee_dominant_resistance_band,name_en,밴드 잡고 누워서 다리 밀기,,밴드 잡고 누워서 다리 밀기,,ALIAS_PRESERVED,PRESERVED_ACTIVE_HISTORY,REX-000069,integrated_exercise_review_updated.csv:kspo:72cc612abf8747105b33f64e0661b713012fb3f2ae378cd5c5142215eedc899b,원천·승인 정책과의 정합성을 맞춘 결정적 수정이며 기존 값은 migration에 보존한다.,FIELD_CORRECTION,SOURCE_NAME_EN_NORMALIZED,APPLIED
REX-000090,spine_core_brace_core_brace_mat,spine_core_brace_core_brace_mat,name_en,네발기기 자세에서 팔 다리 들기,,네발기기 자세에서 팔 다리 들기,,ALIAS_PRESERVED,PRESERVED_ACTIVE_HISTORY,REX-000090,integrated_exercise_review_updated.csv:kspo:ce0ab5a88d5e6c4243b2a910aa53ecff3aa783c716fa193711a1a6e44542b3a0,원천·승인 정책과의 정합성을 맞춘 결정적 수정이며 기존 값은 migration에 보존한다.,FIELD_CORRECTION,SOURCE_NAME_EN_NORMALIZED,APPLIED
REX-000097,upper_back_isolation_isolation_resistance_band,upper_back_isolation_isolation_resistance_band,name_en,의자에 앉아 밴드 양옆으로 늘이기,,의자에 앉아 밴드 양옆으로 늘이기,,ALIAS_PRESERVED,PRESERVED_ACTIVE_HISTORY,REX-000097,integrated_exercise_review_updated.csv:kspo:ab41f78cd9e548e1217b4460122ca0a1e9824cd570da589f1b37ffe86d6db937,원천·승인 정책과의 정합성을 맞춘 결정적 수정이며 기존 값은 migration에 보존한다.,FIELD_CORRECTION,SOURCE_NAME_EN_NORMALIZED,APPLIED
REX-000103,barbell_decline_bent_arm_pullover_isolation_barbell,barbell_decline_bent_arm_pullover_isolation_barbell,source_track,v1,gymvisual,v1,gymvisual,ALIAS_PRESERVED,PRESERVED_ACTIVE_HISTORY,REX-000103,integrated_exercise_review_updated.csv:gymvisual:0034,원천·승인 정책과의 정합성을 맞춘 결정적 수정이며 기존 값은 migration에 보존한다.,FIELD_CORRECTION,SOURCE_PROVENANCE_RESOLVED,APPLIED
REX-000103,barbell_decline_bent_arm_pullover_isolation_barbell,barbell_decline_bent_arm_pullover_isolation_barbell,source_identity,v1:NEX-000002,0034,v1:NEX-000002,0034,ALIAS_PRESERVED,PRESERVED_ACTIVE_HISTORY,REX-000103,integrated_exercise_review_updated.csv:gymvisual:0034,원천·승인 정책과의 정합성을 맞춘 결정적 수정이며 기존 값은 migration에 보존한다.,FIELD_CORRECTION,SOURCE_PROVENANCE_RESOLVED,APPLIED
REX-000104,cable_incline_fly_on_stability_ball_isolation_stability_ball,cable_incline_fly_on_stability_ball_isolation_stability_ball,source_track,v1,gymvisual,v1,gymvisual,ALIAS_PRESERVED,PRESERVED_ACTIVE_HISTORY,REX-000104,integrated_exercise_review_updated.csv:gymvisual:0170,원천·승인 정책과의 정합성을 맞춘 결정적 수정이며 기존 값은 migration에 보존한다.,FIELD_CORRECTION,SOURCE_PROVENANCE_RESOLVED,APPLIED
REX-000104,cable_incline_fly_on_stability_ball_isolation_stability_ball,cable_incline_fly_on_stability_ball_isolation_stability_ball,source_identity,v1:NEX-000016,0170,v1:NEX-000016,0170,ALIAS_PRESERVED,PRESERVED_ACTIVE_HISTORY,REX-000104,integrated_exercise_review_updated.csv:gymvisual:0170,원천·승인 정책과의 정합성을 맞춘 결정적 수정이며 기존 값은 migration에 보존한다.,FIELD_CORRECTION,SOURCE_PROVENANCE_RESOLVED,APPLIED
REX-000104,cable_incline_fly_on_stability_ball_isolation_stability_ball,cable_incline_fly_on_stability_ball_isolation_stability_ball,display_name_ko,케이블 인클라인 플라이(메디신볼),케이블 인클라인 플라이(짐볼),케이블 인클라인 플라이(메디신볼),케이블 인클라인 플라이(짐볼),ALIAS_PRESERVED,PRESERVED_ACTIVE_HISTORY,REX-000104,integrated_exercise_review_updated.csv:gymvisual:0170,원천·승인 정책과의 정합성을 맞춘 결정적 수정이며 기존 값은 migration에 보존한다.,FIELD_CORRECTION,REPRESENTATIVE_IDENTITY_LABEL_REFINED,APPLIED
REX-000105,cable_lying_extension_pullover_with_rope_attachment_isolation_cable_machine,cable_lying_extension_pullover_with_rope_attachment_isolation_cable_machine,source_track,v1,gymvisual,v1,gymvisual,ALIAS_PRESERVED,PRESERVED_ACTIVE_HISTORY,REX-000105,integrated_exercise_review_updated.csv:gymvisual:0184,원천·승인 정책과의 정합성을 맞춘 결정적 수정이며 기존 값은 migration에 보존한다.,FIELD_CORRECTION,SOURCE_PROVENANCE_RESOLVED,APPLIED
REX-000105,cable_lying_extension_pullover_with_rope_attachment_isolation_cable_machine,cable_lying_extension_pullover_with_rope_attachment_isolation_cable_machine,source_identity,v1:NEX-000018,0184,v1:NEX-000018,0184,ALIAS_PRESERVED,PRESERVED_ACTIVE_HISTORY,REX-000105,integrated_exercise_review_updated.csv:gymvisual:0184,원천·승인 정책과의 정합성을 맞춘 결정적 수정이며 기존 값은 migration에 보존한다.,FIELD_CORRECTION,SOURCE_PROVENANCE_RESOLVED,APPLIED
REX-000106,cable_reverse_grip_straight_back_seated_high_row_isolation_cable_machine,cable_reverse_grip_straight_back_seated_high_row_isolation_cable_machine,source_track,v1,gymvisual,v1,gymvisual,ALIAS_PRESERVED,PRESERVED_ACTIVE_HISTORY,REX-000106,integrated_exercise_review_updated.csv:gymvisual:0208,원천·승인 정책과의 정합성을 맞춘 결정적 수정이며 기존 값은 migration에 보존한다.,FIELD_CORRECTION,SOURCE_PROVENANCE_RESOLVED,APPLIED
REX-000106,cable_reverse_grip_straight_back_seated_high_row_isolation_cable_machine,cable_reverse_grip_straight_back_seated_high_row_isolation_cable_machine,source_identity,v1:NEX-000022,0208,v1:NEX-000022,0208,ALIAS_PRESERVED,PRESERVED_ACTIVE_HISTORY,REX-000106,integrated_exercise_review_updated.csv:gymvisual:0208,원천·승인 정책과의 정합성을 맞춘 결정적 수정이며 기존 값은 migration에 보존한다.,FIELD_CORRECTION,SOURCE_PROVENANCE_RESOLVED,APPLIED
REX-000108,dumbbell_incline_rear_lateral_raise_isolation_dumbbell,dumbbell_incline_rear_lateral_raise_isolation_dumbbell,source_track,v1,gymvisual,v1,gymvisual,ALIAS_PRESERVED,PRESERVED_ACTIVE_HISTORY,REX-000108,integrated_exercise_review_updated.csv:gymvisual:0326,원천·승인 정책과의 정합성을 맞춘 결정적 수정이며 기존 값은 migration에 보존한다.,FIELD_CORRECTION,SOURCE_PROVENANCE_RESOLVED,APPLIED
REX-000108,dumbbell_incline_rear_lateral_raise_isolation_dumbbell,dumbbell_incline_rear_lateral_raise_isolation_dumbbell,source_identity,v1:NEX-000037,0326,v1:NEX-000037,0326,ALIAS_PRESERVED,PRESERVED_ACTIVE_HISTORY,REX-000108,integrated_exercise_review_updated.csv:gymvisual:0326,원천·승인 정책과의 정합성을 맞춘 결정적 수정이며 기존 값은 migration에 보존한다.,FIELD_CORRECTION,SOURCE_PROVENANCE_RESOLVED,APPLIED
REX-000109,dumbbell_lateral_to_front_raise_isolation_dumbbell,dumbbell_lateral_to_front_raise_isolation_dumbbell,source_track,v1,gymvisual,v1,gymvisual,ALIAS_PRESERVED,PRESERVED_ACTIVE_HISTORY,REX-000109,integrated_exercise_review_updated.csv:gymvisual:0335,원천·승인 정책과의 정합성을 맞춘 결정적 수정이며 기존 값은 migration에 보존한다.,FIELD_CORRECTION,SOURCE_PROVENANCE_RESOLVED,APPLIED
REX-000109,dumbbell_lateral_to_front_raise_isolation_dumbbell,dumbbell_lateral_to_front_raise_isolation_dumbbell,source_identity,v1:NEX-000040,0335,v1:NEX-000040,0335,ALIAS_PRESERVED,PRESERVED_ACTIVE_HISTORY,REX-000109,integrated_exercise_review_updated.csv:gymvisual:0335,원천·승인 정책과의 정합성을 맞춘 결정적 수정이며 기존 값은 migration에 보존한다.,FIELD_CORRECTION,SOURCE_PROVENANCE_RESOLVED,APPLIED
REX-000110,dumbbell_lying_rear_lateral_raise_isolation_dumbbell,dumbbell_lying_rear_lateral_raise_isolation_dumbbell,source_track,v1,gymvisual,v1,gymvisual,ALIAS_PRESERVED,PRESERVED_ACTIVE_HISTORY,REX-000110,integrated_exercise_review_updated.csv:gymvisual:0348,원천·승인 정책과의 정합성을 맞춘 결정적 수정이며 기존 값은 migration에 보존한다.,FIELD_CORRECTION,SOURCE_PROVENANCE_RESOLVED,APPLIED
REX-000110,dumbbell_lying_rear_lateral_raise_isolation_dumbbell,dumbbell_lying_rear_lateral_raise_isolation_dumbbell,source_identity,v1:NEX-000042,0348,v1:NEX-000042,0348,ALIAS_PRESERVED,PRESERVED_ACTIVE_HISTORY,REX-000110,integrated_exercise_review_updated.csv:gymvisual:0348,원천·승인 정책과의 정합성을 맞춘 결정적 수정이며 기존 값은 migration에 보존한다.,FIELD_CORRECTION,SOURCE_PROVENANCE_RESOLVED,APPLIED
REX-000111,dumbbell_over_bench_revers_wrist_curl_isolation_dumbbell,dumbbell_over_bench_revers_wrist_curl_isolation_dumbbell,source_track,v1,gymvisual,v1,gymvisual,ALIAS_PRESERVED,PRESERVED_ACTIVE_HISTORY,REX-000111,integrated_exercise_review_updated.csv:gymvisual:0368,원천·승인 정책과의 정합성을 맞춘 결정적 수정이며 기존 값은 migration에 보존한다.,FIELD_CORRECTION,SOURCE_PROVENANCE_RESOLVED,APPLIED
REX-000111,dumbbell_over_bench_revers_wrist_curl_isolation_dumbbell,dumbbell_over_bench_revers_wrist_curl_isolation_dumbbell,source_identity,v1:NEX-000045,0368,v1:NEX-000045,0368,ALIAS_PRESERVED,PRESERVED_ACTIVE_HISTORY,REX-000111,integrated_exercise_review_updated.csv:gymvisual:0368,원천·승인 정책과의 정합성을 맞춘 결정적 수정이며 기존 값은 migration에 보존한다.,FIELD_CORRECTION,SOURCE_PROVENANCE_RESOLVED,APPLIED
REX-000111,dumbbell_over_bench_revers_wrist_curl_isolation_dumbbell,dumbbell_over_bench_revers_wrist_curl_isolation_dumbbell,name_en,dumbbell over bench revers wrist curl,dumbbell over bench reverse wrist curl,dumbbell over bench revers wrist curl,dumbbell over bench reverse wrist curl,ALIAS_PRESERVED,PRESERVED_ACTIVE_HISTORY,REX-000111,integrated_exercise_review_updated.csv:gymvisual:0368,원천·승인 정책과의 정합성을 맞춘 결정적 수정이며 기존 값은 migration에 보존한다.,FIELD_CORRECTION,SOURCE_NAME_EN_NORMALIZED,APPLIED
REX-000111,dumbbell_over_bench_revers_wrist_curl_isolation_dumbbell,dumbbell_over_bench_revers_wrist_curl_isolation_dumbbell,equipment_codes,"[""DUMBBELL"",""BENCH""]","[""DUMBBELL""]","[""DUMBBELL"",""BENCH""]","[""DUMBBELL""]",ALIAS_PRESERVED,PRESERVED_ACTIVE_HISTORY,REX-000111,integrated_exercise_review_updated.csv:gymvisual:0368,원천·승인 정책과의 정합성을 맞춘 결정적 수정이며 기존 값은 migration에 보존한다.,FIELD_CORRECTION,EQUIPMENT_TAXONOMY_NORMALIZED,APPLIED
REX-000111,dumbbell_over_bench_revers_wrist_curl_isolation_dumbbell,dumbbell_over_bench_revers_wrist_curl_isolation_dumbbell,location_codes,"[""GYM""]","[""HOME"",""GYM""]","[""GYM""]","[""HOME"",""GYM""]",ALIAS_PRESERVED,PRESERVED_ACTIVE_HISTORY,REX-000111,integrated_exercise_review_updated.csv:gymvisual:0368,원천·승인 정책과의 정합성을 맞춘 결정적 수정이며 기존 값은 migration에 보존한다.,FIELD_CORRECTION,LOCATION_DERIVED_FROM_LOAD_EQUIPMENT,APPLIED
REX-000112,dumbbell_rear_lateral_raise_support_head_isolation_dumbbell,dumbbell_rear_lateral_raise_support_head_isolation_dumbbell,source_track,v1,gymvisual,v1,gymvisual,ALIAS_PRESERVED,PRESERVED_ACTIVE_HISTORY,REX-000112,integrated_exercise_review_updated.csv:gymvisual:0379,원천·승인 정책과의 정합성을 맞춘 결정적 수정이며 기존 값은 migration에 보존한다.,FIELD_CORRECTION,SOURCE_PROVENANCE_RESOLVED,APPLIED
REX-000112,dumbbell_rear_lateral_raise_support_head_isolation_dumbbell,dumbbell_rear_lateral_raise_support_head_isolation_dumbbell,source_identity,v1:NEX-000049,0379,v1:NEX-000049,0379,ALIAS_PRESERVED,PRESERVED_ACTIVE_HISTORY,REX-000112,integrated_exercise_review_updated.csv:gymvisual:0379,원천·승인 정책과의 정합성을 맞춘 결정적 수정이며 기존 값은 migration에 보존한다.,FIELD_CORRECTION,SOURCE_PROVENANCE_RESOLVED,APPLIED
REX-000112,dumbbell_rear_lateral_raise_support_head_isolation_dumbbell,dumbbell_rear_lateral_raise_support_head_isolation_dumbbell,display_name_ko,덤벨 레터럴 레이즈,덤벨 리어 레터럴 레이즈(머리 지지),덤벨 레터럴 레이즈,덤벨 리어 레터럴 레이즈(머리 지지),ALIAS_PRESERVED,PRESERVED_ACTIVE_HISTORY,REX-000112,integrated_exercise_review_updated.csv:gymvisual:0379,원천·승인 정책과의 정합성을 맞춘 결정적 수정이며 기존 값은 migration에 보존한다.,FIELD_CORRECTION,REPRESENTATIVE_IDENTITY_LABEL_REFINED,APPLIED
REX-000113,dumbbell_rear_lateral_raise_isolation_dumbbell,dumbbell_rear_lateral_raise_isolation_dumbbell,source_track,v1,gymvisual,v1,gymvisual,ALIAS_PRESERVED,PRESERVED_ACTIVE_HISTORY,REX-000113,integrated_exercise_review_updated.csv:gymvisual:0380,원천·승인 정책과의 정합성을 맞춘 결정적 수정이며 기존 값은 migration에 보존한다.,FIELD_CORRECTION,SOURCE_PROVENANCE_RESOLVED,APPLIED
REX-000113,dumbbell_rear_lateral_raise_isolation_dumbbell,dumbbell_rear_lateral_raise_isolation_dumbbell,source_identity,v1:NEX-000050,0380,v1:NEX-000050,0380,ALIAS_PRESERVED,PRESERVED_ACTIVE_HISTORY,REX-000113,integrated_exercise_review_updated.csv:gymvisual:0380,원천·승인 정책과의 정합성을 맞춘 결정적 수정이며 기존 값은 migration에 보존한다.,FIELD_CORRECTION,SOURCE_PROVENANCE_RESOLVED,APPLIED
REX-000113,dumbbell_rear_lateral_raise_isolation_dumbbell,dumbbell_rear_lateral_raise_isolation_dumbbell,display_name_ko,덤벨 레터럴 레이즈,덤벨 리어 레터럴 레이즈,덤벨 레터럴 레이즈,덤벨 리어 레터럴 레이즈,ALIAS_PRESERVED,PRESERVED_ACTIVE_HISTORY,REX-000113,integrated_exercise_review_updated.csv:gymvisual:0380,원천·승인 정책과의 정합성을 맞춘 결정적 수정이며 기존 값은 migration에 보존한다.,FIELD_CORRECTION,REPRESENTATIVE_IDENTITY_LABEL_REFINED,APPLIED
REX-000114,inverse_leg_curl_bench_support_isolation_bench,inverse_leg_curl_bench_support_isolation_bodyweight,source_track,v1,gymvisual,v1,gymvisual,ALIAS_PRESERVED,PRESERVED_ACTIVE_HISTORY,REX-000114,integrated_exercise_review_updated.csv:gymvisual:0496,원천·승인 정책과의 정합성을 맞춘 결정적 수정이며 기존 값은 migration에 보존한다.,FIELD_CORRECTION,SOURCE_PROVENANCE_RESOLVED,APPLIED
REX-000114,inverse_leg_curl_bench_support_isolation_bench,inverse_leg_curl_bench_support_isolation_bodyweight,source_identity,v1:NEX-000065,0496,v1:NEX-000065,0496,ALIAS_PRESERVED,PRESERVED_ACTIVE_HISTORY,REX-000114,integrated_exercise_review_updated.csv:gymvisual:0496,원천·승인 정책과의 정합성을 맞춘 결정적 수정이며 기존 값은 migration에 보존한다.,FIELD_CORRECTION,SOURCE_PROVENANCE_RESOLVED,APPLIED
REX-000114,inverse_leg_curl_bench_support_isolation_bench,inverse_leg_curl_bench_support_isolation_bodyweight,display_name_ko,인버스 레그 컬,인버스 레그 컬(벤치 지지),인버스 레그 컬,인버스 레그 컬(벤치 지지),ALIAS_PRESERVED,PRESERVED_ACTIVE_HISTORY,REX-000114,integrated_exercise_review_updated.csv:gymvisual:0496,원천·승인 정책과의 정합성을 맞춘 결정적 수정이며 기존 값은 migration에 보존한다.,FIELD_CORRECTION,REPRESENTATIVE_IDENTITY_LABEL_REFINED,APPLIED
REX-000114,inverse_leg_curl_bench_support_isolation_bench,inverse_leg_curl_bench_support_isolation_bodyweight,equipment_codes,"[""BENCH""]","[""BODYWEIGHT""]","[""BENCH""]","[""BODYWEIGHT""]",ALIAS_PRESERVED,PRESERVED_ACTIVE_HISTORY,REX-000114,integrated_exercise_review_updated.csv:gymvisual:0496,원천·승인 정책과의 정합성을 맞춘 결정적 수정이며 기존 값은 migration에 보존한다.,FIELD_CORRECTION,EQUIPMENT_TAXONOMY_NORMALIZED,APPLIED
REX-000114,inverse_leg_curl_bench_support_isolation_bench,inverse_leg_curl_bench_support_isolation_bodyweight,location_codes,"[""GYM""]","[""HOME"",""GYM""]","[""GYM""]","[""HOME"",""GYM""]",ALIAS_PRESERVED,PRESERVED_ACTIVE_HISTORY,REX-000114,integrated_exercise_review_updated.csv:gymvisual:0496,원천·승인 정책과의 정합성을 맞춘 결정적 수정이며 기존 값은 migration에 보존한다.,FIELD_CORRECTION,LOCATION_DERIVED_FROM_LOAD_EQUIPMENT,APPLIED
REX-000114,inverse_leg_curl_bench_support_isolation_bench,inverse_leg_curl_bench_support_isolation_bodyweight,stable_code,inverse_leg_curl_bench_support_isolation_bench,inverse_leg_curl_bench_support_isolation_bodyweight,inverse_leg_curl_bench_support_isolation_bench,inverse_leg_curl_bench_support_isolation_bodyweight,STABLE_CODE_MIGRATION,MIGRATION_REQUIRED_BEFORE_FK_CUTOVER,REX-000114,integrated_exercise_review_updated.csv:gymvisual:0496,원천·승인 정책과의 정합성을 맞춘 결정적 수정이며 기존 값은 migration에 보존한다.,STABLE_CODE_MIGRATION,STABLE_CODE_EQUIPMENT_MIGRATION,APPLIED
REX-000115,inverted_row_with_straps_isolation_stretch_strap,inverted_row_with_straps_isolation_stretch_strap,source_track,v1,gymvisual,v1,gymvisual,ALIAS_PRESERVED,PRESERVED_ACTIVE_HISTORY,REX-000115,integrated_exercise_review_updated.csv:gymvisual:0498,원천·승인 정책과의 정합성을 맞춘 결정적 수정이며 기존 값은 migration에 보존한다.,FIELD_CORRECTION,SOURCE_PROVENANCE_RESOLVED,APPLIED
REX-000115,inverted_row_with_straps_isolation_stretch_strap,inverted_row_with_straps_isolation_stretch_strap,source_identity,v1:NEX-000066,0498,v1:NEX-000066,0498,ALIAS_PRESERVED,PRESERVED_ACTIVE_HISTORY,REX-000115,integrated_exercise_review_updated.csv:gymvisual:0498,원천·승인 정책과의 정합성을 맞춘 결정적 수정이며 기존 값은 migration에 보존한다.,FIELD_CORRECTION,SOURCE_PROVENANCE_RESOLVED,APPLIED
REX-000117,self_assisted_inverse_leg_curl_on_floor_isolation_bodyweight,self_assisted_inverse_leg_curl_on_floor_isolation_bodyweight,source_track,v1,gymvisual,v1,gymvisual,ALIAS_PRESERVED,PRESERVED_ACTIVE_HISTORY,REX-000117,integrated_exercise_review_updated.csv:gymvisual:0696,원천·승인 정책과의 정합성을 맞춘 결정적 수정이며 기존 값은 migration에 보존한다.,FIELD_CORRECTION,SOURCE_PROVENANCE_RESOLVED,APPLIED
REX-000117,self_assisted_inverse_leg_curl_on_floor_isolation_bodyweight,self_assisted_inverse_leg_curl_on_floor_isolation_bodyweight,source_identity,v1:NEX-000081,0696,v1:NEX-000081,0696,ALIAS_PRESERVED,PRESERVED_ACTIVE_HISTORY,REX-000117,integrated_exercise_review_updated.csv:gymvisual:0696,원천·승인 정책과의 정합성을 맞춘 결정적 수정이며 기존 값은 migration에 보존한다.,FIELD_CORRECTION,SOURCE_PROVENANCE_RESOLVED,APPLIED
REX-000118,self_assisted_inverse_leg_curl_isolation_bodyweight,self_assisted_inverse_leg_curl_isolation_bodyweight,source_track,v1,gymvisual,v1,gymvisual,ALIAS_PRESERVED,PRESERVED_ACTIVE_HISTORY,REX-000118,integrated_exercise_review_updated.csv:gymvisual:0697,원천·승인 정책과의 정합성을 맞춘 결정적 수정이며 기존 값은 migration에 보존한다.,FIELD_CORRECTION,SOURCE_PROVENANCE_RESOLVED,APPLIED
REX-000118,self_assisted_inverse_leg_curl_isolation_bodyweight,self_assisted_inverse_leg_curl_isolation_bodyweight,source_identity,v1:NEX-000082,0697,v1:NEX-000082,0697,ALIAS_PRESERVED,PRESERVED_ACTIVE_HISTORY,REX-000118,integrated_exercise_review_updated.csv:gymvisual:0697,원천·승인 정책과의 정합성을 맞춘 결정적 수정이며 기존 값은 migration에 보존한다.,FIELD_CORRECTION,SOURCE_PROVENANCE_RESOLVED,APPLIED
REX-000118,self_assisted_inverse_leg_curl_isolation_bodyweight,self_assisted_inverse_leg_curl_isolation_bodyweight,display_name_ko,인버스 레그 컬,셀프 어시스트 인버스 레그 컬,인버스 레그 컬,셀프 어시스트 인버스 레그 컬,ALIAS_PRESERVED,PRESERVED_ACTIVE_HISTORY,REX-000118,integrated_exercise_review_updated.csv:gymvisual:0697,원천·승인 정책과의 정합성을 맞춘 결정적 수정이며 기존 값은 migration에 보존한다.,FIELD_CORRECTION,REPRESENTATIVE_IDENTITY_LABEL_REFINED,APPLIED
REX-000119,smith_reverse_calf_raises_isolation_machine,smith_reverse_calf_raises_isolation_machine,source_track,v1,gymvisual,v1,gymvisual,ALIAS_PRESERVED,PRESERVED_ACTIVE_HISTORY,REX-000119,integrated_exercise_review_updated.csv:gymvisual:0763,원천·승인 정책과의 정합성을 맞춘 결정적 수정이며 기존 값은 migration에 보존한다.,FIELD_CORRECTION,SOURCE_PROVENANCE_RESOLVED,APPLIED
REX-000119,smith_reverse_calf_raises_isolation_machine,smith_reverse_calf_raises_isolation_machine,source_identity,v1:NEX-000085,0763,v1:NEX-000085,0763,ALIAS_PRESERVED,PRESERVED_ACTIVE_HISTORY,REX-000119,integrated_exercise_review_updated.csv:gymvisual:0763,원천·승인 정책과의 정합성을 맞춘 결정적 수정이며 기존 값은 migration에 보존한다.,FIELD_CORRECTION,SOURCE_PROVENANCE_RESOLVED,APPLIED
REX-000120,weighted_russian_twist_legs_up_isolation_bodyweight,weighted_russian_twist_legs_up_isolation_household_weight,source_track,v1,gymvisual,v1,gymvisual,ALIAS_PRESERVED,PRESERVED_ACTIVE_HISTORY,REX-000120,integrated_exercise_review_updated.csv:gymvisual:0845,원천·승인 정책과의 정합성을 맞춘 결정적 수정이며 기존 값은 migration에 보존한다.,FIELD_CORRECTION,SOURCE_PROVENANCE_RESOLVED,APPLIED
REX-000120,weighted_russian_twist_legs_up_isolation_bodyweight,weighted_russian_twist_legs_up_isolation_household_weight,source_identity,v1:NEX-000090,0845,v1:NEX-000090,0845,ALIAS_PRESERVED,PRESERVED_ACTIVE_HISTORY,REX-000120,integrated_exercise_review_updated.csv:gymvisual:0845,원천·승인 정책과의 정합성을 맞춘 결정적 수정이며 기존 값은 migration에 보존한다.,FIELD_CORRECTION,SOURCE_PROVENANCE_RESOLVED,APPLIED
REX-000120,weighted_russian_twist_legs_up_isolation_bodyweight,weighted_russian_twist_legs_up_isolation_household_weight,equipment_codes,"[""BODYWEIGHT""]","[""HOUSEHOLD_WEIGHT""]","[""BODYWEIGHT""]","[""HOUSEHOLD_WEIGHT""]",ALIAS_PRESERVED,PRESERVED_ACTIVE_HISTORY,REX-000120,integrated_exercise_review_updated.csv:gymvisual:0845,원천·승인 정책과의 정합성을 맞춘 결정적 수정이며 기존 값은 migration에 보존한다.,FIELD_CORRECTION,EQUIPMENT_TAXONOMY_NORMALIZED,APPLIED
REX-000120,weighted_russian_twist_legs_up_isolation_bodyweight,weighted_russian_twist_legs_up_isolation_household_weight,stable_code,weighted_russian_twist_legs_up_isolation_bodyweight,weighted_russian_twist_legs_up_isolation_household_weight,weighted_russian_twist_legs_up_isolation_bodyweight,weighted_russian_twist_legs_up_isolation_household_weight,STABLE_CODE_MIGRATION,MIGRATION_REQUIRED_BEFORE_FK_CUTOVER,REX-000120,integrated_exercise_review_updated.csv:gymvisual:0845,원천·승인 정책과의 정합성을 맞춘 결정적 수정이며 기존 값은 migration에 보존한다.,STABLE_CODE_MIGRATION,STABLE_CODE_EQUIPMENT_MIGRATION,APPLIED
REX-000121,band_bicycle_crunch_isolation_resistance_band,bicycle_crunch_core_brace_bodyweight,source_track,v1,gymvisual,v1,gymvisual,ALIAS_PRESERVED,PRESERVED_ACTIVE_HISTORY,REX-000121,integrated_exercise_review_updated.csv:gymvisual:0972,원천·승인 정책과의 정합성을 맞춘 결정적 수정이며 기존 값은 migration에 보존한다.,FIELD_CORRECTION,SOURCE_PROVENANCE_RESOLVED,APPLIED
REX-000121,band_bicycle_crunch_isolation_resistance_band,bicycle_crunch_core_brace_bodyweight,source_identity,v1:NEX-000096,0972,v1:NEX-000096,0972,ALIAS_PRESERVED,PRESERVED_ACTIVE_HISTORY,REX-000121,integrated_exercise_review_updated.csv:gymvisual:0972,원천·승인 정책과의 정합성을 맞춘 결정적 수정이며 기존 값은 migration에 보존한다.,FIELD_CORRECTION,SOURCE_PROVENANCE_RESOLVED,APPLIED
REX-000121,band_bicycle_crunch_isolation_resistance_band,bicycle_crunch_core_brace_bodyweight,name_en,band bicycle crunch,bicycle crunch,band bicycle crunch,bicycle crunch,ALIAS_PRESERVED,PRESERVED_ACTIVE_HISTORY,REX-000121,integrated_exercise_review_updated.csv:gymvisual:0972,원천·승인 정책과의 정합성을 맞춘 결정적 수정이며 기존 값은 migration에 보존한다.,FIELD_CORRECTION,SOURCE_NAME_EN_NORMALIZED,APPLIED
REX-000121,band_bicycle_crunch_isolation_resistance_band,bicycle_crunch_core_brace_bodyweight,display_name_ko,밴드 바이시클 크런치,바이시클 크런치,밴드 바이시클 크런치,바이시클 크런치,ALIAS_PRESERVED,PRESERVED_ACTIVE_HISTORY,REX-000121,integrated_exercise_review_updated.csv:gymvisual:0972,원천·승인 정책과의 정합성을 맞춘 결정적 수정이며 기존 값은 migration에 보존한다.,FIELD_CORRECTION,REPRESENTATIVE_IDENTITY_LABEL_REFINED,APPLIED
REX-000121,band_bicycle_crunch_isolation_resistance_band,bicycle_crunch_core_brace_bodyweight,equipment_codes,"[""RESISTANCE_BAND""]","[""BODYWEIGHT""]","[""RESISTANCE_BAND""]","[""BODYWEIGHT""]",ALIAS_PRESERVED,PRESERVED_ACTIVE_HISTORY,REX-000121,integrated_exercise_review_updated.csv:gymvisual:0972,원천·승인 정책과의 정합성을 맞춘 결정적 수정이며 기존 값은 migration에 보존한다.,FIELD_CORRECTION,EQUIPMENT_TAXONOMY_NORMALIZED,APPLIED
REX-000121,band_bicycle_crunch_isolation_resistance_band,bicycle_crunch_core_brace_bodyweight,stable_code,band_bicycle_crunch_isolation_resistance_band,bicycle_crunch_core_brace_bodyweight,band_bicycle_crunch_isolation_resistance_band,bicycle_crunch_core_brace_bodyweight,STABLE_CODE_MIGRATION,MIGRATION_REQUIRED_BEFORE_FK_CUTOVER,REX-000121,integrated_exercise_review_updated.csv:gymvisual:0972,원천·승인 정책과의 정합성을 맞춘 결정적 수정이며 기존 값은 migration에 보존한다.,STABLE_CODE_MIGRATION,STABLE_CODE_EQUIPMENT_MIGRATION,APPLIED
REX-000122,band_kneeling_twisting_crunch_isolation_resistance_band,band_kneeling_twisting_crunch_isolation_resistance_band,source_track,v1,gymvisual,v1,gymvisual,ALIAS_PRESERVED,PRESERVED_ACTIVE_HISTORY,REX-000122,integrated_exercise_review_updated.csv:gymvisual:0985,원천·승인 정책과의 정합성을 맞춘 결정적 수정이며 기존 값은 migration에 보존한다.,FIELD_CORRECTION,SOURCE_PROVENANCE_RESOLVED,APPLIED
REX-000122,band_kneeling_twisting_crunch_isolation_resistance_band,band_kneeling_twisting_crunch_isolation_resistance_band,source_identity,v1:NEX-000099,0985,v1:NEX-000099,0985,ALIAS_PRESERVED,PRESERVED_ACTIVE_HISTORY,REX-000122,integrated_exercise_review_updated.csv:gymvisual:0985,원천·승인 정책과의 정합성을 맞춘 결정적 수정이며 기존 값은 migration에 보존한다.,FIELD_CORRECTION,SOURCE_PROVENANCE_RESOLVED,APPLIED
REX-000123,cable_one_arm_decline_chest_fly_isolation_cable_machine,cable_one_arm_decline_chest_fly_isolation_cable_machine,source_track,v1,gymvisual,v1,gymvisual,ALIAS_PRESERVED,PRESERVED_ACTIVE_HISTORY,REX-000123,integrated_exercise_review_updated.csv:gymvisual:1262,원천·승인 정책과의 정합성을 맞춘 결정적 수정이며 기존 값은 migration에 보존한다.,FIELD_CORRECTION,SOURCE_PROVENANCE_RESOLVED,APPLIED
REX-000123,cable_one_arm_decline_chest_fly_isolation_cable_machine,cable_one_arm_decline_chest_fly_isolation_cable_machine,source_identity,v1:NEX-000109,1262,v1:NEX-000109,1262,ALIAS_PRESERVED,PRESERVED_ACTIVE_HISTORY,REX-000123,integrated_exercise_review_updated.csv:gymvisual:1262,원천·승인 정책과의 정합성을 맞춘 결정적 수정이며 기존 값은 migration에 보존한다.,FIELD_CORRECTION,SOURCE_PROVENANCE_RESOLVED,APPLIED
REX-000124,band_two_legs_calf_raise_band_under_both_legs_v_2_isolation_resistance_band,band_two_legs_calf_raise_band_under_both_legs_v_2_isolation_resistance_band,source_track,v1,gymvisual,v1,gymvisual,ALIAS_PRESERVED,PRESERVED_ACTIVE_HISTORY,REX-000124,integrated_exercise_review_updated.csv:gymvisual:1369,원천·승인 정책과의 정합성을 맞춘 결정적 수정이며 기존 값은 migration에 보존한다.,FIELD_CORRECTION,SOURCE_PROVENANCE_RESOLVED,APPLIED
REX-000124,band_two_legs_calf_raise_band_under_both_legs_v_2_isolation_resistance_band,band_two_legs_calf_raise_band_under_both_legs_v_2_isolation_resistance_band,source_identity,v1:NEX-000117,1369,v1:NEX-000117,1369,ALIAS_PRESERVED,PRESERVED_ACTIVE_HISTORY,REX-000124,integrated_exercise_review_updated.csv:gymvisual:1369,원천·승인 정책과의 정합성을 맞춘 결정적 수정이며 기존 값은 migration에 보존한다.,FIELD_CORRECTION,SOURCE_PROVENANCE_RESOLVED,APPLIED
REX-000125,one_leg_donkey_calf_raise_isolation_bodyweight,one_leg_donkey_calf_raise_isolation_bodyweight,source_track,v1,gymvisual,v1,gymvisual,ALIAS_PRESERVED,PRESERVED_ACTIVE_HISTORY,REX-000125,integrated_exercise_review_updated.csv:gymvisual:1386,원천·승인 정책과의 정합성을 맞춘 결정적 수정이며 기존 값은 migration에 보존한다.,FIELD_CORRECTION,SOURCE_PROVENANCE_RESOLVED,APPLIED
REX-000125,one_leg_donkey_calf_raise_isolation_bodyweight,one_leg_donkey_calf_raise_isolation_bodyweight,source_identity,v1:NEX-000121,1386,v1:NEX-000121,1386,ALIAS_PRESERVED,PRESERVED_ACTIVE_HISTORY,REX-000125,integrated_exercise_review_updated.csv:gymvisual:1386,원천·승인 정책과의 정합성을 맞춘 결정적 수정이며 기존 값은 migration에 보존한다.,FIELD_CORRECTION,SOURCE_PROVENANCE_RESOLVED,APPLIED
REX-000126,dumbbell_alternate_hammer_preacher_curl_isolation_dumbbell,dumbbell_alternate_hammer_preacher_curl_isolation_dumbbell,source_track,v1,gymvisual,v1,gymvisual,ALIAS_PRESERVED,PRESERVED_ACTIVE_HISTORY,REX-000126,integrated_exercise_review_updated.csv:gymvisual:1646,원천·승인 정책과의 정합성을 맞춘 결정적 수정이며 기존 값은 migration에 보존한다.,FIELD_CORRECTION,SOURCE_PROVENANCE_RESOLVED,APPLIED
REX-000126,dumbbell_alternate_hammer_preacher_curl_isolation_dumbbell,dumbbell_alternate_hammer_preacher_curl_isolation_dumbbell,source_identity,v1:NEX-000140,1646,v1:NEX-000140,1646,ALIAS_PRESERVED,PRESERVED_ACTIVE_HISTORY,REX-000126,integrated_exercise_review_updated.csv:gymvisual:1646,원천·승인 정책과의 정합성을 맞춘 결정적 수정이며 기존 값은 migration에 보존한다.,FIELD_CORRECTION,SOURCE_PROVENANCE_RESOLVED,APPLIED
REX-000127,lever_pullover_isolation_machine,lever_pullover_isolation_machine,source_track,v1,gymvisual,v1,gymvisual,ALIAS_PRESERVED,PRESERVED_ACTIVE_HISTORY,REX-000127,integrated_exercise_review_updated.csv:gymvisual:2285,원천·승인 정책과의 정합성을 맞춘 결정적 수정이며 기존 값은 migration에 보존한다.,FIELD_CORRECTION,SOURCE_PROVENANCE_RESOLVED,APPLIED
REX-000127,lever_pullover_isolation_machine,lever_pullover_isolation_machine,source_identity,v1:NEX-000148,2285,v1:NEX-000148,2285,ALIAS_PRESERVED,PRESERVED_ACTIVE_HISTORY,REX-000127,integrated_exercise_review_updated.csv:gymvisual:2285,원천·승인 정책과의 정합성을 맞춘 결정적 수정이며 기존 값은 migration에 보존한다.,FIELD_CORRECTION,SOURCE_PROVENANCE_RESOLVED,APPLIED
REX-000127,lever_pullover_isolation_machine,lever_pullover_isolation_machine,display_name_ko,풀오버,머신 풀오버,풀오버,머신 풀오버,ALIAS_PRESERVED,PRESERVED_ACTIVE_HISTORY,REX-000127,integrated_exercise_review_updated.csv:gymvisual:2285,원천·승인 정책과의 정합성을 맞춘 결정적 수정이며 기존 값은 migration에 보존한다.,FIELD_CORRECTION,REPRESENTATIVE_IDENTITY_LABEL_REFINED,APPLIED
REX-000128,lever_seated_calf_press_isolation_machine,lever_seated_calf_press_isolation_machine,source_track,v1,gymvisual,v1,gymvisual,ALIAS_PRESERVED,PRESERVED_ACTIVE_HISTORY,REX-000128,integrated_exercise_review_updated.csv:gymvisual:2335,원천·승인 정책과의 정합성을 맞춘 결정적 수정이며 기존 값은 migration에 보존한다.,FIELD_CORRECTION,SOURCE_PROVENANCE_RESOLVED,APPLIED
REX-000128,lever_seated_calf_press_isolation_machine,lever_seated_calf_press_isolation_machine,source_identity,v1:NEX-000153,2335,v1:NEX-000153,2335,ALIAS_PRESERVED,PRESERVED_ACTIVE_HISTORY,REX-000128,integrated_exercise_review_updated.csv:gymvisual:2335,원천·승인 정책과의 정합성을 맞춘 결정적 수정이며 기존 값은 migration에 보존한다.,FIELD_CORRECTION,SOURCE_PROVENANCE_RESOLVED,APPLIED
REX-000130,resistance_band_leg_extension_isolation_resistance_band,resistance_band_leg_extension_isolation_resistance_band,source_track,v1,gymvisual,v1,gymvisual,ALIAS_PRESERVED,PRESERVED_ACTIVE_HISTORY,REX-000130,integrated_exercise_review_updated.csv:gymvisual:3007,원천·승인 정책과의 정합성을 맞춘 결정적 수정이며 기존 값은 migration에 보존한다.,FIELD_CORRECTION,SOURCE_PROVENANCE_RESOLVED,APPLIED
REX-000130,resistance_band_leg_extension_isolation_resistance_band,resistance_band_leg_extension_isolation_resistance_band,source_identity,v1:NEX-000160,3007,v1:NEX-000160,3007,ALIAS_PRESERVED,PRESERVED_ACTIVE_HISTORY,REX-000130,integrated_exercise_review_updated.csv:gymvisual:3007,원천·승인 정책과의 정합성을 맞춘 결정적 수정이며 기존 값은 migration에 보존한다.,FIELD_CORRECTION,SOURCE_PROVENANCE_RESOLVED,APPLIED
REX-000131,ez_bar_lying_bent_arms_pullover_isolation_bodyweight,ez_bar_lying_bent_arms_pullover_isolation_ez_bar,source_track,v1,gymvisual,v1,gymvisual,ALIAS_PRESERVED,PRESERVED_ACTIVE_HISTORY,REX-000131,integrated_exercise_review_updated.csv:gymvisual:3010,원천·승인 정책과의 정합성을 맞춘 결정적 수정이며 기존 값은 migration에 보존한다.,FIELD_CORRECTION,SOURCE_PROVENANCE_RESOLVED,APPLIED
REX-000131,ez_bar_lying_bent_arms_pullover_isolation_bodyweight,ez_bar_lying_bent_arms_pullover_isolation_ez_bar,source_identity,v1:NEX-000161,3010,v1:NEX-000161,3010,ALIAS_PRESERVED,PRESERVED_ACTIVE_HISTORY,REX-000131,integrated_exercise_review_updated.csv:gymvisual:3010,원천·승인 정책과의 정합성을 맞춘 결정적 수정이며 기존 값은 migration에 보존한다.,FIELD_CORRECTION,SOURCE_PROVENANCE_RESOLVED,APPLIED
REX-000131,ez_bar_lying_bent_arms_pullover_isolation_bodyweight,ez_bar_lying_bent_arms_pullover_isolation_ez_bar,equipment_codes,"[""BODYWEIGHT""]","[""EZ_BAR""]","[""BODYWEIGHT""]","[""EZ_BAR""]",ALIAS_PRESERVED,PRESERVED_ACTIVE_HISTORY,REX-000131,integrated_exercise_review_updated.csv:gymvisual:3010,원천·승인 정책과의 정합성을 맞춘 결정적 수정이며 기존 값은 migration에 보존한다.,FIELD_CORRECTION,EQUIPMENT_TAXONOMY_NORMALIZED,APPLIED
REX-000131,ez_bar_lying_bent_arms_pullover_isolation_bodyweight,ez_bar_lying_bent_arms_pullover_isolation_ez_bar,location_codes,"[""HOME"",""GYM""]","[""GYM""]","[""HOME"",""GYM""]","[""GYM""]",ALIAS_PRESERVED,PRESERVED_ACTIVE_HISTORY,REX-000131,integrated_exercise_review_updated.csv:gymvisual:3010,원천·승인 정책과의 정합성을 맞춘 결정적 수정이며 기존 값은 migration에 보존한다.,FIELD_CORRECTION,LOCATION_DERIVED_FROM_LOAD_EQUIPMENT,APPLIED
REX-000131,ez_bar_lying_bent_arms_pullover_isolation_bodyweight,ez_bar_lying_bent_arms_pullover_isolation_ez_bar,stable_code,ez_bar_lying_bent_arms_pullover_isolation_bodyweight,ez_bar_lying_bent_arms_pullover_isolation_ez_bar,ez_bar_lying_bent_arms_pullover_isolation_bodyweight,ez_bar_lying_bent_arms_pullover_isolation_ez_bar,STABLE_CODE_MIGRATION,MIGRATION_REQUIRED_BEFORE_FK_CUTOVER,REX-000131,integrated_exercise_review_updated.csv:gymvisual:3010,원천·승인 정책과의 정합성을 맞춘 결정적 수정이며 기존 값은 migration에 보존한다.,STABLE_CODE_MIGRATION,STABLE_CODE_EQUIPMENT_MIGRATION,APPLIED
REX-000133,dumbbell_rear_delt_row_isolation_dumbbell,dumbbell_rear_delt_row_isolation_dumbbell,source_track,v1,wger,v1,wger,ALIAS_PRESERVED,PRESERVED_ACTIVE_HISTORY,REX-000133,integrated_exercise_review_updated.csv:wger:1227,원천·승인 정책과의 정합성을 맞춘 결정적 수정이며 기존 값은 migration에 보존한다.,FIELD_CORRECTION,SOURCE_PROVENANCE_RESOLVED,APPLIED
REX-000133,dumbbell_rear_delt_row_isolation_dumbbell,dumbbell_rear_delt_row_isolation_dumbbell,source_identity,v1:NEX-000184,1227,v1:NEX-000184,1227,ALIAS_PRESERVED,PRESERVED_ACTIVE_HISTORY,REX-000133,integrated_exercise_review_updated.csv:wger:1227,원천·승인 정책과의 정합성을 맞춘 결정적 수정이며 기존 값은 migration에 보존한다.,FIELD_CORRECTION,SOURCE_PROVENANCE_RESOLVED,APPLIED
REX-000134,incline_chest_supported_dumbbell_row_isolation_dumbbell,incline_chest_supported_dumbbell_row_isolation_dumbbell,source_track,v1,wger,v1,wger,ALIAS_PRESERVED,PRESERVED_ACTIVE_HISTORY,REX-000134,integrated_exercise_review_updated.csv:wger:1283,원천·승인 정책과의 정합성을 맞춘 결정적 수정이며 기존 값은 migration에 보존한다.,FIELD_CORRECTION,SOURCE_PROVENANCE_RESOLVED,APPLIED
REX-000134,incline_chest_supported_dumbbell_row_isolation_dumbbell,incline_chest_supported_dumbbell_row_isolation_dumbbell,source_identity,v1:NEX-000185,1283,v1:NEX-000185,1283,ALIAS_PRESERVED,PRESERVED_ACTIVE_HISTORY,REX-000134,integrated_exercise_review_updated.csv:wger:1283,원천·승인 정책과의 정합성을 맞춘 결정적 수정이며 기존 값은 migration에 보존한다.,FIELD_CORRECTION,SOURCE_PROVENANCE_RESOLVED,APPLIED
REX-000134,incline_chest_supported_dumbbell_row_isolation_dumbbell,incline_chest_supported_dumbbell_row_isolation_dumbbell,display_name_ko,인클라인 체스트 덤벨 로우,인클라인 체스트 서포티드 덤벨 로우,인클라인 체스트 덤벨 로우,인클라인 체스트 서포티드 덤벨 로우,ALIAS_PRESERVED,PRESERVED_ACTIVE_HISTORY,REX-000134,integrated_exercise_review_updated.csv:wger:1283,원천·승인 정책과의 정합성을 맞춘 결정적 수정이며 기존 값은 migration에 보존한다.,FIELD_CORRECTION,REPRESENTATIVE_IDENTITY_LABEL_REFINED,APPLIED
REX-000135,calf_press_using_leg_press_machine_isolation_machine,calf_press_using_leg_press_machine_isolation_machine,source_track,v1,wger,v1,wger,ALIAS_PRESERVED,PRESERVED_ACTIVE_HISTORY,REX-000135,integrated_exercise_review_updated.csv:wger:146,원천·승인 정책과의 정합성을 맞춘 결정적 수정이며 기존 값은 migration에 보존한다.,FIELD_CORRECTION,SOURCE_PROVENANCE_RESOLVED,APPLIED
REX-000135,calf_press_using_leg_press_machine_isolation_machine,calf_press_using_leg_press_machine_isolation_machine,source_identity,v1:NEX-000188,146,v1:NEX-000188,146,ALIAS_PRESERVED,PRESERVED_ACTIVE_HISTORY,REX-000135,integrated_exercise_review_updated.csv:wger:146,원천·승인 정책과의 정합성을 맞춘 결정적 수정이며 기존 값은 migration에 보존한다.,FIELD_CORRECTION,SOURCE_PROVENANCE_RESOLVED,APPLIED
REX-000136,leg_curl_with_elastic_isolation_resistance_band,leg_curl_with_elastic_isolation_resistance_band,source_track,v1,wger,v1,wger,ALIAS_PRESERVED,PRESERVED_ACTIVE_HISTORY,REX-000136,integrated_exercise_review_updated.csv:wger:1603,원천·승인 정책과의 정합성을 맞춘 결정적 수정이며 기존 값은 migration에 보존한다.,FIELD_CORRECTION,SOURCE_PROVENANCE_RESOLVED,APPLIED
REX-000136,leg_curl_with_elastic_isolation_resistance_band,leg_curl_with_elastic_isolation_resistance_band,source_identity,v1:NEX-000191,1603,v1:NEX-000191,1603,ALIAS_PRESERVED,PRESERVED_ACTIVE_HISTORY,REX-000136,integrated_exercise_review_updated.csv:wger:1603,원천·승인 정책과의 정합성을 맞춘 결정적 수정이며 기존 값은 migration에 보존한다.,FIELD_CORRECTION,SOURCE_PROVENANCE_RESOLVED,APPLIED
REX-000137,bulgarian_squat_with_dumbbells_isolation_dumbbell,bulgarian_squat_with_dumbbells_isolation_dumbbell,source_track,v1,wger,v1,wger,ALIAS_PRESERVED,PRESERVED_ACTIVE_HISTORY,REX-000137,integrated_exercise_review_updated.csv:wger:1706,원천·승인 정책과의 정합성을 맞춘 결정적 수정이며 기존 값은 migration에 보존한다.,FIELD_CORRECTION,SOURCE_PROVENANCE_RESOLVED,APPLIED
REX-000137,bulgarian_squat_with_dumbbells_isolation_dumbbell,bulgarian_squat_with_dumbbells_isolation_dumbbell,source_identity,v1:NEX-000195,1706,v1:NEX-000195,1706,ALIAS_PRESERVED,PRESERVED_ACTIVE_HISTORY,REX-000137,integrated_exercise_review_updated.csv:wger:1706,원천·승인 정책과의 정합성을 맞춘 결정적 수정이며 기존 값은 migration에 보존한다.,FIELD_CORRECTION,SOURCE_PROVENANCE_RESOLVED,APPLIED
REX-000137,bulgarian_squat_with_dumbbells_isolation_dumbbell,bulgarian_squat_with_dumbbells_isolation_dumbbell,location_codes,"[""HOME"",""GYM""]","[""GYM""]","[""HOME"",""GYM""]","[""GYM""]",ALIAS_PRESERVED,PRESERVED_ACTIVE_HISTORY,REX-000137,integrated_exercise_review_updated.csv:wger:1706,원천·승인 정책과의 정합성을 맞춘 결정적 수정이며 기존 값은 migration에 보존한다.,FIELD_CORRECTION,LOCATION_DERIVED_FROM_LOAD_EQUIPMENT,APPLIED
REX-000107,cable_russian_twists_on_stability_ball_isolation_stability_ball,,record_status,ACTIVE_CANONICAL,DELETED_FROM_ACTIVE_CATALOG,cable_russian_twists_on_stability_ball_isolation_stability_ball,,CANONICAL_DELETION,REMOVE_FROM_ACTIVE_CATALOG,REX-000107,integrated_exercise_review_updated.csv:gymvisual:0211,원천 난이도가 ADVANCED이고 이번 catalog는 BEGINNER/INTERMEDIATE만 허용하므로 사용자 요청으로 활성 집합에서 삭제했다.,,,
REX-000116,kettlebell_lunge_pass_through_isolation_kettlebell,,record_status,ACTIVE_CANONICAL,DELETED_FROM_ACTIVE_CATALOG,kettlebell_lunge_pass_through_isolation_kettlebell,,CANONICAL_DELETION,REMOVE_FROM_ACTIVE_CATALOG,REX-000116,integrated_exercise_review_updated.csv:gymvisual:0536,원천 난이도가 ADVANCED이고 이번 catalog는 BEGINNER/INTERMEDIATE만 허용하므로 사용자 요청으로 활성 집합에서 삭제했다.,,,
REX-000129,inverse_leg_curl_on_pull_up_cable_machine_isolation_pull_up_bar,,record_status,ACTIVE_CANONICAL,DELETED_FROM_ACTIVE_CATALOG,inverse_leg_curl_on_pull_up_cable_machine_isolation_pull_up_bar,,CANONICAL_DELETION,REMOVE_FROM_ACTIVE_CATALOG,REX-000129,integrated_exercise_review_updated.csv:gymvisual:2400,사용자 요청으로 초보자가 수행하기 어려운 변형을 활성 canonical에서 삭제했다.,,,
REX-000132,standing_leg_curl_with_chair_support_isolation_chair,,record_status,ACTIVE_CANONICAL,DELETED_FROM_ACTIVE_CATALOG,standing_leg_curl_with_chair_support_isolation_chair,,CANONICAL_DELETION,REMOVE_FROM_ACTIVE_CATALOG,REX-000132,integrated_exercise_review_updated.csv:kspo:ddff78f01b0aa7c568bb66781954f5bbb7a7f882745b3490702d63e6467f924e,KSPO 원천은 영상 후보이며 텍스트 단계가 없어 수행 정합성을 확정할 수 없으므로 사용자 요청으로 삭제했다.,,,
