body_focus_code,catalog_version_code,default_rest_seconds,default_seconds_per_rep,default_transition_seconds,default_work_seconds,difficulty_code,difficulty_status,equipment_codes,form_cues_ko,instruction_content_version,instruction_summary_ko,location_codes,name_en,name_ko,primary_body_area_codes,primary_movement_pattern_code,production_eligible,recovery_eligible,representative_exercise_id,review_status_code,secondary_body_area_codes,source_identity,source_track,stable_code,timing_mode_code,training_type_code,canonical_status,canonical_decision_code,canonical_decision_source,canonical_decision_note_ko,v1_exercise_ids,record_type,allowed_experience_level_codes,fitt_template_ids_by_experience,fitt_mapping_exception_code,fitt_mapping_note,mapping_source_exercise_id,review_required
CORE,exercise-catalog-v2.0.2-final,90,,15,30,BEGINNER,APPROVED,['MAT'],"['안내된 시작 자세를 안정적으로 잡는다.', '배 주변에 가볍게 힘을 주고 숨을 쉰다.', '몸통이 흔들리지 않는 범위에서 팔이나 다리를 움직인다.', '천천히 시작 자세로 돌아온다.']",representative-content-v0.1.0,복부 브레이싱 운동은 몸통을 유지하며 몸통 주변에 힘을 쓰는 운동입니다.,['HOME'],누워서 배가로근 수축1,누워서 복부 수축하기,['ABDOMEN'],CORE_BRACE,False,False,REX-000001,DOMAIN_APPROVED,['LOWER_BACK'],9cbed9e85b778b40b4786394c774c081fcfb39e3cf13df612476c9d0bf56c9e7,kspo,abs_core_brace_core_brace_mat,DURATION,STRENGTH,ACTIVE_CANONICAL_RETAINED,RETAINED_CANONICAL,EXISTING_CANONICAL,기존 canonical stable code를 재정렬하지 않고 유지한다.,[],,,,,,,
MOBILITY,exercise-catalog-v2.0.2-final,30,,15,30,INTERMEDIATE,APPROVED,['BODYWEIGHT'],"['편안한 시작 자세를 잡고 주변 공간을 확인한다.', '숨을 고르게 쉬며 안내된 방향으로 천천히 움직인다.', '당김이 느껴지는 범위에서 잠시 멈춘다.', '반동 없이 시작 자세로 천천히 돌아온다.']",representative-content-v0.1.0,네발기기 스쿼트 스트레칭 운동은 무릎·고관절 주변을 천천히 움직이며 범위를 확인하는 스트레칭입니다.,"['HOME', 'GYM']",all fours squad stretch,쿼드러펫 락백,"['KNEE', 'HIP']",MOBILITY_STRETCH,False,True,REX-000002,DOMAIN_APPROVED,['ANKLE_FOOT'],1512,gymvisual,all_fours_squat_stretch_mobility_stretch_bodyweight,DURATION,MOBILITY,ACTIVE_CANONICAL_RETAINED,RETAINED_CANONICAL,EXISTING_CANONICAL,기존 canonical stable code를 재정렬하지 않고 유지한다.,[],,,,,,,
MOBILITY,exercise-catalog-v2.0.2-final,30,,15,30,BEGINNER,APPROVED,['BODYWEIGHT'],"['편안한 시작 자세를 잡고 주변 공간을 확인한다.', '숨을 고르게 쉬며 안내된 방향으로 천천히 움직인다.', '당김이 느껴지는 범위에서 잠시 멈춘다.', '반동 없이 시작 자세로 천천히 돌아온다.']",representative-content-v0.1.0,발목 돌리기 운동은 발목과 발 주변을 천천히 움직이며 범위를 확인하는 스트레칭입니다.,"['HOME', 'GYM']",ankle circles,발목 돌리기,['ANKLE_FOOT'],MOBILITY_STRETCH,False,True,REX-000003,DOMAIN_APPROVED,['KNEE'],1368,gymvisual,ankle_circles_mobility_stretch_bodyweight,DURATION,MOBILITY,ACTIVE_CANONICAL_RETAINED,RETAINED_CANONICAL,EXISTING_CANONICAL,기존 canonical stable code를 재정렬하지 않고 유지한다.,[],,,,,,,
GLUTES,exercise-catalog-v2.0.2-final,90,4,15,,INTERMEDIATE,APPROVED,['BARBELL'],"['발을 편하게 두고 기구나 주변을 안정적으로 준비한다.', '엉덩이를 뒤로 보내며 상체를 천천히 기울인다.', '등과 목을 편안히 두고 엉덩이로 힘을 낸다.', '천천히 시작 자세로 돌아온다.']",representative-content-v0.1.0,데드리프트 운동은 엉덩이를 뒤로 보내며 엉덩이를 사용하는 운동입니다.,['GYM'],barbell deadlift,데드리프트,['HIP'],HIP_DOMINANT,False,False,REX-000004,DOMAIN_APPROVED,"['KNEE', 'LOWER_BACK']",0032,gymvisual,barbell_deadlift_hip_dominant_barbell,REPS,STRENGTH,ACTIVE_CANONICAL_RETAINED,RETAINED_CANONICAL,EXISTING_CANONICAL,기존 canonical stable code를 재정렬하지 않고 유지한다.,[],,,,,,,
SHOULDERS,exercise-catalog-v2.0.2-final,90,4,15,,BEGINNER,APPROVED,['BARBELL'],"['시작 자세와 기구를 안정적으로 준비한다.', '안내된 부위를 중심으로 천천히 움직인다.', '끝 범위에서 힘을 잠시 유지한다.', '반동 없이 시작 자세로 돌아온다.']",representative-content-v0.1.0,프론트 레이즈 운동은 다른 부위의 움직임을 줄이고 어깨를 집중해 사용하는 운동입니다.,['GYM'],barbell front raise,프론트 레이즈,['SHOULDER'],ISOLATION,False,False,REX-000005,DOMAIN_APPROVED,['ELBOW'],0041,gymvisual,barbell_front_raise_isolation_barbell,REPS,STRENGTH,ACTIVE_CANONICAL_RETAINED,RETAINED_CANONICAL,EXISTING_CANONICAL,기존 canonical stable code를 재정렬하지 않고 유지한다.,[],,,,,,,
BACK,exercise-catalog-v2.0.2-final,90,4,15,,INTERMEDIATE,APPROVED,['BARBELL'],"['시작 자세와 기구를 안정적으로 준비한다.', '안내된 부위를 중심으로 천천히 움직인다.', '끝 범위에서 힘을 잠시 유지한다.', '반동 없이 시작 자세로 돌아온다.']",representative-content-v0.1.0,풀오버 운동은 다른 부위의 움직임을 줄이고 등을 집중해 사용하는 운동입니다.,['GYM'],barbell pullover,풀오버,['UPPER_BACK'],ISOLATION,False,False,REX-000006,DOMAIN_APPROVED,"['CHEST', 'ELBOW']",0073,gymvisual,barbell_pullover_isolation_barbell,REPS,STRENGTH,ACTIVE_CANONICAL_RETAINED,RETAINED_CANONICAL,EXISTING_CANONICAL,기존 canonical stable code를 재정렬하지 않고 유지한다.,[],,,,,,,
HAMSTRINGS,exercise-catalog-v2.0.2-final,90,4,15,,INTERMEDIATE,APPROVED,['BARBELL'],"['발을 편하게 두고 기구나 주변을 안정적으로 준비한다.', '엉덩이를 뒤로 보내며 상체를 천천히 기울인다.', '등과 목을 편안히 두고 엉덩이로 힘을 낸다.', '천천히 시작 자세로 돌아온다.']",representative-content-v0.1.0,루마니안 데드리프트 운동은 엉덩이를 뒤로 보내며 허벅지 뒤쪽을 사용하는 운동입니다.,['GYM'],barbell straight leg deadlift,루마니안 데드리프트,['HIP'],HIP_DOMINANT,False,False,REX-000007,DOMAIN_APPROVED,"['KNEE', 'LOWER_BACK']",0116,gymvisual,barbell_straight_leg_deadlift_hip_dominant_barbell,REPS,STRENGTH,ACTIVE_CANONICAL_RETAINED,RETAINED_CANONICAL,EXISTING_CANONICAL,기존 canonical stable code를 재정렬하지 않고 유지한다.,[],,,,,,,
BACK,exercise-catalog-v2.0.2-final,90,4,15,,INTERMEDIATE,APPROVED,['BODYWEIGHT'],"['발을 편하게 두고 기구나 주변을 안정적으로 준비한다.', '엉덩이를 뒤로 보내며 상체를 천천히 기울인다.', '등과 목을 편안히 두고 엉덩이로 힘을 낸다.', '천천히 시작 자세로 돌아온다.']",representative-content-v0.1.0,백 익스텐션 운동은 엉덩이를 뒤로 보내며 등을 사용하는 운동입니다.,"['HOME', 'GYM']",hyperextension,백 익스텐션,['LOWER_BACK'],HIP_DOMINANT,False,False,REX-000008,DOMAIN_APPROVED,"['HIP', 'UPPER_BACK']",0489,gymvisual,bodyweight_back_extension_hip_dominant_bodyweight,REPS,STRENGTH,ACTIVE_CANONICAL_RETAINED,RETAINED_CANONICAL,EXISTING_CANONICAL,기존 canonical stable code를 재정렬하지 않고 유지한다.,[],,,,,,,
CORE,exercise-catalog-v2.0.2-final,90,,15,30,BEGINNER,APPROVED,['BODYWEIGHT'],"['안내된 시작 자세를 안정적으로 잡는다.', '배 주변에 가볍게 힘을 주고 숨을 쉰다.', '몸통이 흔들리지 않는 범위에서 팔이나 다리를 움직인다.', '천천히 시작 자세로 돌아온다.']",representative-content-v0.1.0,크런치 운동은 몸통을 유지하며 몸통 주변에 힘을 쓰는 운동입니다.,"['HOME', 'GYM']",crunch floor,크런치,['ABDOMEN'],CORE_BRACE,False,False,REX-000009,DOMAIN_APPROVED,['LOWER_BACK'],0274,gymvisual,bodyweight_crunch_core_brace_bodyweight,DURATION,STRENGTH,ACTIVE_CANONICAL_RETAINED,RETAINED_CANONICAL,EXISTING_CANONICAL,기존 canonical stable code를 재정렬하지 않고 유지한다.,[],,,,,,,
GLUTES,exercise-catalog-v2.0.2-final,90,4,15,,INTERMEDIATE,APPROVED,['BODYWEIGHT'],"['발을 편하게 벌리고 양발에 무게를 나눈다.', '엉덩이를 뒤로 보내며 무릎을 천천히 굽힌다.', '발바닥을 바닥에 두고 편한 범위까지만 내려간다.', '발로 바닥을 밀며 천천히 시작 자세로 돌아온다.']",representative-content-v0.1.0,포워드 런지 운동은 다리를 굽혔다 펴며 엉덩이를 사용하는 운동입니다.,"['HOME', 'GYM']",forward lunge (male),포워드 런지,"['HIP', 'KNEE']",KNEE_DOMINANT,False,False,REX-000010,DOMAIN_APPROVED,['ANKLE_FOOT'],3470,gymvisual,bodyweight_forward_lunge_knee_dominant_bodyweight,REPS,STRENGTH,ACTIVE_CANONICAL_RETAINED,RETAINED_CANONICAL,EXISTING_CANONICAL,기존 canonical stable code를 재정렬하지 않고 유지한다.,[],,,,,,,
GLUTES,exercise-catalog-v2.0.2-final,90,4,15,,BEGINNER,APPROVED,['BODYWEIGHT'],"['발을 편하게 두고 기구나 주변을 안정적으로 준비한다.', '엉덩이를 뒤로 보내며 상체를 천천히 기울인다.', '등과 목을 편안히 두고 엉덩이로 힘을 낸다.', '천천히 시작 자세로 돌아온다.']",representative-content-v0.1.0,글루트 브리지 운동은 엉덩이를 뒤로 보내며 엉덩이를 사용하는 운동입니다.,"['HOME', 'GYM']",low glute bridge on floor,글루트 브리지,['HIP'],HIP_DOMINANT,False,False,REX-000011,DOMAIN_APPROVED,"['KNEE', 'LOWER_BACK']",3013,gymvisual,bodyweight_glute_bridge_hip_dominant_bodyweight,REPS,STRENGTH,ACTIVE_CANONICAL_RETAINED,RETAINED_CANONICAL,EXISTING_CANONICAL,기존 canonical stable code를 재정렬하지 않고 유지한다.,[],,,,,,,
BICEPS,exercise-catalog-v2.0.2-final,90,4,15,,INTERMEDIATE,APPROVED,"['BODYWEIGHT', 'PULL_UP_BAR']","['손잡이를 안정적으로 잡고 몸을 준비한다.', '어깨를 내린 채 팔꿈치를 아래로 당긴다.', '조절할 수 있는 범위까지만 당긴다.', '팔을 천천히 펴며 시작 위치로 돌아온다.']",representative-content-v0.1.0,풀업 운동은 팔꿈치를 아래로 당기며 팔 앞쪽을 사용하는 운동입니다.,"['HOME', 'GYM']",biceps pull-up,풀업,['ELBOW'],VERTICAL_PULL,False,False,REX-000012,DOMAIN_APPROVED,"['UPPER_BACK', 'WRIST_HAND']",0140,gymvisual,bodyweight_pull_up_biceps_vertical_pull_bodyweight_pull_up_bar,REPS,STRENGTH,ACTIVE_CANONICAL_RETAINED,RETAINED_CANONICAL,EXISTING_CANONICAL,기존 canonical stable code를 재정렬하지 않고 유지한다.,[],,,,,,,
CORE,exercise-catalog-v2.0.2-final,90,,15,30,BEGINNER,APPROVED,['BODYWEIGHT'],"['안내된 시작 자세를 안정적으로 잡는다.', '배 주변에 가볍게 힘을 주고 숨을 쉰다.', '몸통이 흔들리지 않는 범위에서 팔이나 다리를 움직인다.', '천천히 시작 자세로 돌아온다.']",representative-content-v0.1.0,리버스 크런치 운동은 몸통을 유지하며 몸통 주변에 힘을 쓰는 운동입니다.,"['HOME', 'GYM']",reverse crunch,리버스 크런치,['ABDOMEN'],CORE_BRACE,False,False,REX-000013,DOMAIN_APPROVED,['LOWER_BACK'],0872,gymvisual,bodyweight_reverse_crunch_core_brace_bodyweight,DURATION,STRENGTH,ACTIVE_CANONICAL_RETAINED,RETAINED_CANONICAL,EXISTING_CANONICAL,기존 canonical stable code를 재정렬하지 않고 유지한다.,[],,,,,,,
CORE,exercise-catalog-v2.0.2-final,90,,15,30,INTERMEDIATE,APPROVED,['BODYWEIGHT'],"['안내된 시작 자세를 안정적으로 잡는다.', '배 주변에 가볍게 힘을 주고 숨을 쉰다.', '몸통이 흔들리지 않는 범위에서 팔이나 다리를 움직인다.', '천천히 시작 자세로 돌아온다.']",representative-content-v0.1.0,러시안 트위스트 운동은 몸통을 유지하며 몸통 주변에 힘을 쓰는 운동입니다.,"['HOME', 'GYM']",russian twist,러시안 트위스트,['ABDOMEN'],CORE_BRACE,False,False,REX-000014,DOMAIN_APPROVED,['LOWER_BACK'],0687,gymvisual,bodyweight_russian_twist_core_brace_bodyweight,DURATION,STRENGTH,ACTIVE_CANONICAL_RETAINED,RETAINED_CANONICAL,EXISTING_CANONICAL,기존 canonical stable code를 재정렬하지 않고 유지한다.,[],,,,,,,
QUADRICEPS,exercise-catalog-v2.0.2-final,90,4,15,,INTERMEDIATE,APPROVED,['BODYWEIGHT'],"['발을 편하게 벌리고 양발에 무게를 나눈다.', '엉덩이를 뒤로 보내며 무릎을 천천히 굽힌다.', '발바닥을 바닥에 두고 편한 범위까지만 내려간다.', '발로 바닥을 밀며 천천히 시작 자세로 돌아온다.']",representative-content-v0.1.0,스플릿 스쿼트 운동은 다리를 굽혔다 펴며 허벅지 앞쪽을 사용하는 운동입니다.,"['HOME', 'GYM']",split squats,스플릿 스쿼트,"['KNEE', 'HIP']",KNEE_DOMINANT,False,False,REX-000015,DOMAIN_APPROVED,['ANKLE_FOOT'],2368,gymvisual,bodyweight_split_squat_knee_dominant_bodyweight,REPS,STRENGTH,ACTIVE_CANONICAL_RETAINED,RETAINED_CANONICAL,EXISTING_CANONICAL,기존 canonical stable code를 재정렬하지 않고 유지한다.,[],,,,,,,
CALVES,exercise-catalog-v2.0.2-final,90,4,15,,BEGINNER,APPROVED,['BODYWEIGHT'],"['시작 자세와 기구를 안정적으로 준비한다.', '안내된 부위를 중심으로 천천히 움직인다.', '끝 범위에서 힘을 잠시 유지한다.', '반동 없이 시작 자세로 돌아온다.']",representative-content-v0.1.0,스탠딩 카프 레이즈 운동은 다른 부위의 움직임을 줄이고 종아리를 집중해 사용하는 운동입니다.,"['HOME', 'GYM']",bodyweight standing calf raise,스탠딩 카프 레이즈,['ANKLE_FOOT'],ISOLATION,False,False,REX-000016,DOMAIN_APPROVED,['KNEE'],1373,gymvisual,bodyweight_standing_calf_raise_isolation_bodyweight,REPS,STRENGTH,ACTIVE_CANONICAL_RETAINED,RETAINED_CANONICAL,EXISTING_CANONICAL,기존 canonical stable code를 재정렬하지 않고 유지한다.,[],,,,,,,
MOBILITY,exercise-catalog-v2.0.2-final,30,,15,30,BEGINNER,APPROVED,['BODYWEIGHT'],"['편안한 시작 자세를 잡고 주변 공간을 확인한다.', '숨을 고르게 쉬며 안내된 방향으로 천천히 움직인다.', '당김이 느껴지는 범위에서 잠시 멈춘다.', '반동 없이 시작 자세로 천천히 돌아온다.']",representative-content-v0.1.0,버터플라이 스트레칭 운동은 고관절 주변을 천천히 움직이며 범위를 확인하는 스트레칭입니다.,"['HOME', 'GYM']",butterfly yoga pose,버터플라이 스트레칭,['HIP'],MOBILITY_STRETCH,False,True,REX-000017,DOMAIN_APPROVED,['KNEE'],1494,gymvisual,butterfly_adductor_stretch_mobility_stretch_bodyweight,DURATION,MOBILITY,ACTIVE_CANONICAL_RETAINED,RETAINED_CANONICAL,EXISTING_CANONICAL,기존 canonical stable code를 재정렬하지 않고 유지한다.,[],,,,,,,
CHEST,exercise-catalog-v2.0.2-final,90,4,15,,BEGINNER,APPROVED,['CABLE_MACHINE'],"['시작 자세와 기구를 안정적으로 준비한다.', '안내된 부위를 중심으로 천천히 움직인다.', '끝 범위에서 힘을 잠시 유지한다.', '반동 없이 시작 자세로 돌아온다.']",representative-content-v0.1.0,케이블 플라이 운동은 다른 부위의 움직임을 줄이고 가슴을 집중해 사용하는 운동입니다.,['GYM'],cable standing fly,케이블 플라이,['CHEST'],ISOLATION,False,False,REX-000018,DOMAIN_APPROVED,['SHOULDER'],0227,gymvisual,cable_fly_isolation_cable_machine,REPS,STRENGTH,ACTIVE_CANONICAL_RETAINED,RETAINED_CANONICAL,EXISTING_CANONICAL,기존 canonical stable code를 재정렬하지 않고 유지한다.,[],,,,,,,
TRICEPS,exercise-catalog-v2.0.2-final,90,4,15,,BEGINNER,APPROVED,['CABLE_MACHINE'],"['시작 자세와 기구를 안정적으로 준비한다.', '안내된 부위를 중심으로 천천히 움직인다.', '끝 범위에서 힘을 잠시 유지한다.', '반동 없이 시작 자세로 돌아온다.']",representative-content-v0.1.0,케이블 트라이셉스 푸시다운 운동은 다른 부위의 움직임을 줄이고 팔 뒤쪽을 집중해 사용하는 운동입니다.,['GYM'],cable pushdown,케이블 트라이셉스 푸시다운,['ELBOW'],ISOLATION,False,False,REX-000019,DOMAIN_APPROVED,['SHOULDER'],0201,gymvisual,cable_triceps_pushdown_isolation_cable_machine,REPS,STRENGTH,ACTIVE_CANONICAL_RETAINED,RETAINED_CANONICAL,EXISTING_CANONICAL,기존 canonical stable code를 재정렬하지 않고 유지한다.,[],,,,,,,
MOBILITY,exercise-catalog-v2.0.2-final,30,,15,30,BEGINNER,APPROVED,['BODYWEIGHT'],"['편안한 시작 자세를 잡고 주변 공간을 확인한다.', '숨을 고르게 쉬며 안내된 방향으로 천천히 움직인다.', '당김이 느껴지는 범위에서 잠시 멈춘다.', '반동 없이 시작 자세로 천천히 돌아온다.']",representative-content-v0.1.0,의자 다리 스트레칭 운동은 무릎 주변을 천천히 움직이며 범위를 확인하는 스트레칭입니다.,"['HOME', 'GYM']",chair leg extended stretch,시티드 레그 익스텐션 스트레칭,['KNEE'],MOBILITY_STRETCH,False,True,REX-000020,DOMAIN_APPROVED,['HIP'],1548,gymvisual,chair_leg_extended_stretch_mobility_stretch_bodyweight,DURATION,MOBILITY,ACTIVE_CANONICAL_RETAINED,RETAINED_CANONICAL,EXISTING_CANONICAL,기존 canonical stable code를 재정렬하지 않고 유지한다.,[],,,,,,,
MOBILITY,exercise-catalog-v2.0.2-final,30,,15,30,BEGINNER,APPROVED,['BODYWEIGHT'],"['편안한 시작 자세를 잡고 주변 공간을 확인한다.', '숨을 고르게 쉬며 안내된 방향으로 천천히 움직인다.', '당김이 느껴지는 범위에서 잠시 멈춘다.', '반동 없이 시작 자세로 천천히 돌아온다.']",representative-content-v0.1.0,가슴·어깨 앞면 스트레칭 운동은 가슴·어깨 주변을 천천히 움직이며 범위를 확인하는 스트레칭입니다.,"['HOME', 'GYM']",chest and front of shoulder stretch,가슴·어깨 앞면 스트레칭,"['CHEST', 'SHOULDER']",MOBILITY_STRETCH,False,True,REX-000021,DOMAIN_APPROVED,['UPPER_BACK'],1271,gymvisual,chest_front_shoulder_stretch_mobility_stretch_bodyweight,DURATION,MOBILITY,ACTIVE_CANONICAL_RETAINED,RETAINED_CANONICAL,EXISTING_CANONICAL,기존 canonical stable code를 재정렬하지 않고 유지한다.,[],,,,,,,
TRICEPS,exercise-catalog-v2.0.2-final,90,4,15,,BEGINNER,APPROVED,['BODYWEIGHT'],"['손과 발 또는 기구를 안정적으로 준비한다.', '어깨가 으쓱하지 않게 팔을 천천히 밀어낸다.', '팔꿈치를 조절할 수 있는 범위에서 굽힌다.', '천천히 처음 위치로 돌아온다.']",representative-content-v0.1.0,클로즈 그립 푸시업 운동은 팔을 앞으로 밀어 팔 뒤쪽을 사용하는 운동입니다.,"['HOME', 'GYM']",close-grip push-up,클로즈 그립 푸시업,"['ELBOW', 'CHEST']",HORIZONTAL_PUSH,False,False,REX-000022,DOMAIN_APPROVED,"['SHOULDER', 'ABDOMEN']",0259,gymvisual,close_grip_push_up_horizontal_push_bodyweight,REPS,STRENGTH,ACTIVE_CANONICAL_RETAINED,RETAINED_CANONICAL,EXISTING_CANONICAL,기존 canonical stable code를 재정렬하지 않고 유지한다.,[],,,,,,,
CORE,exercise-catalog-v2.0.2-final,90,,15,30,BEGINNER,APPROVED,['BODYWEIGHT'],"['안내된 시작 자세를 안정적으로 잡는다.', '배 주변에 가볍게 힘을 주고 숨을 쉰다.', '몸통이 흔들리지 않는 범위에서 팔이나 다리를 움직인다.', '천천히 시작 자세로 돌아온다.']",representative-content-v0.1.0,사이드 크런치 운동은 몸통을 유지하며 몸통 주변에 힘을 쓰는 운동입니다.,"['HOME', 'GYM']",seated side crunch (wall),사이드 크런치,['ABDOMEN'],CORE_BRACE,False,False,REX-000023,DOMAIN_APPROVED,['LOWER_BACK'],0691,gymvisual,crunch_variant_core_brace_bodyweight,DURATION,STRENGTH,ACTIVE_CANONICAL_RETAINED,RETAINED_CANONICAL,EXISTING_CANONICAL,기존 canonical stable code를 재정렬하지 않고 유지한다.,[],,,,,,,
CORE,exercise-catalog-v2.0.2-final,90,,15,30,BEGINNER,APPROVED,['BODYWEIGHT'],"['안내된 시작 자세를 안정적으로 잡는다.', '배 주변에 가볍게 힘을 주고 숨을 쉰다.', '몸통이 흔들리지 않는 범위에서 팔이나 다리를 움직인다.', '천천히 시작 자세로 돌아온다.']",representative-content-v0.1.0,데드버그 운동은 몸통을 유지하며 몸통 주변에 힘을 쓰는 운동입니다.,"['HOME', 'GYM']",dead bug,데드버그,['ABDOMEN'],CORE_BRACE,False,False,REX-000024,DOMAIN_APPROVED,['LOWER_BACK'],0276,gymvisual,dead_bug_core_brace_bodyweight,DURATION,STRENGTH,ACTIVE_CANONICAL_RETAINED,RETAINED_CANONICAL,EXISTING_CANONICAL,기존 canonical stable code를 재정렬하지 않고 유지한다.,[],,,,,,,
QUADRICEPS,exercise-catalog-v2.0.2-final,90,4,15,,BEGINNER,APPROVED,['DUMBBELL'],"['발을 편하게 벌리고 양발에 무게를 나눈다.', '엉덩이를 뒤로 보내며 무릎을 천천히 굽힌다.', '발바닥을 바닥에 두고 편한 범위까지만 내려간다.', '발로 바닥을 밀며 천천히 시작 자세로 돌아온다.']",representative-content-v0.1.0,고블릿 스쿼트 운동은 다리를 굽혔다 펴며 허벅지 앞쪽을 사용하는 운동입니다.,"['HOME', 'GYM']",dumbbell goblet squat,고블릿 스쿼트,"['KNEE', 'HIP']",KNEE_DOMINANT,False,False,REX-000025,DOMAIN_APPROVED,['ANKLE_FOOT'],1760,gymvisual,dumbbell_goblet_squat_knee_dominant_dumbbell,REPS,STRENGTH,ACTIVE_CANONICAL_RETAINED,RETAINED_CANONICAL,EXISTING_CANONICAL,기존 canonical stable code를 재정렬하지 않고 유지한다.,[],,,,,,,
SHOULDERS,exercise-catalog-v2.0.2-final,90,4,15,,BEGINNER,APPROVED,['DUMBBELL'],"['시작 자세와 기구를 안정적으로 준비한다.', '안내된 부위를 중심으로 천천히 움직인다.', '끝 범위에서 힘을 잠시 유지한다.', '반동 없이 시작 자세로 돌아온다.']",representative-content-v0.1.0,레터럴 레이즈 운동은 다른 부위의 움직임을 줄이고 어깨를 집중해 사용하는 운동입니다.,"['HOME', 'GYM']",dumbbell lateral raise,레터럴 레이즈,['SHOULDER'],ISOLATION,False,False,REX-000026,DOMAIN_APPROVED,['ELBOW'],0334,gymvisual,dumbbell_lateral_raise_isolation_dumbbell,REPS,STRENGTH,ACTIVE_CANONICAL_RETAINED,RETAINED_CANONICAL,EXISTING_CANONICAL,기존 canonical stable code를 재정렬하지 않고 유지한다.,[],,,,,,,
BICEPS,exercise-catalog-v2.0.2-final,90,4,15,,BEGINNER,APPROVED,['DUMBBELL'],"['시작 자세와 기구를 안정적으로 준비한다.', '안내된 부위를 중심으로 천천히 움직인다.', '끝 범위에서 힘을 잠시 유지한다.', '반동 없이 시작 자세로 돌아온다.']",representative-content-v0.1.0,프리처 컬 운동은 다른 부위의 움직임을 줄이고 팔 앞쪽을 집중해 사용하는 운동입니다.,"['HOME', 'GYM']",dumbbell preacher curl,프리처 컬,['ELBOW'],ISOLATION,False,False,REX-000027,DOMAIN_APPROVED,['WRIST_HAND'],0372,gymvisual,dumbbell_preacher_curl_isolation_dumbbell,REPS,STRENGTH,ACTIVE_CANONICAL_RETAINED,RETAINED_CANONICAL,EXISTING_CANONICAL,기존 canonical stable code를 재정렬하지 않고 유지한다.,[],,,,,,,
SHOULDERS,exercise-catalog-v2.0.2-final,90,4,15,,BEGINNER,APPROVED,['DUMBBELL'],"['시작 자세와 기구를 안정적으로 준비한다.', '안내된 부위를 중심으로 천천히 움직인다.', '끝 범위에서 힘을 잠시 유지한다.', '반동 없이 시작 자세로 돌아온다.']",representative-content-v0.1.0,리어 델트 플라이 운동은 다른 부위의 움직임을 줄이고 어깨를 집중해 사용하는 운동입니다.,"['HOME', 'GYM']",dumbbell rear fly,리어 델트 플라이,['SHOULDER'],ISOLATION,False,False,REX-000028,DOMAIN_APPROVED,['UPPER_BACK'],0378,gymvisual,dumbbell_rear_fly_isolation_dumbbell,REPS,STRENGTH,ACTIVE_CANONICAL_RETAINED,RETAINED_CANONICAL,EXISTING_CANONICAL,기존 canonical stable code를 재정렬하지 않고 유지한다.,[],,,,,,,
BACK,exercise-catalog-v2.0.2-final,90,4,15,,BEGINNER,APPROVED,['DUMBBELL'],"['시작 자세와 기구를 안정적으로 준비한다.', '안내된 부위를 중심으로 천천히 움직인다.', '끝 범위에서 힘을 잠시 유지한다.', '반동 없이 시작 자세로 돌아온다.']",representative-content-v0.1.0,슈러그 운동은 다른 부위의 움직임을 줄이고 등을 집중해 사용하는 운동입니다.,"['HOME', 'GYM']",dumbbell shrug,슈러그,['UPPER_BACK'],ISOLATION,False,False,REX-000029,DOMAIN_APPROVED,['SHOULDER'],0406,gymvisual,dumbbell_shrug_isolation_dumbbell,REPS,STRENGTH,ACTIVE_CANONICAL_RETAINED,RETAINED_CANONICAL,EXISTING_CANONICAL,기존 canonical stable code를 재정렬하지 않고 유지한다.,[],,,,,,,
BICEPS,exercise-catalog-v2.0.2-final,90,4,15,,BEGINNER,APPROVED,['DUMBBELL'],"['시작 자세와 기구를 안정적으로 준비한다.', '안내된 부위를 중심으로 천천히 움직인다.', '끝 범위에서 힘을 잠시 유지한다.', '반동 없이 시작 자세로 돌아온다.']",representative-content-v0.1.0,덤벨 바이셉스 컬 운동은 다른 부위의 움직임을 줄이고 팔 앞쪽을 집중해 사용하는 운동입니다.,"['HOME', 'GYM']",dumbbell standing biceps curl,덤벨 바이셉스 컬,['ELBOW'],ISOLATION,False,False,REX-000030,DOMAIN_APPROVED,['WRIST_HAND'],0416,gymvisual,dumbbell_standing_curl_isolation_dumbbell,REPS,STRENGTH,ACTIVE_CANONICAL_RETAINED,RETAINED_CANONICAL,EXISTING_CANONICAL,기존 canonical stable code를 재정렬하지 않고 유지한다.,[],,,,,,,
QUADRICEPS,exercise-catalog-v2.0.2-final,90,4,15,,INTERMEDIATE,APPROVED,"['DUMBBELL', 'STEP_BOX']","['발을 편하게 벌리고 양발에 무게를 나눈다.', '엉덩이를 뒤로 보내며 무릎을 천천히 굽힌다.', '발바닥을 바닥에 두고 편한 범위까지만 내려간다.', '발로 바닥을 밀며 천천히 시작 자세로 돌아온다.']",representative-content-v0.1.0,덤벨 스텝업 런지 운동은 다리를 굽혔다 펴며 허벅지 앞쪽을 사용하는 운동입니다.,"['HOME', 'GYM']",dumbbell step-up lunge,덤벨 스텝업 런지,"['KNEE', 'HIP']",KNEE_DOMINANT,False,False,REX-000031,DOMAIN_APPROVED,['ANKLE_FOOT'],2796,gymvisual,dumbbell_step_up_lunge_knee_dominant_dumbbell_step_box,REPS,STRENGTH,ACTIVE_CANONICAL_RETAINED,RETAINED_CANONICAL,EXISTING_CANONICAL,기존 canonical stable code를 재정렬하지 않고 유지한다.,[],,,,,,,
MOBILITY,exercise-catalog-v2.0.2-final,30,,15,30,BEGINNER,APPROVED,['BODYWEIGHT'],"['편안한 시작 자세를 잡고 주변 공간을 확인한다.', '숨을 고르게 쉬며 안내된 방향으로 천천히 움직인다.', '당김이 느껴지는 범위에서 잠시 멈춘다.', '반동 없이 시작 자세로 천천히 돌아온다.']",representative-content-v0.1.0,다이내믹 가슴 스트레칭 운동은 가슴 주변을 천천히 움직이며 범위를 확인하는 스트레칭입니다.,"['HOME', 'GYM']",dynamic chest stretch (male),다이내믹 가슴 스트레칭,['CHEST'],MOBILITY_STRETCH,False,True,REX-000032,DOMAIN_APPROVED,"['SHOULDER', 'UPPER_BACK']",1167,gymvisual,dynamic_chest_stretch_mobility_stretch_bodyweight,DURATION,MOBILITY,ACTIVE_CANONICAL_RETAINED,RETAINED_CANONICAL,EXISTING_CANONICAL,기존 canonical stable code를 재정렬하지 않고 유지한다.,[],,,,,,,
MOBILITY,exercise-catalog-v2.0.2-final,30,,15,30,INTERMEDIATE,APPROVED,['STABILITY_BALL'],"['편안한 시작 자세를 잡고 주변 공간을 확인한다.', '숨을 고르게 쉬며 안내된 방향으로 천천히 움직인다.', '당김이 느껴지는 범위에서 잠시 멈춘다.', '반동 없이 시작 자세로 천천히 돌아온다.']",representative-content-v0.1.0,짐볼 고관절 굴근 스트레칭 운동은 고관절 주변을 천천히 움직이며 범위를 확인하는 스트레칭입니다.,"['HOME', 'GYM']",exercise ball hip flexor stretch,짐볼 고관절 스트레칭,['HIP'],MOBILITY_STRETCH,False,True,REX-000033,DOMAIN_APPROVED,['LOWER_BACK'],1559,gymvisual,exercise_ball_hip_flexor_stretch_mobility_stretch_stability_ball,DURATION,MOBILITY,ACTIVE_CANONICAL_RETAINED,RETAINED_CANONICAL,EXISTING_CANONICAL,기존 canonical stable code를 재정렬하지 않고 유지한다.,[],,,,,,,
MOBILITY,exercise-catalog-v2.0.2-final,30,,15,30,BEGINNER,APPROVED,['BODYWEIGHT'],"['편안한 시작 자세를 잡고 주변 공간을 확인한다.', '숨을 고르게 쉬며 안내된 방향으로 천천히 움직인다.', '당김이 느껴지는 범위에서 잠시 멈춘다.', '반동 없이 시작 자세로 천천히 돌아온다.']",representative-content-v0.1.0,햄스트링 스트레칭 운동은 무릎 주변을 천천히 움직이며 범위를 확인하는 스트레칭입니다.,"['HOME', 'GYM']",hamstring stretch,햄스트링 스트레칭,['KNEE'],MOBILITY_STRETCH,False,True,REX-000034,DOMAIN_APPROVED,['HIP'],1511,gymvisual,hamstring_stretch_mobility_stretch_bodyweight,DURATION,MOBILITY,ACTIVE_CANONICAL_RETAINED,RETAINED_CANONICAL,EXISTING_CANONICAL,기존 canonical stable code를 재정렬하지 않고 유지한다.,['NEX-000135'],,,,,,,
FOREARMS,exercise-catalog-v2.0.2-final,90,4,15,,BEGINNER,APPROVED,['HOUSEHOLD_WEIGHT'],"['시작 자세와 기구를 안정적으로 준비한다.', '안내된 부위를 중심으로 천천히 움직인다.', '끝 범위에서 힘을 잠시 유지한다.', '반동 없이 시작 자세로 돌아온다.']",representative-content-v0.1.0,손 악력 쥐기 운동은 다른 부위의 움직임을 줄이고 팔뚝을 집중해 사용하는 운동입니다.,"['HOME', 'GYM']",weighted standing hand squeeze,손 악력 쥐기,['WRIST_HAND'],ISOLATION,False,False,REX-000035,DOMAIN_APPROVED,['ELBOW'],0854,gymvisual,hand_grip_squeeze_isolation_household_weight,REPS,STRENGTH,ACTIVE_CANONICAL_RETAINED,RETAINED_CANONICAL,EXISTING_CANONICAL,기존 canonical stable code를 재정렬하지 않고 유지한다.,[],,,,,,,
MOBILITY,exercise-catalog-v2.0.2-final,30,,15,30,INTERMEDIATE,APPROVED,['STRETCH_STRAP'],"['편안한 시작 자세를 잡고 주변 공간을 확인한다.', '숨을 고르게 쉬며 안내된 방향으로 천천히 움직인다.', '당김이 느껴지는 범위에서 잠시 멈춘다.', '반동 없이 시작 자세로 천천히 돌아온다.']",representative-content-v0.1.0,고관절 굴근·대퇴사두근 스트레칭 운동은 무릎 주변을 천천히 움직이며 범위를 확인하는 스트레칭입니다.,"['HOME', 'GYM']",intermediate hip flexor and quad stretch,고관절 굴근·대퇴사두근 스트레칭,['KNEE'],MOBILITY_STRETCH,False,True,REX-000036,DOMAIN_APPROVED,['HIP'],1564,gymvisual,hip_flexor_quadriceps_stretch_mobility_stretch_stretch_strap,DURATION,MOBILITY,ACTIVE_CANONICAL_RETAINED,RETAINED_CANONICAL,EXISTING_CANONICAL,기존 canonical stable code를 재정렬하지 않고 유지한다.,[],,,,,,,
BACK,exercise-catalog-v2.0.2-final,90,4,15,,INTERMEDIATE,APPROVED,['DUMBBELL'],"['시작 자세와 기구를 안정적으로 준비한다.', '안내된 부위를 중심으로 천천히 움직인다.', '끝 범위에서 힘을 잠시 유지한다.', '반동 없이 시작 자세로 돌아온다.']",representative-content-v0.1.0,인클라인 Y 레이즈 운동은 다른 부위의 움직임을 줄이고 등을 집중해 사용하는 운동입니다.,"['HOME', 'GYM']",dumbbell incline y-raise,인클라인 Y 레이즈,['UPPER_BACK'],ISOLATION,False,False,REX-000037,DOMAIN_APPROVED,"['SHOULDER', 'ELBOW']",3541,gymvisual,incline_y_raise_isolation_dumbbell,REPS,STRENGTH,ACTIVE_CANONICAL_RETAINED,RETAINED_CANONICAL,EXISTING_CANONICAL,기존 canonical stable code를 재정렬하지 않고 유지한다.,[],,,,,,,
BACK,exercise-catalog-v2.0.2-final,90,4,15,,INTERMEDIATE,APPROVED,['BODYWEIGHT'],"['가슴을 편안히 열고 손잡이나 기구를 잡는다.', '어깨를 끌어올리지 않고 팔꿈치를 뒤로 보낸다.', '손잡이를 몸 가까이 가져온 뒤 잠시 멈춘다.', '팔을 천천히 펴며 처음 위치로 돌아온다.']",representative-content-v0.1.0,인버티드 로우 운동은 팔꿈치를 뒤로 보내며 등을 사용하는 운동입니다.,"['HOME', 'GYM']",inverted row,인버티드 로우,['UPPER_BACK'],HORIZONTAL_PULL,False,False,REX-000038,DOMAIN_APPROVED,"['ELBOW', 'SHOULDER']",0499,gymvisual,inverted_row_horizontal_pull_bodyweight,REPS,STRENGTH,ACTIVE_CANONICAL_RETAINED,RETAINED_CANONICAL,EXISTING_CANONICAL,기존 canonical stable code를 재정렬하지 않고 유지한다.,[],,,,,,,
MOBILITY,exercise-catalog-v2.0.2-final,30,,15,30,BEGINNER,APPROVED,['BODYWEIGHT'],"['편안한 시작 자세를 잡고 주변 공간을 확인한다.', '숨을 고르게 쉬며 안내된 방향으로 천천히 움직인다.', '당김이 느껴지는 범위에서 잠시 멈춘다.', '반동 없이 시작 자세로 천천히 돌아온다.']",representative-content-v0.1.0,무릎 꿇고 광배근 스트레칭 운동은 상부 등 주변을 천천히 움직이며 범위를 확인하는 스트레칭입니다.,"['HOME', 'GYM']",kneeling lat stretch,무릎 꿇고 광배근 스트레칭,['UPPER_BACK'],MOBILITY_STRETCH,False,True,REX-000039,DOMAIN_APPROVED,"['SHOULDER', 'CHEST']",1346,gymvisual,kneeling_lat_stretch_mobility_stretch_bodyweight,DURATION,MOBILITY,ACTIVE_CANONICAL_RETAINED,RETAINED_CANONICAL,EXISTING_CANONICAL,기존 canonical stable code를 재정렬하지 않고 유지한다.,[],,,,,,,
BACK,exercise-catalog-v2.0.2-final,90,4,15,,BEGINNER,APPROVED,['CABLE_MACHINE'],"['손잡이를 안정적으로 잡고 몸을 준비한다.', '어깨를 내린 채 팔꿈치를 아래로 당긴다.', '조절할 수 있는 범위까지만 당긴다.', '팔을 천천히 펴며 시작 위치로 돌아온다.']",representative-content-v0.1.0,랫풀다운 운동은 팔꿈치를 아래로 당기며 등을 사용하는 운동입니다.,['GYM'],cable pulldown,랫풀다운,['UPPER_BACK'],VERTICAL_PULL,False,False,REX-000040,DOMAIN_APPROVED,"['ELBOW', 'SHOULDER']",0198,gymvisual,lat_pulldown_vertical_pull_cable_machine,REPS,STRENGTH,ACTIVE_CANONICAL_RETAINED,RETAINED_CANONICAL,EXISTING_CANONICAL,기존 canonical stable code를 재정렬하지 않고 유지한다.,[],,,,,,,
QUADRICEPS,exercise-catalog-v2.0.2-final,90,4,15,,BEGINNER,APPROVED,['MACHINE'],"['발을 편하게 벌리고 양발에 무게를 나눈다.', '엉덩이를 뒤로 보내며 무릎을 천천히 굽힌다.', '발바닥을 바닥에 두고 편한 범위까지만 내려간다.', '발로 바닥을 밀며 천천히 시작 자세로 돌아온다.']",representative-content-v0.1.0,레그 프레스 운동은 다리를 굽혔다 펴며 허벅지 앞쪽을 사용하는 운동입니다.,['GYM'],Leg Press,레그 프레스,"['KNEE', 'HIP']",KNEE_DOMINANT,False,False,REX-000041,DOMAIN_APPROVED,['ANKLE_FOOT'],371,wger,leg_press_knee_dominant_machine,REPS,STRENGTH,ACTIVE_CANONICAL_RETAINED,RETAINED_CANONICAL,EXISTING_CANONICAL,기존 canonical stable code를 재정렬하지 않고 유지한다.,[],,,,,,,
BACK,exercise-catalog-v2.0.2-final,90,,15,30,INTERMEDIATE,APPROVED,['BODYWEIGHT'],"['안내된 시작 자세를 안정적으로 잡는다.', '배 주변에 가볍게 힘을 주고 숨을 쉰다.', '몸통이 흔들리지 않는 범위에서 팔이나 다리를 움직인다.', '천천히 시작 자세로 돌아온다.']",representative-content-v0.1.0,로어 백 컬 운동은 몸통을 유지하며 등에 힘을 쓰는 운동입니다.,"['HOME', 'GYM']",lower back curl,로어 백 컬,['LOWER_BACK'],CORE_BRACE,False,False,REX-000043,DOMAIN_APPROVED,['UPPER_BACK'],1352,gymvisual,lower_back_curl_core_brace_bodyweight,DURATION,STRENGTH,ACTIVE_CANONICAL_RETAINED,RETAINED_CANONICAL,EXISTING_CANONICAL,기존 canonical stable code를 재정렬하지 않고 유지한다.,[],,,,,,,
QUADRICEPS,exercise-catalog-v2.0.2-final,90,4,15,,BEGINNER,APPROVED,['MACHINE'],"['시작 자세와 기구를 안정적으로 준비한다.', '안내된 부위를 중심으로 천천히 움직인다.', '끝 범위에서 힘을 잠시 유지한다.', '반동 없이 시작 자세로 돌아온다.']",representative-content-v0.1.0,레그 익스텐션 운동은 다른 부위의 움직임을 줄이고 허벅지 앞쪽을 집중해 사용하는 운동입니다.,['GYM'],lever leg extension,레그 익스텐션,['KNEE'],ISOLATION,False,False,REX-000044,DOMAIN_APPROVED,['HIP'],0585,gymvisual,machine_leg_extension_isolation_machine,REPS,STRENGTH,ACTIVE_CANONICAL_RETAINED,RETAINED_CANONICAL,EXISTING_CANONICAL,기존 canonical stable code를 재정렬하지 않고 유지한다.,[],,,,,,,
MOBILITY,exercise-catalog-v2.0.2-final,30,,15,30,BEGINNER,APPROVED,['BODYWEIGHT'],"['편안한 시작 자세를 잡고 주변 공간을 확인한다.', '숨을 고르게 쉬며 안내된 방향으로 천천히 움직인다.', '당김이 느껴지는 범위에서 잠시 멈춘다.', '반동 없이 시작 자세로 천천히 돌아온다.']",representative-content-v0.1.0,목 옆면 스트레칭 운동은 목 주변을 천천히 움직이며 범위를 확인하는 스트레칭입니다.,"['HOME', 'GYM']",neck side stretch,목 옆면 스트레칭,['NECK'],MOBILITY_STRETCH,False,True,REX-000045,DOMAIN_APPROVED,['SHOULDER'],1403,gymvisual,neck_lateral_stretch_mobility_stretch_bodyweight,DURATION,MOBILITY,ACTIVE_CANONICAL_RETAINED,RETAINED_CANONICAL,EXISTING_CANONICAL,기존 canonical stable code를 재정렬하지 않고 유지한다.,[],,,,,,,
BACK,exercise-catalog-v2.0.2-final,90,4,15,,BEGINNER,APPROVED,['BODYWEIGHT'],"['시작 자세와 기구를 안정적으로 준비한다.', '안내된 부위를 중심으로 천천히 움직인다.', '끝 범위에서 힘을 잠시 유지한다.', '반동 없이 시작 자세로 돌아온다.']",representative-content-v0.1.0,벽 짚고 한 팔 광배근 스트레칭 운동은 다른 부위의 움직임을 줄이고 등을 집중해 사용하는 운동입니다.,"['HOME', 'GYM']",one arm against wall,벽 짚고 한 팔 광배근 스트레칭,['UPPER_BACK'],ISOLATION,False,False,REX-000046,DOMAIN_APPROVED,"['SHOULDER', 'ELBOW']",1355,gymvisual,one_arm_wall_lats_isolation_bodyweight,REPS,STRENGTH,ACTIVE_CANONICAL_RETAINED,RETAINED_CANONICAL,EXISTING_CANONICAL,기존 canonical stable code를 재정렬하지 않고 유지한다.,[],,,,,,,
TRICEPS,exercise-catalog-v2.0.2-final,90,4,15,,BEGINNER,APPROVED,['BARBELL'],"['시작 자세와 기구를 안정적으로 준비한다.', '안내된 부위를 중심으로 천천히 움직인다.', '끝 범위에서 힘을 잠시 유지한다.', '반동 없이 시작 자세로 돌아온다.']",representative-content-v0.1.0,오버헤드 트라이셉스 익스텐션 운동은 다른 부위의 움직임을 줄이고 팔 뒤쪽을 집중해 사용하는 운동입니다.,['GYM'],barbell standing overhead triceps extension,오버헤드 트라이셉스 익스텐션,['ELBOW'],ISOLATION,False,False,REX-000047,DOMAIN_APPROVED,['SHOULDER'],0109,gymvisual,overhead_triceps_extension_isolation_barbell,REPS,STRENGTH,ACTIVE_CANONICAL_RETAINED,RETAINED_CANONICAL,EXISTING_CANONICAL,기존 canonical stable code를 재정렬하지 않고 유지한다.,[],,,,,,,
MOBILITY,exercise-catalog-v2.0.2-final,30,,15,30,BEGINNER,APPROVED,['BODYWEIGHT'],"['편안한 시작 자세를 잡고 주변 공간을 확인한다.', '숨을 고르게 쉬며 안내된 방향으로 천천히 움직인다.', '당김이 느껴지는 범위에서 잠시 멈춘다.', '반동 없이 시작 자세로 천천히 돌아온다.']",representative-content-v0.1.0,오버헤드 삼두근 스트레칭 운동은 팔꿈치 주변을 천천히 움직이며 범위를 확인하는 스트레칭입니다.,"['HOME', 'GYM']",overhead triceps stretch,오버헤드 삼두근 스트레칭,['ELBOW'],MOBILITY_STRETCH,False,True,REX-000048,DOMAIN_APPROVED,"['SHOULDER', 'WRIST_HAND']",0643,gymvisual,overhead_triceps_stretch_mobility_stretch_bodyweight,DURATION,MOBILITY,ACTIVE_CANONICAL_RETAINED,RETAINED_CANONICAL,EXISTING_CANONICAL,기존 canonical stable code를 재정렬하지 않고 유지한다.,[],,,,,,,
CHEST,exercise-catalog-v2.0.2-final,90,4,15,,BEGINNER,APPROVED,['MACHINE'],"['손과 발 또는 기구를 안정적으로 준비한다.', '어깨가 으쓱하지 않게 팔을 천천히 밀어낸다.', '팔꿈치를 조절할 수 있는 범위에서 굽힌다.', '천천히 처음 위치로 돌아온다.']",representative-content-v0.1.0,체스트 프레스 운동은 팔을 앞으로 밀어 가슴을 사용하는 운동입니다.,['GYM'],Seated Bench Press,체스트 프레스,['CHEST'],HORIZONTAL_PUSH,False,False,REX-000049,DOMAIN_APPROVED,"['SHOULDER', 'ELBOW']",1094,wger,pectorals_horizontal_push_horizontal_push_machine,REPS,STRENGTH,ACTIVE_CANONICAL_RETAINED,RETAINED_CANONICAL,EXISTING_CANONICAL,기존 canonical stable code를 재정렬하지 않고 유지한다.,[],,,,,,,
MOBILITY,exercise-catalog-v2.0.2-final,30,,15,30,INTERMEDIATE,APPROVED,['STRETCH_STRAP'],"['편안한 시작 자세를 잡고 주변 공간을 확인한다.', '숨을 고르게 쉬며 안내된 방향으로 천천히 움직인다.', '당김이 느껴지는 범위에서 잠시 멈춘다.', '반동 없이 시작 자세로 천천히 돌아온다.']",representative-content-v0.1.0,종아리 바깥쪽 스트레칭 운동은 발목과 발 주변을 천천히 움직이며 범위를 확인하는 스트레칭입니다.,"['HOME', 'GYM']",peroneals stretch,종아리 바깥쪽 스트레칭,['ANKLE_FOOT'],MOBILITY_STRETCH,False,True,REX-000050,DOMAIN_APPROVED,['KNEE'],1388,gymvisual,peroneal_stretch_mobility_stretch_stretch_strap,DURATION,MOBILITY,ACTIVE_CANONICAL_RETAINED,RETAINED_CANONICAL,EXISTING_CANONICAL,기존 canonical stable code를 재정렬하지 않고 유지한다.,[],,,,,,,
CORE,exercise-catalog-v2.0.2-final,90,,15,30,INTERMEDIATE,APPROVED,['BODYWEIGHT'],"['안내된 시작 자세를 안정적으로 잡는다.', '배 주변에 가볍게 힘을 주고 숨을 쉰다.', '몸통이 흔들리지 않는 범위에서 팔이나 다리를 움직인다.', '천천히 시작 자세로 돌아온다.']",representative-content-v0.1.0,플랭크 로테이션 운동은 몸통을 유지하며 몸통 주변에 힘을 쓰는 운동입니다.,"['HOME', 'GYM']",front plank with twist,플랭크 로테이션,['ABDOMEN'],CORE_BRACE,False,False,REX-000051,DOMAIN_APPROVED,['LOWER_BACK'],0464,gymvisual,plank_rotation_core_brace_bodyweight,DURATION,STRENGTH,ACTIVE_CANONICAL_RETAINED,RETAINED_CANONICAL,EXISTING_CANONICAL,기존 canonical stable code를 재정렬하지 않고 유지한다.,[],,,,,,,
CHEST,exercise-catalog-v2.0.2-final,90,4,15,,BEGINNER,APPROVED,['BODYWEIGHT'],"['손과 발 또는 기구를 안정적으로 준비한다.', '어깨가 으쓱하지 않게 팔을 천천히 밀어낸다.', '팔꿈치를 조절할 수 있는 범위에서 굽힌다.', '천천히 처음 위치로 돌아온다.']",representative-content-v0.1.0,푸시업 운동은 팔을 앞으로 밀어 가슴을 사용하는 운동입니다.,"['HOME', 'GYM']",push-up,푸시업,['CHEST'],HORIZONTAL_PUSH,False,False,REX-000052,DOMAIN_APPROVED,"['SHOULDER', 'ELBOW']",0662,gymvisual,push_up_horizontal_push_bodyweight,REPS,STRENGTH,ACTIVE_CANONICAL_RETAINED,RETAINED_CANONICAL,EXISTING_CANONICAL,기존 canonical stable code를 재정렬하지 않고 유지한다.,[],,,,,,,
MOBILITY,exercise-catalog-v2.0.2-final,30,,15,30,BEGINNER,APPROVED,['BODYWEIGHT'],"['편안한 시작 자세를 잡고 주변 공간을 확인한다.', '숨을 고르게 쉬며 안내된 방향으로 천천히 움직인다.', '당김이 느껴지는 범위에서 잠시 멈춘다.', '반동 없이 시작 자세로 천천히 돌아온다.']",representative-content-v0.1.0,후면 어깨 스트레칭 운동은 어깨 주변을 천천히 움직이며 범위를 확인하는 스트레칭입니다.,"['HOME', 'GYM']",rear deltoid stretch,후면 어깨 스트레칭,['SHOULDER'],MOBILITY_STRETCH,False,True,REX-000053,DOMAIN_APPROVED,['UPPER_BACK'],0669,gymvisual,rear_deltoid_stretch_mobility_stretch_bodyweight,DURATION,MOBILITY,ACTIVE_CANONICAL_RETAINED,RETAINED_CANONICAL,EXISTING_CANONICAL,기존 canonical stable code를 재정렬하지 않고 유지한다.,[],,,,,,,
CALVES,exercise-catalog-v2.0.2-final,90,4,15,,INTERMEDIATE,APPROVED,['RESISTANCE_BAND'],"['시작 자세와 기구를 안정적으로 준비한다.', '안내된 부위를 중심으로 천천히 움직인다.', '끝 범위에서 힘을 잠시 유지한다.', '반동 없이 시작 자세로 돌아온다.']",representative-content-v0.1.0,리버스 카프 레이즈 운동은 다른 부위의 움직임을 줄이고 종아리를 집중해 사용하는 운동입니다.,"['HOME', 'GYM']",band single leg reverse calf raise,리버스 카프 레이즈,['ANKLE_FOOT'],ISOLATION,False,False,REX-000054,DOMAIN_APPROVED,['KNEE'],1000,gymvisual,reverse_calf_raise_isolation_resistance_band,REPS,STRENGTH,ACTIVE_CANONICAL_RETAINED,RETAINED_CANONICAL,EXISTING_CANONICAL,기존 canonical stable code를 재정렬하지 않고 유지한다.,[],,,,,,,
FOREARMS,exercise-catalog-v2.0.2-final,90,4,15,,BEGINNER,APPROVED,['BARBELL'],"['시작 자세와 기구를 안정적으로 준비한다.', '안내된 부위를 중심으로 천천히 움직인다.', '끝 범위에서 힘을 잠시 유지한다.', '반동 없이 시작 자세로 돌아온다.']",representative-content-v0.1.0,리버스 리스트 컬 운동은 다른 부위의 움직임을 줄이고 팔뚝을 집중해 사용하는 운동입니다.,['GYM'],barbell reverse wrist curl,리버스 리스트 컬,['WRIST_HAND'],ISOLATION,False,False,REX-000055,DOMAIN_APPROVED,['ELBOW'],0082,gymvisual,reverse_wrist_curl_isolation_barbell,REPS,STRENGTH,ACTIVE_CANONICAL_RETAINED,RETAINED_CANONICAL,EXISTING_CANONICAL,기존 canonical stable code를 재정렬하지 않고 유지한다.,[],,,,,,,
CARDIO,exercise-catalog-v2.0.2-final,60,,15,60,BEGINNER,APPROVED,['BODYWEIGHT'],"['주변 공간과 발을 디딜 곳을 확인한다.', '천천히 시작해 편안한 리듬을 찾는다.', '시선을 앞에 두고 발을 안정적으로 디딘다.', '속도와 움직임을 낮추며 마무리한다.']",representative-content-v0.1.0,앞뒤 스텝 운동은 일정한 리듬으로 몸을 움직이는 유산소 운동입니다.,['HOME'],back and forth step,앞뒤 스텝,"['ANKLE_FOOT', 'KNEE']",GAIT,False,False,REX-000056,DOMAIN_APPROVED,['HIP'],3672,gymvisual,cardio_gait_bodyweight,DURATION,CARDIO,ACTIVE_CANONICAL_RETAINED,RETAINED_CANONICAL,EXISTING_CANONICAL,기존 canonical stable code를 재정렬하지 않고 유지한다.,[],,,,,,,
QUADRICEPS,exercise-catalog-v2.0.2-final,90,4,15,,BEGINNER,APPROVED,['BODYWEIGHT'],"['시작 자세와 기구를 안정적으로 준비한다.', '안내된 부위를 중심으로 천천히 움직인다.', '끝 범위에서 힘을 잠시 유지한다.', '반동 없이 시작 자세로 돌아온다.']",representative-content-v0.1.0,의자 잡고 무릎 들기 운동은 다른 부위의 움직임을 줄이고 허벅지 앞쪽을 집중해 사용하는 운동입니다.,['HOME'],의자잡고 전방으로 무릎 굽혀 들기,의자 잡고 무릎 들기,['KNEE'],ISOLATION,False,False,REX-000057,DOMAIN_APPROVED,"['HIP', 'ANKLE_FOOT']",46ea8fdbe34474fac354a051f63b114e0a6d20a21f71226ae0db5da216d14861,kspo,hip_flexion_isolation_bodyweight,REPS,STRENGTH,ACTIVE_CANONICAL_RETAINED,RETAINED_CANONICAL,EXISTING_CANONICAL,기존 canonical stable code를 재정렬하지 않고 유지한다.,[],,,,,,,
CARDIO,exercise-catalog-v2.0.2-final,60,,15,60,BEGINNER,APPROVED,['BODYWEIGHT'],"['주변 공간과 발을 디딜 곳을 확인한다.', '천천히 시작해 편안한 리듬을 찾는다.', '시선을 앞에 두고 발을 안정적으로 디딘다.', '속도와 움직임을 낮추며 마무리한다.']",representative-content-v0.1.0,하이니 운동은 일정한 리듬으로 몸을 움직이는 유산소 운동입니다.,['HOME'],high knee against wall,하이니,"['KNEE', 'HIP']",GAIT,False,False,REX-000058,DOMAIN_APPROVED,['ANKLE_FOOT'],3636,gymvisual,cardio_gait_bodyweight_rex_000058,DURATION,CARDIO,ACTIVE_CANONICAL_RETAINED,RETAINED_CANONICAL,EXISTING_CANONICAL,기존 canonical stable code를 재정렬하지 않고 유지한다.,[],,,,,,,
CARDIO,exercise-catalog-v2.0.2-final,60,,15,60,BEGINNER,APPROVED,['BODYWEIGHT'],"['주변 공간을 확인하고 발을 편하게 모아 선다.', '무릎을 살짝 굽힌 채 팔과 다리를 함께 벌리며 가볍게 뛴다.', '발 앞쪽부터 부드럽게 착지하고 같은 리듬으로 반복한다.', '속도를 낮추며 발을 모으고 호흡을 정리한다.']",representative-content-v0.1.0,점핑잭 운동은 팔과 다리를 함께 움직이며 반복해서 가볍게 뛰는 유산소 운동입니다.,"['HOME', 'GYM']",jack jump (male),점핑잭,"['ANKLE_FOOT', 'KNEE']",JUMP_PLYOMETRIC,False,False,REX-000059,DOMAIN_APPROVED,"['HIP', 'SHOULDER']",3224,gymvisual,cardio_jump_plyometric_bodyweight,DURATION,CARDIO,ACTIVE_CANONICAL_RETAINED,RETAINED_CANONICAL,EXISTING_CANONICAL,기존 canonical stable code를 재정렬하지 않고 유지한다.,[],,,,,,,
CARDIO,exercise-catalog-v2.0.2-final,60,,15,60,INTERMEDIATE,APPROVED,['JUMP_ROPE'],"['주변 공간을 확인하고 발을 편하게 모아 선다.', '무릎을 살짝 굽힌 채 팔과 다리를 함께 벌리며 가볍게 뛴다.', '발 앞쪽부터 부드럽게 착지하고 같은 리듬으로 반복한다.', '속도를 낮추며 발을 모으고 호흡을 정리한다.']",representative-content-v0.1.0,줄넘기 운동은 팔과 다리를 함께 움직이며 반복해서 가볍게 뛰는 유산소 운동입니다.,"['HOME', 'GYM']",jump rope,줄넘기,"['ANKLE_FOOT', 'KNEE']",JUMP_PLYOMETRIC,False,False,REX-000060,DOMAIN_APPROVED,['HIP'],2612,gymvisual,cardio_jump_plyometric_jump_rope,DURATION,CARDIO,ACTIVE_CANONICAL_RETAINED,RETAINED_CANONICAL,EXISTING_CANONICAL,기존 canonical stable code를 재정렬하지 않고 유지한다.,[],,,,,,,
GLUTES,exercise-catalog-v2.0.2-final,90,4,15,,INTERMEDIATE,APPROVED,['KETTLEBELL'],"['발을 편하게 두고 기구나 주변을 안정적으로 준비한다.', '엉덩이를 뒤로 보내며 상체를 천천히 기울인다.', '등과 목을 편안히 두고 엉덩이로 힘을 낸다.', '천천히 시작 자세로 돌아온다.']",representative-content-v0.1.0,케틀벨 스윙 운동은 엉덩이를 뒤로 보내며 엉덩이를 사용하는 운동입니다.,['GYM'],2 Handed Kettlebell Swing,케틀벨 스윙,['HIP'],HIP_DOMINANT,False,False,REX-000061,DOMAIN_APPROVED,"['KNEE', 'LOWER_BACK']",9,wger,kettlebell_swing_hip_dominant_kettlebell,REPS,STRENGTH,ACTIVE_CANONICAL_RETAINED,RETAINED_CANONICAL,EXISTING_CANONICAL,기존 canonical stable code를 재정렬하지 않고 유지한다.,[],,,,,,,
CARDIO,exercise-catalog-v2.0.2-final,60,,15,60,BEGINNER,APPROVED,['BODYWEIGHT'],"['주변 공간과 발을 디딜 곳을 확인한다.', '천천히 시작해 편안한 리듬을 찾는다.', '시선을 앞에 두고 발을 안정적으로 디딘다.', '속도와 움직임을 낮추며 마무리한다.']",representative-content-v0.1.0,달리기 운동은 일정한 리듬으로 몸을 움직이는 유산소 운동입니다.,['HOME'],run,달리기,"['ANKLE_FOOT', 'KNEE']",GAIT,False,False,REX-000062,DOMAIN_APPROVED,['HIP'],0685,gymvisual,cardio_gait_bodyweight_rex_000062,DURATION,CARDIO,ACTIVE_CANONICAL_RETAINED,RETAINED_CANONICAL,EXISTING_CANONICAL,기존 canonical stable code를 재정렬하지 않고 유지한다.,[],,,,,,,
QUADRICEPS,exercise-catalog-v2.0.2-final,90,4,15,,BEGINNER,APPROVED,['STABILITY_BALL'],"['시작 자세와 기구를 안정적으로 준비한다.', '안내된 부위를 중심으로 천천히 움직인다.', '끝 범위에서 힘을 잠시 유지한다.', '반동 없이 시작 자세로 돌아온다.']",representative-content-v0.1.0,앉아서 짐볼 조이기 운동은 다른 부위의 움직임을 줄이고 허벅지 앞쪽을 집중해 사용하는 운동입니다.,['HOME'],의자에 앉아 다리로 짐볼 쥐기,앉아서 짐볼 조이기,['KNEE'],ISOLATION,False,False,REX-000063,DOMAIN_APPROVED,['HIP'],66e29f752b845bd1bcfa4cb737be1ede40daa81d869ea4b531c882b02ffb3c28,kspo,hip_adduction_isolation_stability_ball,REPS,STRENGTH,ACTIVE_CANONICAL_RETAINED,RETAINED_CANONICAL,EXISTING_CANONICAL,기존 canonical stable code를 재정렬하지 않고 유지한다.,[],,,,,,,
QUADRICEPS,exercise-catalog-v2.0.2-final,90,4,15,,BEGINNER,APPROVED,['BODYWEIGHT'],"['시작 자세와 기구를 안정적으로 준비한다.', '안내된 부위를 중심으로 천천히 움직인다.', '끝 범위에서 힘을 잠시 유지한다.', '반동 없이 시작 자세로 돌아온다.']",representative-content-v0.1.0,앉아서 고관절 굴곡 운동은 다른 부위의 움직임을 줄이고 허벅지 앞쪽을 집중해 사용하는 운동입니다.,['HOME'],앉아서 엉덩관절 굽히기,앉아서 고관절 굴곡,['KNEE'],ISOLATION,False,False,REX-000064,DOMAIN_APPROVED,['HIP'],dfd7eaa07d42e118610eb6756d8dcdc351f5b1f3c9a1262fa94aa18d92a87e09,kspo,hip_flexion_isolation_bodyweight_rex_000064,REPS,STRENGTH,ACTIVE_CANONICAL_RETAINED,RETAINED_CANONICAL,EXISTING_CANONICAL,기존 canonical stable code를 재정렬하지 않고 유지한다.,[],,,,,,,
CARDIO,exercise-catalog-v2.0.2-final,60,,15,60,BEGINNER,APPROVED,['BODYWEIGHT'],"['주변 공간과 발을 디딜 곳을 확인한다.', '천천히 시작해 편안한 리듬을 찾는다.', '시선을 앞에 두고 발을 안정적으로 디딘다.', '속도와 움직임을 낮추며 마무리한다.']",representative-content-v0.1.0,짧은 보폭 달리기 운동은 일정한 리듬으로 몸을 움직이는 유산소 운동입니다.,['GYM'],short stride run,짧은 보폭 달리기,"['ANKLE_FOOT', 'KNEE']",GAIT,False,False,REX-000065,DOMAIN_APPROVED,['HIP'],3656,gymvisual,cardio_gait_bodyweight_rex_000065,DURATION,CARDIO,ACTIVE_CANONICAL_RETAINED,RETAINED_CANONICAL,EXISTING_CANONICAL,기존 canonical stable code를 재정렬하지 않고 유지한다.,[],,,,,,,
MOBILITY,exercise-catalog-v2.0.2-final,30,,15,30,BEGINNER,APPROVED,['BODYWEIGHT'],"['주변을 정리하고 필요하면 벽이나 의자 가까이에 선다.', '한 발을 바닥에 두고 다른 발을 천천히 들어 올린다.', '시선을 앞에 두고 몸이 흔들리지 않는 범위에서 유지한다.', '발을 천천히 내려 양발로 돌아온 뒤 반대쪽도 수행한다.']",representative-content-v0.1.0,한발 서기 균형 운동은 한 발로 서서 몸의 균형을 확인하는 운동입니다.,"['HOME', 'GYM']",FITT-CORE-STABILITY-V1,한발 서기 균형,['HIP'],BALANCE,False,True,REX-000066,DOMAIN_APPROVED,"['ANKLE_FOOT', 'KNEE']",19af0f76cad5e01830e662585e3cea621cf8563f1955f83114bef440606379c4,kspo,mobility_balance_bodyweight,DURATION,MOBILITY,ACTIVE_CANONICAL_RETAINED,RETAINED_CANONICAL,EXISTING_CANONICAL,기존 canonical stable code를 재정렬하지 않고 유지한다.,[],,,,,,,
CARDIO,exercise-catalog-v2.0.2-final,60,,15,60,BEGINNER,APPROVED,['STATIONARY_BIKE'],"['안장과 손잡이 위치를 편하게 맞춘다.', '페달에 발을 안정적으로 올리고 천천히 시작한다.', '상체를 편안히 유지하며 일정한 리듬으로 페달을 밟는다.', '저항과 속도를 낮추며 천천히 마무리한다.']",representative-content-v0.1.0,실내 자전거 운동은 고정된 자전거 페달을 일정한 리듬으로 밟는 유산소 운동입니다.,['GYM'],stationary bike run v. 3,실내 자전거,"['KNEE', 'HIP']",CYCLING,False,False,REX-000067,DOMAIN_APPROVED,['ANKLE_FOOT'],2138,gymvisual,cardio_cycling_stationary_bike,DURATION,CARDIO,ACTIVE_CANONICAL_RETAINED,RETAINED_CANONICAL,EXISTING_CANONICAL,기존 canonical stable code를 재정렬하지 않고 유지한다.,[],,,,,,,
CARDIO,exercise-catalog-v2.0.2-final,60,,15,60,BEGINNER,APPROVED,['STEP_BOX'],"['주변 공간과 발을 디딜 곳을 확인한다.', '천천히 시작해 편안한 리듬을 찾는다.', '시선을 앞에 두고 발을 안정적으로 디딘다.', '속도와 움직임을 낮추며 마무리한다.']",representative-content-v0.1.0,스텝박스 오르내리기 운동은 일정한 리듬으로 몸을 움직이는 유산소 운동입니다.,['HOME'],스텝박스 오르내리기,스텝박스 오르내리기,"['ANKLE_FOOT', 'KNEE']",GAIT,False,False,REX-000068,DOMAIN_APPROVED,['HIP'],00c41c823f6141adb2f3b7da95c1213fea98dac6cb3bfaf453f1a4989133d2d2,kspo,cardio_gait_step_box,DURATION,CARDIO,ACTIVE_CANONICAL_RETAINED,RETAINED_CANONICAL,EXISTING_CANONICAL,기존 canonical stable code를 재정렬하지 않고 유지한다.,[],,,,,,,
QUADRICEPS,exercise-catalog-v2.0.2-final,90,4,15,,BEGINNER,APPROVED,['RESISTANCE_BAND'],"['발을 편하게 벌리고 양발에 무게를 나눈다.', '엉덩이를 뒤로 보내며 무릎을 천천히 굽힌다.', '발바닥을 바닥에 두고 편한 범위까지만 내려간다.', '발로 바닥을 밀며 천천히 시작 자세로 돌아온다.']",representative-content-v0.1.0,누워서 밴드 레그 프레스 운동은 다리를 굽혔다 펴며 허벅지 앞쪽을 사용하는 운동입니다.,['HOME'],밴드 잡고 누워서 다리 밀기,누워서 밴드 레그 프레스,['KNEE'],KNEE_DOMINANT,False,False,REX-000069,DOMAIN_APPROVED,['HIP'],72cc612abf8747105b33f64e0661b713012fb3f2ae378cd5c5142215eedc899b,kspo,leg_press_knee_dominant_resistance_band,REPS,STRENGTH,ACTIVE_CANONICAL_RETAINED,RETAINED_CANONICAL,EXISTING_CANONICAL,기존 canonical stable code를 재정렬하지 않고 유지한다.,[],,,,,,,
CARDIO,exercise-catalog-v2.0.2-final,60,,15,60,BEGINNER,APPROVED,['MACHINE'],"['주변 공간과 발을 디딜 곳을 확인한다.', '천천히 시작해 편안한 리듬을 찾는다.', '시선을 앞에 두고 발을 안정적으로 디딘다.', '속도와 움직임을 낮추며 마무리한다.']",representative-content-v0.1.0,경사 트레드밀 걷기 운동은 일정한 리듬으로 몸을 움직이는 유산소 운동입니다.,['GYM'],walking on incline treadmill,경사 트레드밀 걷기,"['ANKLE_FOOT', 'KNEE']",GAIT,False,False,REX-000070,DOMAIN_APPROVED,['HIP'],3666,gymvisual,cardio_gait_machine,DURATION,CARDIO,ACTIVE_CANONICAL_RETAINED,RETAINED_CANONICAL,EXISTING_CANONICAL,기존 canonical stable code를 재정렬하지 않고 유지한다.,[],,,,,,,
CARDIO,exercise-catalog-v2.0.2-final,60,,15,60,INTERMEDIATE,APPROVED,['MACHINE'],"['주변 공간과 발을 디딜 곳을 확인한다.', '천천히 시작해 편안한 리듬을 찾는다.', '시선을 앞에 두고 발을 안정적으로 디딘다.', '속도와 움직임을 낮추며 마무리한다.']",representative-content-v0.1.0,스텝밀 운동은 일정한 리듬으로 몸을 움직이는 유산소 운동입니다.,['GYM'],walking on stepmill,스텝밀,"['ANKLE_FOOT', 'KNEE']",GAIT,False,False,REX-000071,DOMAIN_APPROVED,['HIP'],2311,gymvisual,cardio_gait_machine_rex_000071,DURATION,CARDIO,ACTIVE_CANONICAL_RETAINED,RETAINED_CANONICAL,EXISTING_CANONICAL,기존 canonical stable code를 재정렬하지 않고 유지한다.,[],,,,,,,
CARDIO,exercise-catalog-v2.0.2-final,60,,15,60,BEGINNER,APPROVED,['ELLIPTICAL_MACHINE'],"['발판과 손잡이를 확인하고 양발을 안정적으로 올린다.', '천천히 페달을 움직이며 편한 리듬을 찾는다.', '시선을 앞에 두고 손잡이는 가볍게 잡는다.', '속도와 저항을 낮추며 발판에서 안전하게 내린다.']",representative-content-v0.1.0,일립티컬 운동은 발판과 손잡이를 함께 사용해 일정한 리듬으로 움직이는 유산소 운동입니다.,['GYM'],walk elliptical cross trainer,일립티컬,"['KNEE', 'HIP']",ELLIPTICAL,False,False,REX-000072,DOMAIN_APPROVED,['ANKLE_FOOT'],2141,gymvisual,cardio_elliptical_elliptical_machine,DURATION,CARDIO,ACTIVE_CANONICAL_RETAINED,RETAINED_CANONICAL,EXISTING_CANONICAL,기존 canonical stable code를 재정렬하지 않고 유지한다.,[],,,,,,,
MOBILITY,exercise-catalog-v2.0.2-final,30,,15,30,INTERMEDIATE,APPROVED,['FOAM_ROLLER'],"['편안한 시작 자세를 잡고 주변 공간을 확인한다.', '숨을 고르게 쉬며 안내된 방향으로 천천히 움직인다.', '당김이 느껴지는 범위에서 잠시 멈춘다.', '반동 없이 시작 자세로 천천히 돌아온다.']",representative-content-v0.1.0,롤러 등 스트레칭 운동은 상부 등 주변을 천천히 움직이며 범위를 확인하는 스트레칭입니다.,"['HOME', 'GYM']",roller back stretch,롤러 등 스트레칭,['UPPER_BACK'],MOBILITY_STRETCH,False,True,REX-000073,DOMAIN_APPROVED,['LOWER_BACK'],2208,gymvisual,roller_back_stretch_mobility_stretch_foam_roller,DURATION,MOBILITY,ACTIVE_CANONICAL_RETAINED,RETAINED_CANONICAL,EXISTING_CANONICAL,기존 canonical stable code를 재정렬하지 않고 유지한다.,[],,,,,,,
MOBILITY,exercise-catalog-v2.0.2-final,30,,15,30,INTERMEDIATE,APPROVED,['FOAM_ROLLER'],"['편안한 시작 자세를 잡고 주변 공간을 확인한다.', '숨을 고르게 쉬며 안내된 방향으로 천천히 움직인다.', '당김이 느껴지는 범위에서 잠시 멈춘다.', '반동 없이 시작 자세로 천천히 돌아온다.']",representative-content-v0.1.0,롤러 둔근 스트레칭 운동은 고관절 주변을 천천히 움직이며 범위를 확인하는 스트레칭입니다.,"['HOME', 'GYM']",roller hip stretch,롤러 둔근 스트레칭,['HIP'],MOBILITY_STRETCH,False,True,REX-000074,DOMAIN_APPROVED,['LOWER_BACK'],2202,gymvisual,roller_hip_stretch_mobility_stretch_foam_roller,DURATION,MOBILITY,ACTIVE_CANONICAL_RETAINED,RETAINED_CANONICAL,EXISTING_CANONICAL,기존 canonical stable code를 재정렬하지 않고 유지한다.,[],,,,,,,
CORE,exercise-catalog-v2.0.2-final,90,,15,30,INTERMEDIATE,APPROVED,['CABLE_MACHINE'],"['안내된 시작 자세를 안정적으로 잡는다.', '배 주변에 가볍게 힘을 주고 숨을 쉰다.', '몸통이 흔들리지 않는 범위에서 팔이나 다리를 움직인다.', '천천히 시작 자세로 돌아온다.']",representative-content-v0.1.0,회전형 크런치 운동은 몸통을 유지하며 몸통 주변에 힘을 쓰는 운동입니다.,['GYM'],Cable Woodchoppers,회전형 크런치,['ABDOMEN'],CORE_BRACE,False,False,REX-000075,DOMAIN_APPROVED,"['LOWER_BACK', 'SHOULDER']",145,wger,rotation_variant_core_brace_cable_machine,DURATION,STRENGTH,ACTIVE_CANONICAL_RETAINED,RETAINED_CANONICAL,EXISTING_CANONICAL,기존 canonical stable code를 재정렬하지 않고 유지한다.,[],,,,,,,
BACK,exercise-catalog-v2.0.2-final,90,4,15,,BEGINNER,APPROVED,['CABLE_MACHINE'],"['가슴을 편안히 열고 손잡이나 기구를 잡는다.', '어깨를 끌어올리지 않고 팔꿈치를 뒤로 보낸다.', '손잡이를 몸 가까이 가져온 뒤 잠시 멈춘다.', '팔을 천천히 펴며 처음 위치로 돌아온다.']",representative-content-v0.1.0,로우 운동은 팔꿈치를 뒤로 보내며 등을 사용하는 운동입니다.,['GYM'],Seated Cable Row,로우,['UPPER_BACK'],HORIZONTAL_PULL,False,False,REX-000076,DOMAIN_APPROVED,"['ELBOW', 'SHOULDER']",1117,wger,row_variant_horizontal_pull_cable_machine,REPS,STRENGTH,ACTIVE_CANONICAL_RETAINED,RETAINED_CANONICAL,EXISTING_CANONICAL,기존 canonical stable code를 재정렬하지 않고 유지한다.,[],,,,,,,
MOBILITY,exercise-catalog-v2.0.2-final,30,,15,30,BEGINNER,APPROVED,['BODYWEIGHT'],"['편안한 시작 자세를 잡고 주변 공간을 확인한다.', '숨을 고르게 쉬며 안내된 방향으로 천천히 움직인다.', '당김이 느껴지는 범위에서 잠시 멈춘다.', '반동 없이 시작 자세로 천천히 돌아온다.']",representative-content-v0.1.0,러너스 스트레칭 운동은 발목과 발·무릎 주변을 천천히 움직이며 범위를 확인하는 스트레칭입니다.,"['HOME', 'GYM']",runners stretch,러너스 스트레칭,"['ANKLE_FOOT', 'KNEE']",MOBILITY_STRETCH,False,True,REX-000077,DOMAIN_APPROVED,['HIP'],1585,gymvisual,runners_stretch_mobility_stretch_bodyweight,DURATION,MOBILITY,ACTIVE_CANONICAL_RETAINED,RETAINED_CANONICAL,EXISTING_CANONICAL,기존 canonical stable code를 재정렬하지 않고 유지한다.,[],,,,,,,
BACK,exercise-catalog-v2.0.2-final,90,4,15,,INTERMEDIATE,APPROVED,"['BODYWEIGHT', 'PULL_UP_BAR']","['손잡이를 안정적으로 잡고 몸을 준비한다.', '어깨를 내린 채 팔꿈치를 아래로 당긴다.', '조절할 수 있는 범위까지만 당긴다.', '팔을 천천히 펴며 시작 위치로 돌아온다.']",representative-content-v0.1.0,스캐풀라 풀업 운동은 팔꿈치를 아래로 당기며 등을 사용하는 운동입니다.,"['HOME', 'GYM']",scapular pull-up,스캐풀라 풀업,['UPPER_BACK'],VERTICAL_PULL,False,False,REX-000078,DOMAIN_APPROVED,"['SHOULDER', 'ELBOW']",0688,gymvisual,scapular_pull_up_vertical_pull_bodyweight_pull_up_bar,REPS,STRENGTH,ACTIVE_CANONICAL_RETAINED,RETAINED_CANONICAL,EXISTING_CANONICAL,기존 canonical stable code를 재정렬하지 않고 유지한다.,[],,,,,,,
BACK,exercise-catalog-v2.0.2-final,90,4,15,,BEGINNER,APPROVED,['CABLE_MACHINE'],"['가슴을 편안히 열고 손잡이나 기구를 잡는다.', '어깨를 끌어올리지 않고 팔꿈치를 뒤로 보낸다.', '손잡이를 몸 가까이 가져온 뒤 잠시 멈춘다.', '팔을 천천히 펴며 처음 위치로 돌아온다.']",representative-content-v0.1.0,시티드 케이블 로우 운동은 팔꿈치를 뒤로 보내며 등을 사용하는 운동입니다.,['GYM'],cable seated row,시티드 케이블 로우,['UPPER_BACK'],HORIZONTAL_PULL,False,False,REX-000079,DOMAIN_APPROVED,"['SHOULDER', 'ELBOW']",0861,gymvisual,seated_cable_row_horizontal_pull_cable_machine,REPS,STRENGTH,ACTIVE_CANONICAL_RETAINED,RETAINED_CANONICAL,EXISTING_CANONICAL,기존 canonical stable code를 재정렬하지 않고 유지한다.,[],,,,,,,
CALVES,exercise-catalog-v2.0.2-final,90,4,15,,BEGINNER,APPROVED,['BARBELL'],"['시작 자세와 기구를 안정적으로 준비한다.', '안내된 부위를 중심으로 천천히 움직인다.', '끝 범위에서 힘을 잠시 유지한다.', '반동 없이 시작 자세로 돌아온다.']",representative-content-v0.1.0,시티드 카프 레이즈 운동은 다른 부위의 움직임을 줄이고 종아리를 집중해 사용하는 운동입니다.,['GYM'],barbell seated calf raise,시티드 카프 레이즈,['ANKLE_FOOT'],ISOLATION,False,False,REX-000080,DOMAIN_APPROVED,['KNEE'],0088,gymvisual,seated_calf_raise_isolation_barbell,REPS,STRENGTH,ACTIVE_CANONICAL_RETAINED,RETAINED_CANONICAL,EXISTING_CANONICAL,기존 canonical stable code를 재정렬하지 않고 유지한다.,[],,,,,,,
MOBILITY,exercise-catalog-v2.0.2-final,30,,15,30,BEGINNER,APPROVED,['BODYWEIGHT'],"['편안한 시작 자세를 잡고 주변 공간을 확인한다.', '숨을 고르게 쉬며 안내된 방향으로 천천히 움직인다.', '당김이 느껴지는 범위에서 잠시 멈춘다.', '반동 없이 시작 자세로 천천히 돌아온다.']",representative-content-v0.1.0,앉아서 종아리 스트레칭 운동은 발목과 발 주변을 천천히 움직이며 범위를 확인하는 스트레칭입니다.,"['HOME', 'GYM']",seated calf stretch (male),앉아서 종아리 스트레칭,['ANKLE_FOOT'],MOBILITY_STRETCH,False,True,REX-000081,DOMAIN_APPROVED,['KNEE'],1390,gymvisual,seated_calf_stretch_mobility_stretch_bodyweight,DURATION,MOBILITY,ACTIVE_CANONICAL_RETAINED,RETAINED_CANONICAL,EXISTING_CANONICAL,기존 canonical stable code를 재정렬하지 않고 유지한다.,[],,,,,,,
MOBILITY,exercise-catalog-v2.0.2-final,30,,15,30,BEGINNER,APPROVED,['BODYWEIGHT'],"['편안한 시작 자세를 잡고 주변 공간을 확인한다.', '숨을 고르게 쉬며 안내된 방향으로 천천히 움직인다.', '당김이 느껴지는 범위에서 잠시 멈춘다.', '반동 없이 시작 자세로 천천히 돌아온다.']",representative-content-v0.1.0,앉아서 둔근 스트레칭 운동은 고관절 주변을 천천히 움직이며 범위를 확인하는 스트레칭입니다.,"['HOME', 'GYM']",seated glute stretch,앉아서 둔근 스트레칭,['HIP'],MOBILITY_STRETCH,False,True,REX-000082,DOMAIN_APPROVED,['KNEE'],1424,gymvisual,seated_glute_stretch_mobility_stretch_bodyweight,DURATION,MOBILITY,ACTIVE_CANONICAL_RETAINED,RETAINED_CANONICAL,EXISTING_CANONICAL,기존 canonical stable code를 재정렬하지 않고 유지한다.,[],,,,,,,
HAMSTRINGS,exercise-catalog-v2.0.2-final,90,4,15,,BEGINNER,APPROVED,['MACHINE'],"['기구에 앉아 몸과 기구의 위치를 맞춘다.', '다리를 천천히 굽힌다.', '조절할 수 있는 범위에서 잠시 멈춘다.', '천천히 다리를 되돌린다.']",representative-content-v0.1.0,레그 컬 운동은 다리를 굽혔다 펴며 허벅지 뒤쪽을 사용하는 운동입니다.,['GYM'],lever seated leg curl,레그 컬,['KNEE'],KNEE_FLEXION,False,False,REX-000083,DOMAIN_APPROVED,['HIP'],0599,gymvisual,seated_leg_curl_knee_flexion_machine,REPS,STRENGTH,ACTIVE_CANONICAL_RETAINED,RETAINED_CANONICAL,EXISTING_CANONICAL,기존 canonical stable code를 재정렬하지 않고 유지한다.,[],,,,,,,
MOBILITY,exercise-catalog-v2.0.2-final,30,,15,30,BEGINNER,APPROVED,['BODYWEIGHT'],"['편안한 시작 자세를 잡고 주변 공간을 확인한다.', '숨을 고르게 쉬며 안내된 방향으로 천천히 움직인다.', '당김이 느껴지는 범위에서 잠시 멈춘다.', '반동 없이 시작 자세로 천천히 돌아온다.']",representative-content-v0.1.0,앉아서 허리 스트레칭 운동은 허리 주변을 천천히 움직이며 범위를 확인하는 스트레칭입니다.,"['HOME', 'GYM']",seated lower back stretch,앉아서 허리 스트레칭,['LOWER_BACK'],MOBILITY_STRETCH,False,True,REX-000084,DOMAIN_APPROVED,"['UPPER_BACK', 'ABDOMEN']",0690,gymvisual,seated_lower_back_stretch_mobility_stretch_bodyweight,DURATION,MOBILITY,ACTIVE_CANONICAL_RETAINED,RETAINED_CANONICAL,EXISTING_CANONICAL,기존 canonical stable code를 재정렬하지 않고 유지한다.,[],,,,,,,
MOBILITY,exercise-catalog-v2.0.2-final,30,,15,30,BEGINNER,APPROVED,['BODYWEIGHT'],"['편안한 시작 자세를 잡고 주변 공간을 확인한다.', '숨을 고르게 쉬며 안내된 방향으로 천천히 움직인다.', '당김이 느껴지는 범위에서 잠시 멈춘다.', '반동 없이 시작 자세로 천천히 돌아온다.']",representative-content-v0.1.0,앉아서 이상근 스트레칭 운동은 고관절 주변을 천천히 움직이며 범위를 확인하는 스트레칭입니다.,"['HOME', 'GYM']",seated piriformis stretch,앉아서 이상근 스트레칭,['HIP'],MOBILITY_STRETCH,False,True,REX-000085,DOMAIN_APPROVED,['KNEE'],2567,gymvisual,seated_piriformis_stretch_mobility_stretch_bodyweight,DURATION,MOBILITY,ACTIVE_CANONICAL_RETAINED,RETAINED_CANONICAL,EXISTING_CANONICAL,기존 canonical stable code를 재정렬하지 않고 유지한다.,[],,,,,,,
SHOULDERS,exercise-catalog-v2.0.2-final,90,4,15,,INTERMEDIATE,APPROVED,['DUMBBELL'],"['등과 발 또는 엉덩이를 안정적으로 둔다.', '손잡이나 기구를 어깨 가까이에 준비한다.', '허리를 꺾지 않고 편한 범위에서 위로 밀어낸다.', '천천히 시작 위치로 내려온다.']",representative-content-v0.1.0,숄더 프레스 운동은 팔을 위로 밀어 어깨를 사용하는 운동입니다.,"['HOME', 'GYM']",dumbbell seated shoulder press,숄더 프레스,['SHOULDER'],VERTICAL_PUSH,False,False,REX-000086,DOMAIN_APPROVED,['ELBOW'],0405,gymvisual,seated_shoulder_press_vertical_push_dumbbell,REPS,STRENGTH,ACTIVE_CANONICAL_RETAINED,RETAINED_CANONICAL,EXISTING_CANONICAL,기존 canonical stable code를 재정렬하지 않고 유지한다.,[],,,,,,,
MOBILITY,exercise-catalog-v2.0.2-final,30,,15,30,INTERMEDIATE,APPROVED,['BODYWEIGHT'],"['편안한 시작 자세를 잡고 주변 공간을 확인한다.', '숨을 고르게 쉬며 안내된 방향으로 천천히 움직인다.', '당김이 느껴지는 범위에서 잠시 멈춘다.', '반동 없이 시작 자세로 천천히 돌아온다.']",representative-content-v0.1.0,시티드 와이드 앵글 스트레칭 운동은 고관절·무릎 주변을 천천히 움직이며 범위를 확인하는 스트레칭입니다.,"['HOME', 'GYM']",seated wide angle pose sequence,시티드 와이드 앵글 스트레칭,"['HIP', 'KNEE']",MOBILITY_STRETCH,False,True,REX-000087,DOMAIN_APPROVED,[],1587,gymvisual,seated_wide_angle_stretch_mobility_stretch_bodyweight,DURATION,MOBILITY,ACTIVE_CANONICAL_RETAINED,RETAINED_CANONICAL,EXISTING_CANONICAL,기존 canonical stable code를 재정렬하지 않고 유지한다.,[],,,,,,,
MOBILITY,exercise-catalog-v2.0.2-final,30,,15,30,BEGINNER,APPROVED,['BODYWEIGHT'],"['편안한 시작 자세를 잡고 주변 공간을 확인한다.', '숨을 고르게 쉬며 안내된 방향으로 천천히 움직인다.', '당김이 느껴지는 범위에서 잠시 멈춘다.', '반동 없이 시작 자세로 천천히 돌아온다.']",representative-content-v0.1.0,옆으로 누워 대퇴사두근 스트레칭 운동은 무릎 주변을 천천히 움직이며 범위를 확인하는 스트레칭입니다.,"['HOME', 'GYM']",lying (side) quads stretch,옆으로 누워 대퇴사두근 스트레칭,['KNEE'],MOBILITY_STRETCH,False,True,REX-000088,DOMAIN_APPROVED,['HIP'],0613,gymvisual,side_lying_quadriceps_stretch_mobility_stretch_bodyweight,DURATION,MOBILITY,ACTIVE_CANONICAL_RETAINED,RETAINED_CANONICAL,EXISTING_CANONICAL,기존 canonical stable code를 재정렬하지 않고 유지한다.,[],,,,,,,
MOBILITY,exercise-catalog-v2.0.2-final,30,,15,30,BEGINNER,APPROVED,['BODYWEIGHT'],"['편안한 시작 자세를 잡고 주변 공간을 확인한다.', '숨을 고르게 쉬며 안내된 방향으로 천천히 움직인다.', '당김이 느껴지는 범위에서 잠시 멈춘다.', '반동 없이 시작 자세로 천천히 돌아온다.']",representative-content-v0.1.0,손목 당기기 스트레칭 운동은 손목과 손 주변을 천천히 움직이며 범위를 확인하는 스트레칭입니다.,"['HOME', 'GYM']",side wrist pull stretch,손목 당기기 스트레칭,['WRIST_HAND'],MOBILITY_STRETCH,False,True,REX-000089,DOMAIN_APPROVED,['ELBOW'],0721,gymvisual,side_wrist_pull_stretch_mobility_stretch_bodyweight,DURATION,MOBILITY,ACTIVE_CANONICAL_RETAINED,RETAINED_CANONICAL,EXISTING_CANONICAL,기존 canonical stable code를 재정렬하지 않고 유지한다.,[],,,,,,,
CORE,exercise-catalog-v2.0.2-final,90,,15,30,BEGINNER,APPROVED,['MAT'],"['안내된 시작 자세를 안정적으로 잡는다.', '배 주변에 가볍게 힘을 주고 숨을 쉰다.', '몸통이 흔들리지 않는 범위에서 팔이나 다리를 움직인다.', '천천히 시작 자세로 돌아온다.']",representative-content-v0.1.0,버드독 운동은 몸통을 유지하며 몸통 주변에 힘을 쓰는 운동입니다.,['HOME'],네발기기 자세에서 팔 다리 들기,버드독,['ABDOMEN'],CORE_BRACE,False,False,REX-000090,DOMAIN_APPROVED,"['LOWER_BACK', 'HIP', 'SHOULDER']",ce0ab5a88d5e6c4243b2a910aa53ecff3aa783c716fa193711a1a6e44542b3a0,kspo,spine_core_brace_core_brace_mat,DURATION,STRENGTH,ACTIVE_CANONICAL_RETAINED,RETAINED_CANONICAL,EXISTING_CANONICAL,기존 canonical stable code를 재정렬하지 않고 유지한다.,[],,,,,,,
MOBILITY,exercise-catalog-v2.0.2-final,30,,15,30,BEGINNER,APPROVED,['BODYWEIGHT'],"['편안한 시작 자세를 잡고 주변 공간을 확인한다.', '숨을 고르게 쉬며 안내된 방향으로 천천히 움직인다.', '당김이 느껴지는 범위에서 잠시 멈춘다.', '반동 없이 시작 자세로 천천히 돌아온다.']",representative-content-v0.1.0,척추 스트레칭 운동은 상부 등·허리 주변을 천천히 움직이며 범위를 확인하는 스트레칭입니다.,"['HOME', 'GYM']",spine stretch,척추 스트레칭,"['UPPER_BACK', 'LOWER_BACK']",MOBILITY_STRETCH,False,True,REX-000091,DOMAIN_APPROVED,['ABDOMEN'],1363,gymvisual,spine_stretch_mobility_stretch_bodyweight,DURATION,MOBILITY,ACTIVE_CANONICAL_RETAINED,RETAINED_CANONICAL,EXISTING_CANONICAL,기존 canonical stable code를 재정렬하지 않고 유지한다.,[],,,,,,,
MOBILITY,exercise-catalog-v2.0.2-final,30,,15,30,BEGINNER,APPROVED,['BODYWEIGHT'],"['편안한 시작 자세를 잡고 주변 공간을 확인한다.', '숨을 고르게 쉬며 안내된 방향으로 천천히 움직인다.', '당김이 느껴지는 범위에서 잠시 멈춘다.', '반동 없이 시작 자세로 천천히 돌아온다.']",representative-content-v0.1.0,척추 비틀기 운동은 상부 등·허리 주변을 천천히 움직이며 범위를 확인하는 스트레칭입니다.,"['HOME', 'GYM']",spine twist,척추 비틀기,"['UPPER_BACK', 'LOWER_BACK']",MOBILITY_STRETCH,False,True,REX-000092,DOMAIN_APPROVED,['ABDOMEN'],2329,gymvisual,spine_twist_mobility_stretch_bodyweight,DURATION,MOBILITY,ACTIVE_CANONICAL_RETAINED,RETAINED_CANONICAL,EXISTING_CANONICAL,기존 canonical stable code를 재정렬하지 않고 유지한다.,[],,,,,,,
QUADRICEPS,exercise-catalog-v2.0.2-final,90,4,15,,INTERMEDIATE,APPROVED,['BARBELL'],"['발을 편하게 벌리고 양발에 무게를 나눈다.', '엉덩이를 뒤로 보내며 무릎을 천천히 굽힌다.', '발바닥을 바닥에 두고 편한 범위까지만 내려간다.', '발로 바닥을 밀며 천천히 시작 자세로 돌아온다.']",representative-content-v0.1.0,스쿼트 운동은 다리를 굽혔다 펴며 허벅지 앞쪽을 사용하는 운동입니다.,['GYM'],Barbell Full Squat,스쿼트,"['KNEE', 'HIP']",KNEE_DOMINANT,False,False,REX-000093,DOMAIN_APPROVED,"['LOWER_BACK', 'ANKLE_FOOT']",1801,wger,squat_variant_knee_dominant_barbell,REPS,STRENGTH,ACTIVE_CANONICAL_RETAINED,RETAINED_CANONICAL,EXISTING_CANONICAL,기존 canonical stable code를 재정렬하지 않고 유지한다.,[],,,,,,,
MOBILITY,exercise-catalog-v2.0.2-final,30,,15,30,BEGINNER,APPROVED,['STRETCH_STRAP'],"['편안한 시작 자세를 잡고 주변 공간을 확인한다.', '숨을 고르게 쉬며 안내된 방향으로 천천히 움직인다.', '당김이 느껴지는 범위에서 잠시 멈춘다.', '반동 없이 시작 자세로 천천히 돌아온다.']",representative-content-v0.1.0,스트랩 햄스트링·종아리 스트레칭 운동은 무릎·발목과 발 주변을 천천히 움직이며 범위를 확인하는 스트레칭입니다.,"['HOME', 'GYM']",standing hamstring and calf stretch with strap,스트랩 햄스트링·종아리 스트레칭,"['KNEE', 'ANKLE_FOOT']",MOBILITY_STRETCH,False,True,REX-000094,DOMAIN_APPROVED,['HIP'],1599,gymvisual,standing_hamstring_calf_strap_stretch_mobility_stretch_stretch_strap,DURATION,MOBILITY,ACTIVE_CANONICAL_RETAINED,RETAINED_CANONICAL,EXISTING_CANONICAL,기존 canonical stable code를 재정렬하지 않고 유지한다.,[],,,,,,,
MOBILITY,exercise-catalog-v2.0.2-final,30,,15,30,BEGINNER,APPROVED,['BODYWEIGHT'],"['편안한 시작 자세를 잡고 주변 공간을 확인한다.', '숨을 고르게 쉬며 안내된 방향으로 천천히 움직인다.', '당김이 느껴지는 범위에서 잠시 멈춘다.', '반동 없이 시작 자세로 천천히 돌아온다.']",representative-content-v0.1.0,서서 옆구리 스트레칭 운동은 상부 등 주변을 천천히 움직이며 범위를 확인하는 스트레칭입니다.,"['HOME', 'GYM']",standing lateral stretch,서서 옆구리 스트레칭,['UPPER_BACK'],MOBILITY_STRETCH,False,True,REX-000095,DOMAIN_APPROVED,"['LOWER_BACK', 'ABDOMEN']",0794,gymvisual,standing_lateral_stretch_mobility_stretch_bodyweight,DURATION,MOBILITY,ACTIVE_CANONICAL_RETAINED,RETAINED_CANONICAL,EXISTING_CANONICAL,기존 canonical stable code를 재정렬하지 않고 유지한다.,[],,,,,,,
MOBILITY,exercise-catalog-v2.0.2-final,30,,15,30,BEGINNER,APPROVED,['BODYWEIGHT'],"['편안한 시작 자세를 잡고 주변 공간을 확인한다.', '숨을 고르게 쉬며 안내된 방향으로 천천히 움직인다.', '당김이 느껴지는 범위에서 잠시 멈춘다.', '반동 없이 시작 자세로 천천히 돌아온다.']",representative-content-v0.1.0,삼두근 스트레칭 운동은 팔꿈치 주변을 천천히 움직이며 범위를 확인하는 스트레칭입니다.,"['HOME', 'GYM']",triceps stretch,삼두근 스트레칭,['ELBOW'],MOBILITY_STRETCH,False,True,REX-000096,DOMAIN_APPROVED,"['SHOULDER', 'WRIST_HAND']",0817,gymvisual,triceps_stretch_mobility_stretch_bodyweight,DURATION,MOBILITY,ACTIVE_CANONICAL_RETAINED,RETAINED_CANONICAL,EXISTING_CANONICAL,기존 canonical stable code를 재정렬하지 않고 유지한다.,[],,,,,,,
BACK,exercise-catalog-v2.0.2-final,90,4,15,,BEGINNER,APPROVED,['RESISTANCE_BAND'],"['시작 자세와 기구를 안정적으로 준비한다.', '안내된 부위를 중심으로 천천히 움직인다.', '끝 범위에서 힘을 잠시 유지한다.', '반동 없이 시작 자세로 돌아온다.']",representative-content-v0.1.0,상부 등 밴드 당기기 운동은 다른 부위의 움직임을 줄이고 등을 집중해 사용하는 운동입니다.,['HOME'],의자에 앉아 밴드 양옆으로 늘이기,시티드 밴드 풀어파트,['UPPER_BACK'],ISOLATION,False,False,REX-000097,DOMAIN_APPROVED,"['SHOULDER', 'ELBOW']",ab41f78cd9e548e1217b4460122ca0a1e9824cd570da589f1b37ffe86d6db937,kspo,upper_back_isolation_isolation_resistance_band,REPS,STRENGTH,ACTIVE_CANONICAL_RETAINED,RETAINED_CANONICAL,EXISTING_CANONICAL,기존 canonical stable code를 재정렬하지 않고 유지한다.,[],,,,,,,
MOBILITY,exercise-catalog-v2.0.2-final,30,,15,30,BEGINNER,APPROVED,['BODYWEIGHT'],"['편안한 시작 자세를 잡고 주변 공간을 확인한다.', '숨을 고르게 쉬며 안내된 방향으로 천천히 움직인다.', '당김이 느껴지는 범위에서 잠시 멈춘다.', '반동 없이 시작 자세로 천천히 돌아온다.']",representative-content-v0.1.0,상부 등 스트레칭 운동은 상부 등 주변을 천천히 움직이며 범위를 확인하는 스트레칭입니다.,"['HOME', 'GYM']",upper back stretch,상부 등 스트레칭,['UPPER_BACK'],MOBILITY_STRETCH,False,True,REX-000098,DOMAIN_APPROVED,"['SHOULDER', 'CHEST']",1365,gymvisual,upper_back_stretch_mobility_stretch_bodyweight,DURATION,MOBILITY,ACTIVE_CANONICAL_RETAINED,RETAINED_CANONICAL,EXISTING_CANONICAL,기존 canonical stable code를 재정렬하지 않고 유지한다.,[],,,,,,,
MOBILITY,exercise-catalog-v2.0.2-final,30,,15,30,BEGINNER,APPROVED,['BODYWEIGHT'],"['편안한 시작 자세를 잡고 주변 공간을 확인한다.', '숨을 고르게 쉬며 안내된 방향으로 천천히 움직인다.', '당김이 느껴지는 범위에서 잠시 멈춘다.', '반동 없이 시작 자세로 천천히 돌아온다.']",representative-content-v0.1.0,벽 짚고 종아리 스트레칭 운동은 발목과 발 주변을 천천히 움직이며 범위를 확인하는 스트레칭입니다.,"['HOME', 'GYM']",calf stretch with hands against wall,벽 짚고 종아리 스트레칭,['ANKLE_FOOT'],MOBILITY_STRETCH,False,True,REX-000099,DOMAIN_APPROVED,['KNEE'],1377,gymvisual,wall_calf_stretch_mobility_stretch_bodyweight,DURATION,MOBILITY,ACTIVE_CANONICAL_RETAINED,RETAINED_CANONICAL,EXISTING_CANONICAL,기존 canonical stable code를 재정렬하지 않고 유지한다.,[],,,,,,,
MOBILITY,exercise-catalog-v2.0.2-final,30,,15,30,INTERMEDIATE,APPROVED,['BODYWEIGHT'],"['편안한 시작 자세를 잡고 주변 공간을 확인한다.', '숨을 고르게 쉬며 안내된 방향으로 천천히 움직인다.', '당김이 느껴지는 범위에서 잠시 멈춘다.', '반동 없이 시작 자세로 천천히 돌아온다.']",representative-content-v0.1.0,월드 그레이티스트 스트레칭 운동은 고관절·무릎 주변을 천천히 움직이며 범위를 확인하는 스트레칭입니다.,"['HOME', 'GYM']",world greatest stretch,월드 그레이티스트 스트레칭,"['HIP', 'KNEE']",MOBILITY_STRETCH,False,True,REX-000100,DOMAIN_APPROVED,['ANKLE_FOOT'],1604,gymvisual,world_greatest_stretch_mobility_stretch_bodyweight,DURATION,MOBILITY,ACTIVE_CANONICAL_RETAINED,RETAINED_CANONICAL,EXISTING_CANONICAL,기존 canonical stable code를 재정렬하지 않고 유지한다.,[],,,,,,,
MOBILITY,exercise-catalog-v2.0.2-final,30,,15,30,BEGINNER,APPROVED,['BODYWEIGHT'],"['편안한 시작 자세를 잡고 주변 공간을 확인한다.', '숨을 고르게 쉬며 안내된 방향으로 천천히 움직인다.', '당김이 느껴지는 범위에서 잠시 멈춘다.', '반동 없이 시작 자세로 천천히 돌아온다.']",representative-content-v0.1.0,손목 돌리기 운동은 손목과 손 주변을 천천히 움직이며 범위를 확인하는 스트레칭입니다.,"['HOME', 'GYM']",wrist circles,손목 돌리기,['WRIST_HAND'],MOBILITY_STRETCH,False,True,REX-000101,DOMAIN_APPROVED,['ELBOW'],1428,gymvisual,wrist_circles_mobility_stretch_bodyweight,DURATION,MOBILITY,ACTIVE_CANONICAL_RETAINED,RETAINED_CANONICAL,EXISTING_CANONICAL,기존 canonical stable code를 재정렬하지 않고 유지한다.,[],,,,,,,
FOREARMS,exercise-catalog-v2.0.2-final,90,4,15,,BEGINNER,APPROVED,['BARBELL'],"['시작 자세와 기구를 안정적으로 준비한다.', '안내된 부위를 중심으로 천천히 움직인다.', '끝 범위에서 힘을 잠시 유지한다.', '반동 없이 시작 자세로 돌아온다.']",representative-content-v0.1.0,리스트 컬 운동은 다른 부위의 움직임을 줄이고 팔뚝을 집중해 사용하는 운동입니다.,['GYM'],barbell wrist curl,리스트 컬,['WRIST_HAND'],ISOLATION,False,False,REX-000102,DOMAIN_APPROVED,['ELBOW'],0126,gymvisual,wrist_curl_isolation_barbell,REPS,STRENGTH,ACTIVE_CANONICAL_RETAINED,RETAINED_CANONICAL,EXISTING_CANONICAL,기존 canonical stable code를 재정렬하지 않고 유지한다.,[],,,,,,,
BACK,exercise-catalog-v2.0.2-final,90,4,15,,INTERMEDIATE,REVIEW_REQUIRED,['BARBELL'],"['시작 자세와 기구를 안정적으로 준비한다.', '안내된 부위를 중심으로 천천히 움직인다.', '끝 범위에서 힘을 잠시 유지한다.', '반동 없이 시작 자세로 돌아온다.']",representative-content-v0.1.0,풀오버 운동은 다른 부위의 움직임을 줄이고 등을 집중해 사용하는 운동입니다.,['GYM'],barbell decline bent arm pullover,바벨 디클라인 벤트 암 풀오버,['UPPER_BACK'],ISOLATION,False,False,REX-000103,REVIEW_REQUIRED,"['CHEST', 'ELBOW']",v1:NEX-000002,v1,barbell_decline_bent_arm_pullover_isolation_barbell,REPS,STRENGTH,ACTIVE_CANONICAL_PROMOTED_FROM_LEGACY,SEPARATE_EXERCISE,USER_DIRECT_REVIEW,사람 직접 검수 결과 별도 운동으로 승격했다. 기존 stable code는 재사용하지 않는다.,['NEX-000002'],EXERCISE,['INTERMEDIATE'],{'INTERMEDIATE': 'FITT-ISOLATION-STRENGTH-INTERMEDIATE-V1'},NONE,,NEX-000002,True
CHEST,exercise-catalog-v2.0.2-final,90,4,15,,BEGINNER,REVIEW_REQUIRED,"['STABILITY_BALL', 'CABLE_MACHINE']","['시작 자세와 기구를 안정적으로 준비한다.', '안내된 부위를 중심으로 천천히 움직인다.', '끝 범위에서 힘을 잠시 유지한다.', '반동 없이 시작 자세로 돌아온다.']",representative-content-v0.1.0,케이블 플라이 운동은 다른 부위의 움직임을 줄이고 가슴을 집중해 사용하는 운동입니다.,['GYM'],cable incline fly (on stability ball),케이블 인클라인 플라이(메디신볼),"['CHEST', 'SHOULDER']",ISOLATION,False,False,REX-000104,REVIEW_REQUIRED,['ABDOMEN'],v1:NEX-000016,v1,cable_incline_fly_on_stability_ball_isolation_stability_ball,REPS,STRENGTH,ACTIVE_CANONICAL_PROMOTED_FROM_LEGACY,SEPARATE_EXERCISE,USER_DIRECT_REVIEW,사람 직접 검수 결과 별도 운동으로 승격했다. 기존 stable code는 재사용하지 않는다.,['NEX-000016'],EXERCISE,"['BEGINNER', 'INTERMEDIATE']","{'BEGINNER': 'FITT-ISOLATION-STRENGTH-V1', 'INTERMEDIATE': 'FITT-ISOLATION-STRENGTH-INTERMEDIATE-V1'}",NONE,,NEX-000016,True
BACK,exercise-catalog-v2.0.2-final,90,4,15,,INTERMEDIATE,REVIEW_REQUIRED,['CABLE_MACHINE'],"['시작 자세와 기구를 안정적으로 준비한다.', '안내된 부위를 중심으로 천천히 움직인다.', '끝 범위에서 힘을 잠시 유지한다.', '반동 없이 시작 자세로 돌아온다.']",representative-content-v0.1.0,풀오버 운동은 다른 부위의 움직임을 줄이고 등을 집중해 사용하는 운동입니다.,['GYM'],cable lying extension pullover (with rope attachment),케이블 라잉 익스텐션 풀오버,['UPPER_BACK'],ISOLATION,False,False,REX-000105,REVIEW_REQUIRED,"['CHEST', 'ELBOW']",v1:NEX-000018,v1,cable_lying_extension_pullover_with_rope_attachment_isolation_cable_machine,REPS,STRENGTH,ACTIVE_CANONICAL_PROMOTED_FROM_LEGACY,SEPARATE_EXERCISE,USER_DIRECT_REVIEW,사람 직접 검수 결과 별도 운동으로 승격했다. 기존 stable code는 재사용하지 않는다.,['NEX-000018'],EXERCISE,['INTERMEDIATE'],{'INTERMEDIATE': 'FITT-ISOLATION-STRENGTH-INTERMEDIATE-V1'},NONE,,NEX-000018,True
BACK,exercise-catalog-v2.0.2-final,90,4,15,,BEGINNER,REVIEW_REQUIRED,['CABLE_MACHINE'],"['가슴을 편안히 열고 손잡이나 기구를 잡는다.', '어깨를 끌어올리지 않고 팔꿈치를 뒤로 보낸다.', '손잡이를 몸 가까이 가져온 뒤 잠시 멈춘다.', '팔을 천천히 펴며 처음 위치로 돌아온다.']",representative-content-v0.1.0,시티드 케이블 로우 운동은 팔꿈치를 뒤로 보내며 등을 사용하는 운동입니다.,['GYM'],cable reverse-grip straight back seated high row,케이블 리버스-그립 스트레이트 등 시티드 하이 로우,['UPPER_BACK'],HORIZONTAL_PULL,False,False,REX-000106,REVIEW_REQUIRED,"['SHOULDER', 'ELBOW']",v1:NEX-000022,v1,cable_reverse_grip_straight_back_seated_high_row_isolation_cable_machine,REPS,STRENGTH,ACTIVE_CANONICAL_PROMOTED_FROM_LEGACY,SEPARATE_EXERCISE,USER_DIRECT_REVIEW,사람 직접 검수 결과 별도 운동으로 승격했다. 기존 stable code는 재사용하지 않는다.,['NEX-000022'],EXERCISE,"['BEGINNER', 'INTERMEDIATE']","{'BEGINNER': 'FITT-COMPOUND-PULL-V1', 'INTERMEDIATE': 'FITT-COMPOUND-PULL-INTERMEDIATE-V1'}",NONE,,NEX-000022,True
CORE,exercise-catalog-v2.0.2-final,90,,15,30,INTERMEDIATE,REVIEW_REQUIRED,"['STABILITY_BALL', 'CABLE_MACHINE']","['안내된 시작 자세를 안정적으로 잡는다.', '배 주변에 가볍게 힘을 주고 숨을 쉰다.', '몸통이 흔들리지 않는 범위에서 팔이나 다리를 움직인다.', '천천히 시작 자세로 돌아온다.']",representative-content-v0.1.0,러시안 트위스트 운동은 몸통을 유지하며 몸통 주변에 힘을 쓰는 운동입니다.,['GYM'],cable russian twists (on stability ball),케이블 러시안 트위스트(메디신볼),['ABDOMEN'],CORE_BRACE,False,False,REX-000107,REVIEW_REQUIRED,['LOWER_BACK'],v1:NEX-000023,v1,cable_russian_twists_on_stability_ball_isolation_stability_ball,DURATION,STRENGTH,ACTIVE_CANONICAL_PROMOTED_FROM_LEGACY,SEPARATE_EXERCISE,USER_DIRECT_REVIEW,사람 직접 검수 결과 별도 운동으로 승격했다. 기존 stable code는 재사용하지 않는다.,['NEX-000023'],EXERCISE,['INTERMEDIATE'],{'INTERMEDIATE': 'FITT-CORE-DYNAMIC-INTERMEDIATE-V1'},NONE,,NEX-000023,True
SHOULDERS,exercise-catalog-v2.0.2-final,90,4,15,,BEGINNER,REVIEW_REQUIRED,['DUMBBELL'],"['시작 자세와 기구를 안정적으로 준비한다.', '안내된 부위를 중심으로 천천히 움직인다.', '끝 범위에서 힘을 잠시 유지한다.', '반동 없이 시작 자세로 돌아온다.']",representative-content-v0.1.0,리어 델트 플라이 운동은 다른 부위의 움직임을 줄이고 어깨를 집중해 사용하는 운동입니다.,"['HOME', 'GYM']",dumbbell incline rear lateral raise,덤벨 인클라인 리어 레터럴 레이즈,['SHOULDER'],ISOLATION,False,False,REX-000108,REVIEW_REQUIRED,['UPPER_BACK'],v1:NEX-000037,v1,dumbbell_incline_rear_lateral_raise_isolation_dumbbell,REPS,STRENGTH,ACTIVE_CANONICAL_PROMOTED_FROM_LEGACY,SEPARATE_EXERCISE,USER_DIRECT_REVIEW,사람 직접 검수 결과 별도 운동으로 승격했다. 기존 stable code는 재사용하지 않는다.,['NEX-000037'],EXERCISE,"['BEGINNER', 'INTERMEDIATE']","{'BEGINNER': 'FITT-ISOLATION-STRENGTH-V1', 'INTERMEDIATE': 'FITT-ISOLATION-STRENGTH-INTERMEDIATE-V1'}",NONE,,NEX-000037,True
SHOULDERS,exercise-catalog-v2.0.2-final,90,4,15,,BEGINNER,REVIEW_REQUIRED,['DUMBBELL'],"['시작 자세와 기구를 안정적으로 준비한다.', '안내된 부위를 중심으로 천천히 움직인다.', '끝 범위에서 힘을 잠시 유지한다.', '반동 없이 시작 자세로 돌아온다.']",representative-content-v0.1.0,프론트 레이즈 운동은 다른 부위의 움직임을 줄이고 어깨를 집중해 사용하는 운동입니다.,"['HOME', 'GYM']",dumbbell lateral to front raise,덤벨 레터럴 투 프론트 레이즈,['SHOULDER'],ISOLATION,False,False,REX-000109,REVIEW_REQUIRED,['ELBOW'],v1:NEX-000040,v1,dumbbell_lateral_to_front_raise_isolation_dumbbell,REPS,STRENGTH,ACTIVE_CANONICAL_PROMOTED_FROM_LEGACY,SEPARATE_EXERCISE,USER_DIRECT_REVIEW,사람 직접 검수 결과 별도 운동으로 승격했다. 기존 stable code는 재사용하지 않는다.,['NEX-000040'],EXERCISE,"['BEGINNER', 'INTERMEDIATE']","{'BEGINNER': 'FITT-ISOLATION-STRENGTH-V1', 'INTERMEDIATE': 'FITT-ISOLATION-STRENGTH-INTERMEDIATE-V1'}",NONE,,NEX-000040,True
SHOULDERS,exercise-catalog-v2.0.2-final,90,4,15,,BEGINNER,REVIEW_REQUIRED,['DUMBBELL'],"['시작 자세와 기구를 안정적으로 준비한다.', '안내된 부위를 중심으로 천천히 움직인다.', '끝 범위에서 힘을 잠시 유지한다.', '반동 없이 시작 자세로 돌아온다.']",representative-content-v0.1.0,리어 델트 플라이 운동은 다른 부위의 움직임을 줄이고 어깨를 집중해 사용하는 운동입니다.,"['HOME', 'GYM']",dumbbell lying rear lateral raise,덤벨 라잉 리어 레터럴 레이즈,['SHOULDER'],ISOLATION,False,False,REX-000110,REVIEW_REQUIRED,['UPPER_BACK'],v1:NEX-000042,v1,dumbbell_lying_rear_lateral_raise_isolation_dumbbell,REPS,STRENGTH,ACTIVE_CANONICAL_PROMOTED_FROM_LEGACY,SEPARATE_EXERCISE,USER_DIRECT_REVIEW,사람 직접 검수 결과 별도 운동으로 승격했다. 기존 stable code는 재사용하지 않는다.,['NEX-000042'],EXERCISE,"['BEGINNER', 'INTERMEDIATE']","{'BEGINNER': 'FITT-ISOLATION-STRENGTH-V1', 'INTERMEDIATE': 'FITT-ISOLATION-STRENGTH-INTERMEDIATE-V1'}",NONE,,NEX-000042,True
FOREARMS,exercise-catalog-v2.0.2-final,90,4,15,,BEGINNER,REVIEW_REQUIRED,"['DUMBBELL', 'BENCH']","['시작 자세와 기구를 안정적으로 준비한다.', '안내된 부위를 중심으로 천천히 움직인다.', '끝 범위에서 힘을 잠시 유지한다.', '반동 없이 시작 자세로 돌아온다.']",representative-content-v0.1.0,리버스 리스트 컬 운동은 다른 부위의 움직임을 줄이고 팔뚝을 집중해 사용하는 운동입니다.,['GYM'],dumbbell over bench revers wrist curl,덤벨 오버 벤치 리버스 리스트 컬,['WRIST_HAND'],ISOLATION,False,False,REX-000111,REVIEW_REQUIRED,['ELBOW'],v1:NEX-000045,v1,dumbbell_over_bench_revers_wrist_curl_isolation_dumbbell,REPS,STRENGTH,ACTIVE_CANONICAL_PROMOTED_FROM_LEGACY,SEPARATE_EXERCISE,USER_DIRECT_REVIEW,사람 직접 검수 결과 별도 운동으로 승격했다. 기존 stable code는 재사용하지 않는다.,['NEX-000045'],EXERCISE,"['BEGINNER', 'INTERMEDIATE']","{'BEGINNER': 'FITT-ISOLATION-STRENGTH-V1', 'INTERMEDIATE': 'FITT-ISOLATION-STRENGTH-INTERMEDIATE-V1'}",NONE,,NEX-000045,True
SHOULDERS,exercise-catalog-v2.0.2-final,90,4,15,,BEGINNER,REVIEW_REQUIRED,['DUMBBELL'],"['시작 자세와 기구를 안정적으로 준비한다.', '안내된 부위를 중심으로 천천히 움직인다.', '끝 범위에서 힘을 잠시 유지한다.', '반동 없이 시작 자세로 돌아온다.']",representative-content-v0.1.0,리어 델트 플라이 운동은 다른 부위의 움직임을 줄이고 어깨를 집중해 사용하는 운동입니다.,"['HOME', 'GYM']",dumbbell rear lateral raise (support head),덤벨 레터럴 레이즈,['SHOULDER'],ISOLATION,False,False,REX-000112,REVIEW_REQUIRED,['ELBOW'],v1:NEX-000049,v1,dumbbell_rear_lateral_raise_support_head_isolation_dumbbell,REPS,STRENGTH,ACTIVE_CANONICAL_PROMOTED_FROM_LEGACY,SEPARATE_EXERCISE,USER_DIRECT_REVIEW,사람 직접 검수 결과 별도 운동으로 승격했다. 기존 stable code는 재사용하지 않는다.,['NEX-000049'],EXERCISE,"['BEGINNER', 'INTERMEDIATE']","{'BEGINNER': 'FITT-ISOLATION-STRENGTH-V1', 'INTERMEDIATE': 'FITT-ISOLATION-STRENGTH-INTERMEDIATE-V1'}",NONE,,NEX-000049,True
SHOULDERS,exercise-catalog-v2.0.2-final,90,4,15,,BEGINNER,REVIEW_REQUIRED,['DUMBBELL'],"['시작 자세와 기구를 안정적으로 준비한다.', '안내된 부위를 중심으로 천천히 움직인다.', '끝 범위에서 힘을 잠시 유지한다.', '반동 없이 시작 자세로 돌아온다.']",representative-content-v0.1.0,리어 델트 플라이 운동은 다른 부위의 움직임을 줄이고 어깨를 집중해 사용하는 운동입니다.,"['HOME', 'GYM']",dumbbell rear lateral raise,덤벨 레터럴 레이즈,['SHOULDER'],ISOLATION,False,False,REX-000113,REVIEW_REQUIRED,['ELBOW'],v1:NEX-000050,v1,dumbbell_rear_lateral_raise_isolation_dumbbell,REPS,STRENGTH,ACTIVE_CANONICAL_PROMOTED_FROM_LEGACY,SEPARATE_EXERCISE,USER_DIRECT_REVIEW,사람 직접 검수 결과 별도 운동으로 승격했다. 기존 stable code는 재사용하지 않는다.,['NEX-000050'],EXERCISE,"['BEGINNER', 'INTERMEDIATE']","{'BEGINNER': 'FITT-ISOLATION-STRENGTH-V1', 'INTERMEDIATE': 'FITT-ISOLATION-STRENGTH-INTERMEDIATE-V1'}",NONE,,NEX-000050,True
HAMSTRINGS,exercise-catalog-v2.0.2-final,90,4,15,,BEGINNER,REVIEW_REQUIRED,['BENCH'],"['기구에 앉아 몸과 기구의 위치를 맞춘다.', '다리를 천천히 굽힌다.', '조절할 수 있는 범위에서 잠시 멈춘다.', '천천히 다리를 되돌린다.']",representative-content-v0.1.0,레그 컬 운동은 다리를 굽혔다 펴며 허벅지 뒤쪽을 사용하는 운동입니다.,['GYM'],inverse leg curl (bench support),인버스 레그 컬,['KNEE'],KNEE_FLEXION,False,False,REX-000114,REVIEW_REQUIRED,['HIP'],v1:NEX-000065,v1,inverse_leg_curl_bench_support_isolation_bench,REPS,STRENGTH,ACTIVE_CANONICAL_PROMOTED_FROM_LEGACY,SEPARATE_EXERCISE,USER_DIRECT_REVIEW,사람 직접 검수 결과 별도 운동으로 승격했다. 기존 stable code는 재사용하지 않는다.,['NEX-000065'],EXERCISE,"['BEGINNER', 'INTERMEDIATE']","{'BEGINNER': 'FITT-ISOLATION-STRENGTH-V1', 'INTERMEDIATE': 'FITT-ISOLATION-STRENGTH-INTERMEDIATE-V1'}",NONE,,NEX-000065,True
BACK,exercise-catalog-v2.0.2-final,90,4,15,,INTERMEDIATE,REVIEW_REQUIRED,['STRETCH_STRAP'],"['가슴을 편안히 열고 손잡이나 기구를 잡는다.', '어깨를 끌어올리지 않고 팔꿈치를 뒤로 보낸다.', '손잡이를 몸 가까이 가져온 뒤 잠시 멈춘다.', '팔을 천천히 펴며 처음 위치로 돌아온다.']",representative-content-v0.1.0,인버티드 로우 운동은 팔꿈치를 뒤로 보내며 등을 사용하는 운동입니다.,['GYM'],inverted row with straps,인버티드 로우(스트랩),['UPPER_BACK'],HORIZONTAL_PULL,False,False,REX-000115,REVIEW_REQUIRED,"['ELBOW', 'SHOULDER']",v1:NEX-000066,v1,inverted_row_with_straps_isolation_stretch_strap,REPS,STRENGTH,ACTIVE_CANONICAL_PROMOTED_FROM_LEGACY,SEPARATE_EXERCISE,USER_DIRECT_REVIEW,사람 직접 검수 결과 별도 운동으로 승격했다. 기존 stable code는 재사용하지 않는다.,['NEX-000066'],EXERCISE,['INTERMEDIATE'],{'INTERMEDIATE': 'FITT-COMPOUND-PULL-INTERMEDIATE-V1'},NONE,,NEX-000066,True
GLUTES,exercise-catalog-v2.0.2-final,90,4,15,,INTERMEDIATE,REVIEW_REQUIRED,['KETTLEBELL'],"['발을 편하게 벌리고 양발에 무게를 나눈다.', '엉덩이를 뒤로 보내며 무릎을 천천히 굽힌다.', '발바닥을 바닥에 두고 편한 범위까지만 내려간다.', '발로 바닥을 밀며 천천히 시작 자세로 돌아온다.']",representative-content-v0.1.0,포워드 런지 운동은 다리를 굽혔다 펴며 엉덩이를 사용하는 운동입니다.,['GYM'],kettlebell lunge pass through,케틀벨 런지,"['HIP', 'KNEE']",KNEE_DOMINANT,False,False,REX-000116,REVIEW_REQUIRED,['ANKLE_FOOT'],v1:NEX-000068,v1,kettlebell_lunge_pass_through_isolation_kettlebell,REPS,STRENGTH,ACTIVE_CANONICAL_PROMOTED_FROM_LEGACY,SEPARATE_EXERCISE,USER_DIRECT_REVIEW,사람 직접 검수 결과 별도 운동으로 승격했다. 기존 stable code는 재사용하지 않는다.,['NEX-000068'],EXERCISE,['INTERMEDIATE'],{'INTERMEDIATE': 'FITT-COMPOUND-LUNGE-INTERMEDIATE-V1'},NONE,,NEX-000068,True
HAMSTRINGS,exercise-catalog-v2.0.2-final,90,4,15,,BEGINNER,REVIEW_REQUIRED,['BODYWEIGHT'],"['기구에 앉아 몸과 기구의 위치를 맞춘다.', '다리를 천천히 굽힌다.', '조절할 수 있는 범위에서 잠시 멈춘다.', '천천히 다리를 되돌린다.']",representative-content-v0.1.0,레그 컬 운동은 다리를 굽혔다 펴며 허벅지 뒤쪽을 사용하는 운동입니다.,"['HOME', 'GYM']",self assisted inverse leg curl (on floor),인버스 레그 컬(바닥),['KNEE'],KNEE_FLEXION,False,False,REX-000117,REVIEW_REQUIRED,['HIP'],v1:NEX-000081,v1,self_assisted_inverse_leg_curl_on_floor_isolation_bodyweight,REPS,STRENGTH,ACTIVE_CANONICAL_PROMOTED_FROM_LEGACY,SEPARATE_EXERCISE,USER_DIRECT_REVIEW,사람 직접 검수 결과 별도 운동으로 승격했다. 기존 stable code는 재사용하지 않는다.,['NEX-000081'],EXERCISE,"['BEGINNER', 'INTERMEDIATE']","{'BEGINNER': 'FITT-ISOLATION-STRENGTH-V1', 'INTERMEDIATE': 'FITT-ISOLATION-STRENGTH-INTERMEDIATE-V1'}",NONE,,NEX-000081,True
HAMSTRINGS,exercise-catalog-v2.0.2-final,90,4,15,,BEGINNER,REVIEW_REQUIRED,['BODYWEIGHT'],"['기구에 앉아 몸과 기구의 위치를 맞춘다.', '다리를 천천히 굽힌다.', '조절할 수 있는 범위에서 잠시 멈춘다.', '천천히 다리를 되돌린다.']",representative-content-v0.1.0,레그 컬 운동은 다리를 굽혔다 펴며 허벅지 뒤쪽을 사용하는 운동입니다.,"['HOME', 'GYM']",self assisted inverse leg curl,인버스 레그 컬,['KNEE'],KNEE_FLEXION,False,False,REX-000118,REVIEW_REQUIRED,['HIP'],v1:NEX-000082,v1,self_assisted_inverse_leg_curl_isolation_bodyweight,REPS,STRENGTH,ACTIVE_CANONICAL_PROMOTED_FROM_LEGACY,SEPARATE_EXERCISE,USER_DIRECT_REVIEW,사람 직접 검수 결과 별도 운동으로 승격했다. 기존 stable code는 재사용하지 않는다.,['NEX-000082'],EXERCISE,"['BEGINNER', 'INTERMEDIATE']","{'BEGINNER': 'FITT-ISOLATION-STRENGTH-V1', 'INTERMEDIATE': 'FITT-ISOLATION-STRENGTH-INTERMEDIATE-V1'}",NONE,,NEX-000082,True
CALVES,exercise-catalog-v2.0.2-final,90,4,15,,INTERMEDIATE,REVIEW_REQUIRED,['MACHINE'],"['시작 자세와 기구를 안정적으로 준비한다.', '안내된 부위를 중심으로 천천히 움직인다.', '끝 범위에서 힘을 잠시 유지한다.', '반동 없이 시작 자세로 돌아온다.']",representative-content-v0.1.0,리버스 카프 레이즈 운동은 다른 부위의 움직임을 줄이고 종아리를 집중해 사용하는 운동입니다.,['GYM'],smith reverse calf raises,스미스 리버스 카프 레이즈,['ANKLE_FOOT'],ISOLATION,False,False,REX-000119,REVIEW_REQUIRED,['KNEE'],v1:NEX-000085,v1,smith_reverse_calf_raises_isolation_machine,REPS,STRENGTH,ACTIVE_CANONICAL_PROMOTED_FROM_LEGACY,SEPARATE_EXERCISE,USER_DIRECT_REVIEW,사람 직접 검수 결과 별도 운동으로 승격했다. 기존 stable code는 재사용하지 않는다.,['NEX-000085'],EXERCISE,['INTERMEDIATE'],{'INTERMEDIATE': 'FITT-ISOLATION-STRENGTH-INTERMEDIATE-V1'},NONE,,NEX-000085,True
CORE,exercise-catalog-v2.0.2-final,90,,15,30,INTERMEDIATE,REVIEW_REQUIRED,['BODYWEIGHT'],"['안내된 시작 자세를 안정적으로 잡는다.', '배 주변에 가볍게 힘을 주고 숨을 쉰다.', '몸통이 흔들리지 않는 범위에서 팔이나 다리를 움직인다.', '천천히 시작 자세로 돌아온다.']",representative-content-v0.1.0,러시안 트위스트 운동은 몸통을 유지하며 몸통 주변에 힘을 쓰는 운동입니다.,"['HOME', 'GYM']",weighted russian twist (legs up),중량 러시안 트위스트(레그 업),['ABDOMEN'],CORE_BRACE,False,False,REX-000120,REVIEW_REQUIRED,['LOWER_BACK'],v1:NEX-000090,v1,weighted_russian_twist_legs_up_isolation_bodyweight,DURATION,STRENGTH,ACTIVE_CANONICAL_PROMOTED_FROM_LEGACY,SEPARATE_EXERCISE,USER_DIRECT_REVIEW,사람 직접 검수 결과 별도 운동으로 승격했다. 기존 stable code는 재사용하지 않는다.,['NEX-000090'],EXERCISE,['INTERMEDIATE'],{'INTERMEDIATE': 'FITT-CORE-DYNAMIC-INTERMEDIATE-V1'},NONE,,NEX-000090,True
CORE,exercise-catalog-v2.0.2-final,90,,15,30,INTERMEDIATE,REVIEW_REQUIRED,['RESISTANCE_BAND'],"['안내된 시작 자세를 안정적으로 잡는다.', '배 주변에 가볍게 힘을 주고 숨을 쉰다.', '몸통이 흔들리지 않는 범위에서 팔이나 다리를 움직인다.', '천천히 시작 자세로 돌아온다.']",representative-content-v0.1.0,회전형 크런치 운동은 몸통을 유지하며 몸통 주변에 힘을 쓰는 운동입니다.,"['HOME', 'GYM']",band bicycle crunch,밴드 바이시클 크런치,['ABDOMEN'],CORE_BRACE,False,False,REX-000121,REVIEW_REQUIRED,['LOWER_BACK'],v1:NEX-000096,v1,band_bicycle_crunch_isolation_resistance_band,DURATION,STRENGTH,ACTIVE_CANONICAL_PROMOTED_FROM_LEGACY,SEPARATE_EXERCISE,USER_DIRECT_REVIEW,사람 직접 검수 결과 별도 운동으로 승격했다. 기존 stable code는 재사용하지 않는다.,['NEX-000096'],EXERCISE,['INTERMEDIATE'],{'INTERMEDIATE': 'FITT-CORE-DYNAMIC-INTERMEDIATE-V1'},NONE,,NEX-000096,True
CORE,exercise-catalog-v2.0.2-final,90,,15,30,INTERMEDIATE,REVIEW_REQUIRED,['RESISTANCE_BAND'],"['안내된 시작 자세를 안정적으로 잡는다.', '배 주변에 가볍게 힘을 주고 숨을 쉰다.', '몸통이 흔들리지 않는 범위에서 팔이나 다리를 움직인다.', '천천히 시작 자세로 돌아온다.']",representative-content-v0.1.0,회전형 크런치 운동은 몸통을 유지하며 몸통 주변에 힘을 쓰는 운동입니다.,"['HOME', 'GYM']",band kneeling twisting crunch,밴드 니링 트위스트 크런치,['ABDOMEN'],CORE_BRACE,False,False,REX-000122,REVIEW_REQUIRED,['LOWER_BACK'],v1:NEX-000099,v1,band_kneeling_twisting_crunch_isolation_resistance_band,DURATION,STRENGTH,ACTIVE_CANONICAL_PROMOTED_FROM_LEGACY,SEPARATE_EXERCISE,USER_DIRECT_REVIEW,사람 직접 검수 결과 별도 운동으로 승격했다. 기존 stable code는 재사용하지 않는다.,['NEX-000099'],EXERCISE,['INTERMEDIATE'],{'INTERMEDIATE': 'FITT-CORE-DYNAMIC-INTERMEDIATE-V1'},NONE,,NEX-000099,True
CHEST,exercise-catalog-v2.0.2-final,90,4,15,,BEGINNER,REVIEW_REQUIRED,['CABLE_MACHINE'],"['시작 자세와 기구를 안정적으로 준비한다.', '안내된 부위를 중심으로 천천히 움직인다.', '끝 범위에서 힘을 잠시 유지한다.', '반동 없이 시작 자세로 돌아온다.']",representative-content-v0.1.0,케이블 플라이 운동은 다른 부위의 움직임을 줄이고 가슴을 집중해 사용하는 운동입니다.,['GYM'],cable one arm decline chest fly,케이블 원암 디클라인 체스트 플라이,['CHEST'],ISOLATION,False,False,REX-000123,REVIEW_REQUIRED,['SHOULDER'],v1:NEX-000109,v1,cable_one_arm_decline_chest_fly_isolation_cable_machine,REPS,STRENGTH,ACTIVE_CANONICAL_PROMOTED_FROM_LEGACY,SEPARATE_EXERCISE,USER_DIRECT_REVIEW,사람 직접 검수 결과 별도 운동으로 승격했다. 기존 stable code는 재사용하지 않는다.,['NEX-000109'],EXERCISE,"['BEGINNER', 'INTERMEDIATE']","{'BEGINNER': 'FITT-ISOLATION-STRENGTH-V1', 'INTERMEDIATE': 'FITT-ISOLATION-STRENGTH-INTERMEDIATE-V1'}",NONE,,NEX-000109,True
CALVES,exercise-catalog-v2.0.2-final,90,4,15,,BEGINNER,REVIEW_REQUIRED,['RESISTANCE_BAND'],"['시작 자세와 기구를 안정적으로 준비한다.', '안내된 부위를 중심으로 천천히 움직인다.', '끝 범위에서 힘을 잠시 유지한다.', '반동 없이 시작 자세로 돌아온다.']",representative-content-v0.1.0,스탠딩 카프 레이즈 운동은 다른 부위의 움직임을 줄이고 종아리를 집중해 사용하는 운동입니다.,"['HOME', 'GYM']",band two legs calf raise - (band under both legs) v. 2,밴드 양발 카프 레이즈,['ANKLE_FOOT'],ISOLATION,False,False,REX-000124,REVIEW_REQUIRED,['KNEE'],v1:NEX-000117,v1,band_two_legs_calf_raise_band_under_both_legs_v_2_isolation_resistance_band,REPS,STRENGTH,ACTIVE_CANONICAL_PROMOTED_FROM_LEGACY,SEPARATE_EXERCISE,USER_DIRECT_REVIEW,사람 직접 검수 결과 별도 운동으로 승격했다. 기존 stable code는 재사용하지 않는다.,['NEX-000117'],EXERCISE,"['BEGINNER', 'INTERMEDIATE']","{'BEGINNER': 'FITT-ISOLATION-STRENGTH-V1', 'INTERMEDIATE': 'FITT-ISOLATION-STRENGTH-INTERMEDIATE-V1'}",NONE,,NEX-000117,True
CALVES,exercise-catalog-v2.0.2-final,90,4,15,,BEGINNER,REVIEW_REQUIRED,['BODYWEIGHT'],"['시작 자세와 기구를 안정적으로 준비한다.', '안내된 부위를 중심으로 천천히 움직인다.', '끝 범위에서 힘을 잠시 유지한다.', '반동 없이 시작 자세로 돌아온다.']",representative-content-v0.1.0,스탠딩 카프 레이즈 운동은 다른 부위의 움직임을 줄이고 종아리를 집중해 사용하는 운동입니다.,"['HOME', 'GYM']",one leg donkey calf raise,한발 동키 카프 레이즈,['ANKLE_FOOT'],ISOLATION,False,False,REX-000125,REVIEW_REQUIRED,['KNEE'],v1:NEX-000121,v1,one_leg_donkey_calf_raise_isolation_bodyweight,REPS,STRENGTH,ACTIVE_CANONICAL_PROMOTED_FROM_LEGACY,SEPARATE_EXERCISE,USER_DIRECT_REVIEW,사람 직접 검수 결과 별도 운동으로 승격했다. 기존 stable code는 재사용하지 않는다.,['NEX-000121'],EXERCISE,"['BEGINNER', 'INTERMEDIATE']","{'BEGINNER': 'FITT-ISOLATION-STRENGTH-V1', 'INTERMEDIATE': 'FITT-ISOLATION-STRENGTH-INTERMEDIATE-V1'}",NONE,,NEX-000121,True
BICEPS,exercise-catalog-v2.0.2-final,90,4,15,,BEGINNER,REVIEW_REQUIRED,['DUMBBELL'],"['시작 자세와 기구를 안정적으로 준비한다.', '안내된 부위를 중심으로 천천히 움직인다.', '끝 범위에서 힘을 잠시 유지한다.', '반동 없이 시작 자세로 돌아온다.']",representative-content-v0.1.0,프리처 컬 운동은 다른 부위의 움직임을 줄이고 팔 앞쪽을 집중해 사용하는 운동입니다.,"['HOME', 'GYM']",dumbbell alternate hammer preacher curl,덤벨 해머 프리처 컬,['ELBOW'],ISOLATION,False,False,REX-000126,REVIEW_REQUIRED,['WRIST_HAND'],v1:NEX-000140,v1,dumbbell_alternate_hammer_preacher_curl_isolation_dumbbell,REPS,STRENGTH,ACTIVE_CANONICAL_PROMOTED_FROM_LEGACY,SEPARATE_EXERCISE,USER_DIRECT_REVIEW,사람 직접 검수 결과 별도 운동으로 승격했다. 기존 stable code는 재사용하지 않는다.,['NEX-000140'],EXERCISE,"['BEGINNER', 'INTERMEDIATE']","{'BEGINNER': 'FITT-ISOLATION-STRENGTH-V1', 'INTERMEDIATE': 'FITT-ISOLATION-STRENGTH-INTERMEDIATE-V1'}",NONE,,NEX-000140,True
BACK,exercise-catalog-v2.0.2-final,90,4,15,,INTERMEDIATE,REVIEW_REQUIRED,['MACHINE'],"['시작 자세와 기구를 안정적으로 준비한다.', '안내된 부위를 중심으로 천천히 움직인다.', '끝 범위에서 힘을 잠시 유지한다.', '반동 없이 시작 자세로 돌아온다.']",representative-content-v0.1.0,풀오버 운동은 다른 부위의 움직임을 줄이고 등을 집중해 사용하는 운동입니다.,['GYM'],lever pullover,풀오버,['UPPER_BACK'],ISOLATION,False,False,REX-000127,REVIEW_REQUIRED,"['CHEST', 'ELBOW']",v1:NEX-000148,v1,lever_pullover_isolation_machine,REPS,STRENGTH,ACTIVE_CANONICAL_PROMOTED_FROM_LEGACY,SEPARATE_EXERCISE,USER_DIRECT_REVIEW,사람 직접 검수 결과 별도 운동으로 승격했다. 기존 stable code는 재사용하지 않는다.,['NEX-000148'],EXERCISE,['INTERMEDIATE'],{'INTERMEDIATE': 'FITT-ISOLATION-STRENGTH-INTERMEDIATE-V1'},NONE,,NEX-000148,True
CALVES,exercise-catalog-v2.0.2-final,90,4,15,,BEGINNER,REVIEW_REQUIRED,['MACHINE'],"['시작 자세와 기구를 안정적으로 준비한다.', '안내된 부위를 중심으로 천천히 움직인다.', '끝 범위에서 힘을 잠시 유지한다.', '반동 없이 시작 자세로 돌아온다.']",representative-content-v0.1.0,시티드 카프 레이즈 운동은 다른 부위의 움직임을 줄이고 종아리를 집중해 사용하는 운동입니다.,['GYM'],lever seated calf press,시티드 카프 프레스,['ANKLE_FOOT'],ISOLATION,False,False,REX-000128,REVIEW_REQUIRED,['KNEE'],v1:NEX-000153,v1,lever_seated_calf_press_isolation_machine,REPS,STRENGTH,ACTIVE_CANONICAL_PROMOTED_FROM_LEGACY,SEPARATE_EXERCISE,USER_DIRECT_REVIEW,사람 직접 검수 결과 별도 운동으로 승격했다. 기존 stable code는 재사용하지 않는다.,['NEX-000153'],EXERCISE,"['BEGINNER', 'INTERMEDIATE']","{'BEGINNER': 'FITT-ISOLATION-STRENGTH-V1', 'INTERMEDIATE': 'FITT-ISOLATION-STRENGTH-INTERMEDIATE-V1'}",NONE,,NEX-000153,True
HAMSTRINGS,exercise-catalog-v2.0.2-final,90,4,15,,BEGINNER,REVIEW_REQUIRED,"['PULL_UP_BAR', 'CABLE_MACHINE', 'MACHINE']","['기구에 앉아 몸과 기구의 위치를 맞춘다.', '다리를 천천히 굽힌다.', '조절할 수 있는 범위에서 잠시 멈춘다.', '천천히 다리를 되돌린다.']",representative-content-v0.1.0,레그 컬 운동은 다리를 굽혔다 펴며 허벅지 뒤쪽을 사용하는 운동입니다.,['GYM'],inverse leg curl (on pull-up cable machine),인버스 레그 컬,['KNEE'],KNEE_FLEXION,False,False,REX-000129,REVIEW_REQUIRED,['HIP'],v1:NEX-000156,v1,inverse_leg_curl_on_pull_up_cable_machine_isolation_pull_up_bar,REPS,STRENGTH,ACTIVE_CANONICAL_PROMOTED_FROM_LEGACY,SEPARATE_EXERCISE,USER_DIRECT_REVIEW,사람 직접 검수 결과 별도 운동으로 승격했다. 기존 stable code는 재사용하지 않는다.,['NEX-000156'],EXERCISE,"['BEGINNER', 'INTERMEDIATE']","{'BEGINNER': 'FITT-ISOLATION-STRENGTH-V1', 'INTERMEDIATE': 'FITT-ISOLATION-STRENGTH-INTERMEDIATE-V1'}",NONE,,NEX-000156,True
QUADRICEPS,exercise-catalog-v2.0.2-final,90,4,15,,BEGINNER,REVIEW_REQUIRED,['RESISTANCE_BAND'],"['시작 자세와 기구를 안정적으로 준비한다.', '안내된 부위를 중심으로 천천히 움직인다.', '끝 범위에서 힘을 잠시 유지한다.', '반동 없이 시작 자세로 돌아온다.']",representative-content-v0.1.0,레그 익스텐션 운동은 다른 부위의 움직임을 줄이고 허벅지 앞쪽을 집중해 사용하는 운동입니다.,"['HOME', 'GYM']",resistance band leg extension,밴드 레그 익스텐션,['KNEE'],ISOLATION,False,False,REX-000130,REVIEW_REQUIRED,['HIP'],v1:NEX-000160,v1,resistance_band_leg_extension_isolation_resistance_band,REPS,STRENGTH,ACTIVE_CANONICAL_PROMOTED_FROM_LEGACY,SEPARATE_EXERCISE,USER_DIRECT_REVIEW,사람 직접 검수 결과 별도 운동으로 승격했다. 기존 stable code는 재사용하지 않는다.,['NEX-000160'],EXERCISE,"['BEGINNER', 'INTERMEDIATE']","{'BEGINNER': 'FITT-ISOLATION-STRENGTH-V1', 'INTERMEDIATE': 'FITT-ISOLATION-STRENGTH-INTERMEDIATE-V1'}",NONE,,NEX-000160,True
BACK,exercise-catalog-v2.0.2-final,90,4,15,,INTERMEDIATE,REVIEW_REQUIRED,['BODYWEIGHT'],"['시작 자세와 기구를 안정적으로 준비한다.', '안내된 부위를 중심으로 천천히 움직인다.', '끝 범위에서 힘을 잠시 유지한다.', '반동 없이 시작 자세로 돌아온다.']",representative-content-v0.1.0,풀오버 운동은 다른 부위의 움직임을 줄이고 등을 집중해 사용하는 운동입니다.,"['HOME', 'GYM']",ez bar lying bent arms pullover,라잉 벤트 암 풀오버,['UPPER_BACK'],ISOLATION,False,False,REX-000131,REVIEW_REQUIRED,"['CHEST', 'ELBOW']",v1:NEX-000161,v1,ez_bar_lying_bent_arms_pullover_isolation_bodyweight,REPS,STRENGTH,ACTIVE_CANONICAL_PROMOTED_FROM_LEGACY,SEPARATE_EXERCISE,USER_DIRECT_REVIEW,사람 직접 검수 결과 별도 운동으로 승격했다. 기존 stable code는 재사용하지 않는다.,['NEX-000161'],EXERCISE,['INTERMEDIATE'],{'INTERMEDIATE': 'FITT-ISOLATION-STRENGTH-INTERMEDIATE-V1'},NONE,,NEX-000161,True
HAMSTRINGS,exercise-catalog-v2.0.2-final,90,4,15,,BEGINNER,REVIEW_REQUIRED,['CHAIR'],"['기구에 앉아 몸과 기구의 위치를 맞춘다.', '다리를 천천히 굽힌다.', '조절할 수 있는 범위에서 잠시 멈춘다.', '천천히 다리를 되돌린다.']",representative-content-v0.1.0,레그 컬 운동은 다리를 굽혔다 펴며 허벅지 뒤쪽을 사용하는 운동입니다.,['GYM'],Standing Leg Curl with Chair Support,의자 잡고 레그 컬,['KNEE'],KNEE_FLEXION,False,False,REX-000132,REVIEW_REQUIRED,['HIP'],v1:NEX-000180,v1,standing_leg_curl_with_chair_support_isolation_chair,REPS,STRENGTH,ACTIVE_CANONICAL_PROMOTED_FROM_LEGACY,SEPARATE_EXERCISE,USER_DIRECT_REVIEW,사람 직접 검수 결과 별도 운동으로 승격했다. 기존 stable code는 재사용하지 않는다.,['NEX-000180'],EXERCISE,"['BEGINNER', 'INTERMEDIATE']","{'BEGINNER': 'FITT-ISOLATION-STRENGTH-V1', 'INTERMEDIATE': 'FITT-ISOLATION-STRENGTH-INTERMEDIATE-V1'}",NONE,,NEX-000180,True
SHOULDERS,exercise-catalog-v2.0.2-final,90,4,15,,BEGINNER,REVIEW_REQUIRED,['DUMBBELL'],"['가슴을 편안히 열고 손잡이나 기구를 잡는다.', '어깨를 끌어올리지 않고 팔꿈치를 뒤로 보낸다.', '손잡이를 몸 가까이 가져온 뒤 잠시 멈춘다.', '팔을 천천히 펴며 처음 위치로 돌아온다.']",representative-content-v0.1.0,로우 운동은 팔꿈치를 뒤로 보내며 등을 사용하는 운동입니다.,"['HOME', 'GYM']",Dumbbell rear delt row,덤벨 델트 로우,['SHOULDER'],HORIZONTAL_PULL,False,False,REX-000133,REVIEW_REQUIRED,"['UPPER_BACK', 'ELBOW']",v1:NEX-000184,v1,dumbbell_rear_delt_row_isolation_dumbbell,REPS,STRENGTH,ACTIVE_CANONICAL_PROMOTED_FROM_LEGACY,SEPARATE_EXERCISE,USER_DIRECT_REVIEW,사람 직접 검수 결과 별도 운동으로 승격했다. 기존 stable code는 재사용하지 않는다.,['NEX-000184'],EXERCISE,"['BEGINNER', 'INTERMEDIATE']","{'BEGINNER': 'FITT-COMPOUND-PULL-V1', 'INTERMEDIATE': 'FITT-COMPOUND-PULL-INTERMEDIATE-V1'}",NONE,,NEX-000184,True
BACK,exercise-catalog-v2.0.2-final,90,4,15,,BEGINNER,REVIEW_REQUIRED,['DUMBBELL'],"['가슴을 편안히 열고 손잡이나 기구를 잡는다.', '어깨를 끌어올리지 않고 팔꿈치를 뒤로 보낸다.', '손잡이를 몸 가까이 가져온 뒤 잠시 멈춘다.', '팔을 천천히 펴며 처음 위치로 돌아온다.']",representative-content-v0.1.0,로우 운동은 팔꿈치를 뒤로 보내며 등을 사용하는 운동입니다.,"['HOME', 'GYM']",Incline Chest-Supported Dumbbell Row,인클라인 체스트 덤벨 로우,['UPPER_BACK'],HORIZONTAL_PULL,False,False,REX-000134,REVIEW_REQUIRED,"['ELBOW', 'SHOULDER']",v1:NEX-000185,v1,incline_chest_supported_dumbbell_row_isolation_dumbbell,REPS,STRENGTH,ACTIVE_CANONICAL_PROMOTED_FROM_LEGACY,SEPARATE_EXERCISE,USER_DIRECT_REVIEW,사람 직접 검수 결과 별도 운동으로 승격했다. 기존 stable code는 재사용하지 않는다.,['NEX-000185'],EXERCISE,"['BEGINNER', 'INTERMEDIATE']","{'BEGINNER': 'FITT-COMPOUND-PULL-V1', 'INTERMEDIATE': 'FITT-COMPOUND-PULL-INTERMEDIATE-V1'}",NONE,,NEX-000185,True
CALVES,exercise-catalog-v2.0.2-final,90,4,15,,BEGINNER,REVIEW_REQUIRED,['MACHINE'],"['시작 자세와 기구를 안정적으로 준비한다.', '안내된 부위를 중심으로 천천히 움직인다.', '끝 범위에서 힘을 잠시 유지한다.', '반동 없이 시작 자세로 돌아온다.']",representative-content-v0.1.0,시티드 카프 레이즈 운동은 다른 부위의 움직임을 줄이고 종아리를 집중해 사용하는 운동입니다.,['GYM'],Calf Press Using Leg Press Machine,머신 카프 프레스,['ANKLE_FOOT'],ISOLATION,False,False,REX-000135,REVIEW_REQUIRED,['KNEE'],v1:NEX-000188,v1,calf_press_using_leg_press_machine_isolation_machine,REPS,STRENGTH,ACTIVE_CANONICAL_PROMOTED_FROM_LEGACY,SEPARATE_EXERCISE,USER_DIRECT_REVIEW,사람 직접 검수 결과 별도 운동으로 승격했다. 기존 stable code는 재사용하지 않는다.,['NEX-000188'],EXERCISE,"['BEGINNER', 'INTERMEDIATE']","{'BEGINNER': 'FITT-ISOLATION-STRENGTH-V1', 'INTERMEDIATE': 'FITT-ISOLATION-STRENGTH-INTERMEDIATE-V1'}",NONE,,NEX-000188,True
HAMSTRINGS,exercise-catalog-v2.0.2-final,90,4,15,,BEGINNER,REVIEW_REQUIRED,['RESISTANCE_BAND'],"['기구에 앉아 몸과 기구의 위치를 맞춘다.', '다리를 천천히 굽힌다.', '조절할 수 있는 범위에서 잠시 멈춘다.', '천천히 다리를 되돌린다.']",representative-content-v0.1.0,레그 컬 운동은 다리를 굽혔다 펴며 허벅지 뒤쪽을 사용하는 운동입니다.,"['HOME', 'GYM']",Leg curl with elastic,밴드 레그 컬,['KNEE'],KNEE_FLEXION,False,False,REX-000136,REVIEW_REQUIRED,['HIP'],v1:NEX-000191,v1,leg_curl_with_elastic_isolation_resistance_band,REPS,STRENGTH,ACTIVE_CANONICAL_PROMOTED_FROM_LEGACY,SEPARATE_EXERCISE,USER_DIRECT_REVIEW,사람 직접 검수 결과 별도 운동으로 승격했다. 기존 stable code는 재사용하지 않는다.,['NEX-000191'],EXERCISE,"['BEGINNER', 'INTERMEDIATE']","{'BEGINNER': 'FITT-ISOLATION-STRENGTH-V1', 'INTERMEDIATE': 'FITT-ISOLATION-STRENGTH-INTERMEDIATE-V1'}",NONE,,NEX-000191,True
QUADRICEPS,exercise-catalog-v2.0.2-final,90,4,15,,INTERMEDIATE,REVIEW_REQUIRED,['DUMBBELL'],"['발을 편하게 벌리고 양발에 무게를 나눈다.', '엉덩이를 뒤로 보내며 무릎을 천천히 굽힌다.', '발바닥을 바닥에 두고 편한 범위까지만 내려간다.', '발로 바닥을 밀며 천천히 시작 자세로 돌아온다.']",representative-content-v0.1.0,스플릿 스쿼트 운동은 다리를 굽혔다 펴며 허벅지 앞쪽을 사용하는 운동입니다.,"['HOME', 'GYM']",Bulgarian Squat with Dumbbells,덤벨 불가리안 스플릿 스쿼트,"['KNEE', 'HIP']",KNEE_DOMINANT,False,False,REX-000137,REVIEW_REQUIRED,['ANKLE_FOOT'],v1:NEX-000195,v1,bulgarian_squat_with_dumbbells_isolation_dumbbell,REPS,STRENGTH,ACTIVE_CANONICAL_PROMOTED_FROM_LEGACY,SEPARATE_EXERCISE,USER_DIRECT_REVIEW,사람 직접 검수 결과 별도 운동으로 승격했다. 기존 stable code는 재사용하지 않는다.,['NEX-000195'],EXERCISE,['INTERMEDIATE'],{'INTERMEDIATE': 'FITT-COMPOUND-LUNGE-INTERMEDIATE-V1'},NONE,,NEX-000195,True
