source_record_type,source_record_id,source_track,source_identity,source_key,source_name_ko,source_name_en,source_stable_code,final_stable_code,final_representative_exercise_id,mapping_status,active_canonical,decision_source,decision_code,review_pair_id,mapping_note_ko,active_legacy_alias_row
EXERCISE,REX-000002,gymvisual,1512,gymvisual:1512,쿼드러펫 락백,all fours squad stretch,all_fours_squat_stretch_mobility_stretch_bodyweight,all_fours_squat_stretch_mobility_stretch_bodyweight,REX-000002,RETAINED_CANONICAL,true,EXISTING_CANONICAL,RETAINED_CANONICAL,,기존 canonical stable code 유지,
EXERCISE,REX-000003,gymvisual,1368,gymvisual:1368,발목 돌리기,ankle circles,ankle_circles_mobility_stretch_bodyweight,ankle_circles_mobility_stretch_bodyweight,REX-000003,RETAINED_CANONICAL,true,EXISTING_CANONICAL,RETAINED_CANONICAL,,기존 canonical stable code 유지,
EXERCISE,REX-000004,gymvisual,0032,gymvisual:0032,데드리프트,barbell deadlift,barbell_deadlift_hip_dominant_barbell,barbell_deadlift_hip_dominant_barbell,REX-000004,RETAINED_CANONICAL,true,EXISTING_CANONICAL,RETAINED_CANONICAL,,기존 canonical stable code 유지,
EXERCISE,REX-000005,gymvisual,0041,gymvisual:0041,프론트 레이즈,barbell front raise,barbell_front_raise_isolation_barbell,barbell_front_raise_isolation_barbell,REX-000005,RETAINED_CANONICAL,true,EXISTING_CANONICAL,RETAINED_CANONICAL,,기존 canonical stable code 유지,
EXERCISE,REX-000006,gymvisual,0073,gymvisual:0073,풀오버,barbell pullover,barbell_pullover_isolation_barbell,barbell_pullover_isolation_barbell,REX-000006,RETAINED_CANONICAL,true,EXISTING_CANONICAL,RETAINED_CANONICAL,,기존 canonical stable code 유지,
EXERCISE,REX-000007,gymvisual,0116,gymvisual:0116,루마니안 데드리프트,barbell straight leg deadlift,barbell_straight_leg_deadlift_hip_dominant_barbell,barbell_straight_leg_deadlift_hip_dominant_barbell,REX-000007,RETAINED_CANONICAL,true,EXISTING_CANONICAL,RETAINED_CANONICAL,,기존 canonical stable code 유지,
EXERCISE,REX-000008,gymvisual,0489,gymvisual:0489,백 익스텐션,hyperextension,bodyweight_back_extension_hip_dominant_bodyweight,bodyweight_back_extension_hip_dominant_bodyweight,REX-000008,RETAINED_CANONICAL,true,EXISTING_CANONICAL,RETAINED_CANONICAL,,기존 canonical stable code 유지,
EXERCISE,REX-000009,gymvisual,0274,gymvisual:0274,크런치,crunch floor,bodyweight_crunch_core_brace_bodyweight,bodyweight_crunch_core_brace_bodyweight,REX-000009,RETAINED_CANONICAL,true,EXISTING_CANONICAL,RETAINED_CANONICAL,,기존 canonical stable code 유지,
EXERCISE,REX-000010,gymvisual,3470,gymvisual:3470,포워드 런지,forward lunge (male),bodyweight_forward_lunge_knee_dominant_bodyweight,bodyweight_forward_lunge_knee_dominant_bodyweight,REX-000010,RETAINED_CANONICAL,true,EXISTING_CANONICAL,RETAINED_CANONICAL,,기존 canonical stable code 유지,
EXERCISE,REX-000011,gymvisual,3013,gymvisual:3013,글루트 브리지,low glute bridge on floor,bodyweight_glute_bridge_hip_dominant_bodyweight,bodyweight_glute_bridge_hip_dominant_bodyweight,REX-000011,RETAINED_CANONICAL,true,EXISTING_CANONICAL,RETAINED_CANONICAL,,기존 canonical stable code 유지,
EXERCISE,REX-000012,gymvisual,0140,gymvisual:0140,풀업,biceps pull-up,bodyweight_pull_up_biceps_vertical_pull_bodyweight_pull_up_bar,bodyweight_pull_up_biceps_vertical_pull_bodyweight_pull_up_bar,REX-000012,RETAINED_CANONICAL,true,EXISTING_CANONICAL,RETAINED_CANONICAL,,기존 canonical stable code 유지,
EXERCISE,REX-000013,gymvisual,0872,gymvisual:0872,리버스 크런치,reverse crunch,bodyweight_reverse_crunch_core_brace_bodyweight,bodyweight_reverse_crunch_core_brace_bodyweight,REX-000013,RETAINED_CANONICAL,true,EXISTING_CANONICAL,RETAINED_CANONICAL,,기존 canonical stable code 유지,
EXERCISE,REX-000014,gymvisual,0687,gymvisual:0687,러시안 트위스트,russian twist,bodyweight_russian_twist_core_brace_bodyweight,bodyweight_russian_twist_core_brace_bodyweight,REX-000014,RETAINED_CANONICAL,true,EXISTING_CANONICAL,RETAINED_CANONICAL,,기존 canonical stable code 유지,
EXERCISE,REX-000015,gymvisual,2368,gymvisual:2368,스플릿 스쿼트,split squats,bodyweight_split_squat_knee_dominant_bodyweight,bodyweight_split_squat_knee_dominant_bodyweight,REX-000015,RETAINED_CANONICAL,true,EXISTING_CANONICAL,RETAINED_CANONICAL,,기존 canonical stable code 유지,
EXERCISE,REX-000016,gymvisual,1373,gymvisual:1373,스탠딩 카프 레이즈,bodyweight standing calf raise,bodyweight_standing_calf_raise_isolation_bodyweight,bodyweight_standing_calf_raise_isolation_bodyweight,REX-000016,RETAINED_CANONICAL,true,EXISTING_CANONICAL,RETAINED_CANONICAL,,기존 canonical stable code 유지,
EXERCISE,REX-000017,gymvisual,1494,gymvisual:1494,버터플라이 스트레칭,butterfly yoga pose,butterfly_adductor_stretch_mobility_stretch_bodyweight,butterfly_adductor_stretch_mobility_stretch_bodyweight,REX-000017,RETAINED_CANONICAL,true,EXISTING_CANONICAL,RETAINED_CANONICAL,,기존 canonical stable code 유지,
EXERCISE,REX-000018,gymvisual,0227,gymvisual:0227,케이블 플라이,cable standing fly,cable_fly_isolation_cable_machine,cable_fly_isolation_cable_machine,REX-000018,RETAINED_CANONICAL,true,EXISTING_CANONICAL,RETAINED_CANONICAL,,기존 canonical stable code 유지,
EXERCISE,REX-000019,gymvisual,0201,gymvisual:0201,케이블 트라이셉스 푸시다운,cable pushdown,cable_triceps_pushdown_isolation_cable_machine,cable_triceps_pushdown_isolation_cable_machine,REX-000019,RETAINED_CANONICAL,true,EXISTING_CANONICAL,RETAINED_CANONICAL,,기존 canonical stable code 유지,
EXERCISE,REX-000020,gymvisual,1548,gymvisual:1548,시티드 레그 익스텐션 스트레칭,chair leg extended stretch,chair_leg_extended_stretch_mobility_stretch_bodyweight,chair_leg_extended_stretch_mobility_stretch_bodyweight,REX-000020,RETAINED_CANONICAL,true,EXISTING_CANONICAL,RETAINED_CANONICAL,,기존 canonical stable code 유지,
EXERCISE,REX-000021,gymvisual,1271,gymvisual:1271,가슴·어깨 앞면 스트레칭,chest and front of shoulder stretch,chest_front_shoulder_stretch_mobility_stretch_bodyweight,chest_front_shoulder_stretch_mobility_stretch_bodyweight,REX-000021,RETAINED_CANONICAL,true,EXISTING_CANONICAL,RETAINED_CANONICAL,,기존 canonical stable code 유지,
EXERCISE,REX-000022,gymvisual,0259,gymvisual:0259,클로즈 그립 푸시업,close-grip push-up,close_grip_push_up_horizontal_push_bodyweight,close_grip_push_up_horizontal_push_bodyweight,REX-000022,RETAINED_CANONICAL,true,EXISTING_CANONICAL,RETAINED_CANONICAL,,기존 canonical stable code 유지,
EXERCISE,REX-000023,gymvisual,0691,gymvisual:0691,사이드 크런치,seated side crunch (wall),crunch_variant_core_brace_bodyweight,crunch_variant_core_brace_bodyweight,REX-000023,RETAINED_CANONICAL,true,EXISTING_CANONICAL,RETAINED_CANONICAL,,기존 canonical stable code 유지,
EXERCISE,REX-000024,gymvisual,0276,gymvisual:0276,데드버그,dead bug,dead_bug_core_brace_bodyweight,dead_bug_core_brace_bodyweight,REX-000024,RETAINED_CANONICAL,true,EXISTING_CANONICAL,RETAINED_CANONICAL,,기존 canonical stable code 유지,
EXERCISE,REX-000025,gymvisual,1760,gymvisual:1760,고블릿 스쿼트,dumbbell goblet squat,dumbbell_goblet_squat_knee_dominant_dumbbell,dumbbell_goblet_squat_knee_dominant_dumbbell,REX-000025,RETAINED_CANONICAL,true,EXISTING_CANONICAL,RETAINED_CANONICAL,,기존 canonical stable code 유지,
EXERCISE,REX-000026,gymvisual,0334,gymvisual:0334,레터럴 레이즈,dumbbell lateral raise,dumbbell_lateral_raise_isolation_dumbbell,dumbbell_lateral_raise_isolation_dumbbell,REX-000026,RETAINED_CANONICAL,true,EXISTING_CANONICAL,RETAINED_CANONICAL,,기존 canonical stable code 유지,
EXERCISE,REX-000027,gymvisual,0372,gymvisual:0372,프리처 컬,dumbbell preacher curl,dumbbell_preacher_curl_isolation_dumbbell,dumbbell_preacher_curl_isolation_dumbbell,REX-000027,RETAINED_CANONICAL,true,EXISTING_CANONICAL,RETAINED_CANONICAL,,기존 canonical stable code 유지,
EXERCISE,REX-000028,gymvisual,0378,gymvisual:0378,리어 델트 플라이,dumbbell rear fly,dumbbell_rear_fly_isolation_dumbbell,dumbbell_rear_fly_isolation_dumbbell,REX-000028,RETAINED_CANONICAL,true,EXISTING_CANONICAL,RETAINED_CANONICAL,,기존 canonical stable code 유지,
EXERCISE,REX-000029,gymvisual,0406,gymvisual:0406,슈러그,dumbbell shrug,dumbbell_shrug_isolation_dumbbell,dumbbell_shrug_isolation_dumbbell,REX-000029,RETAINED_CANONICAL,true,EXISTING_CANONICAL,RETAINED_CANONICAL,,기존 canonical stable code 유지,
EXERCISE,REX-000030,gymvisual,0416,gymvisual:0416,덤벨 바이셉스 컬,dumbbell standing biceps curl,dumbbell_standing_curl_isolation_dumbbell,dumbbell_standing_curl_isolation_dumbbell,REX-000030,RETAINED_CANONICAL,true,EXISTING_CANONICAL,RETAINED_CANONICAL,,기존 canonical stable code 유지,
EXERCISE,REX-000031,gymvisual,2796,gymvisual:2796,덤벨 스텝업 런지,dumbbell step-up lunge,dumbbell_step_up_lunge_knee_dominant_dumbbell_step_box,dumbbell_step_up_lunge_knee_dominant_dumbbell_step_box,REX-000031,RETAINED_CANONICAL,true,EXISTING_CANONICAL,RETAINED_CANONICAL,,기존 canonical stable code 유지,
EXERCISE,REX-000032,gymvisual,1167,gymvisual:1167,다이내믹 가슴 스트레칭,dynamic chest stretch (male),dynamic_chest_stretch_mobility_stretch_bodyweight,dynamic_chest_stretch_mobility_stretch_bodyweight,REX-000032,RETAINED_CANONICAL,true,EXISTING_CANONICAL,RETAINED_CANONICAL,,기존 canonical stable code 유지,
EXERCISE,REX-000033,gymvisual,1559,gymvisual:1559,짐볼 고관절 스트레칭,exercise ball hip flexor stretch,exercise_ball_hip_flexor_stretch_mobility_stretch_stability_ball,exercise_ball_hip_flexor_stretch_mobility_stretch_stability_ball,REX-000033,RETAINED_CANONICAL,true,EXISTING_CANONICAL,RETAINED_CANONICAL,,기존 canonical stable code 유지,
EXERCISE,REX-000034,gymvisual,1511,gymvisual:1511,햄스트링 스트레칭,hamstring stretch,hamstring_stretch_mobility_stretch_bodyweight,hamstring_stretch_mobility_stretch_bodyweight,REX-000034,RETAINED_CANONICAL,true,EXISTING_CANONICAL,RETAINED_CANONICAL,,기존 canonical stable code 유지,
EXERCISE,REX-000035,gymvisual,0854,gymvisual:0854,손 악력 쥐기,weighted standing hand squeeze,hand_grip_squeeze_isolation_household_weight,hand_grip_squeeze_isolation_household_weight,REX-000035,RETAINED_CANONICAL,true,EXISTING_CANONICAL,RETAINED_CANONICAL,,기존 canonical stable code 유지,
EXERCISE,REX-000036,gymvisual,1564,gymvisual:1564,고관절 굴근·대퇴사두근 스트레칭,intermediate hip flexor and quad stretch,hip_flexor_quadriceps_stretch_mobility_stretch_stretch_strap,hip_flexor_quadriceps_stretch_mobility_stretch_stretch_strap,REX-000036,RETAINED_CANONICAL,true,EXISTING_CANONICAL,RETAINED_CANONICAL,,기존 canonical stable code 유지,
EXERCISE,REX-000037,gymvisual,3541,gymvisual:3541,인클라인 Y 레이즈,dumbbell incline y-raise,incline_y_raise_isolation_dumbbell,incline_y_raise_isolation_dumbbell,REX-000037,RETAINED_CANONICAL,true,EXISTING_CANONICAL,RETAINED_CANONICAL,,기존 canonical stable code 유지,
EXERCISE,REX-000038,gymvisual,0499,gymvisual:0499,인버티드 로우,inverted row,inverted_row_horizontal_pull_bodyweight,inverted_row_horizontal_pull_bodyweight,REX-000038,RETAINED_CANONICAL,true,EXISTING_CANONICAL,RETAINED_CANONICAL,,기존 canonical stable code 유지,
EXERCISE,REX-000039,gymvisual,1346,gymvisual:1346,무릎 꿇고 광배근 스트레칭,kneeling lat stretch,kneeling_lat_stretch_mobility_stretch_bodyweight,kneeling_lat_stretch_mobility_stretch_bodyweight,REX-000039,RETAINED_CANONICAL,true,EXISTING_CANONICAL,RETAINED_CANONICAL,,기존 canonical stable code 유지,
EXERCISE,REX-000040,gymvisual,0198,gymvisual:0198,랫풀다운,cable pulldown,lat_pulldown_vertical_pull_cable_machine,lat_pulldown_vertical_pull_cable_machine,REX-000040,RETAINED_CANONICAL,true,EXISTING_CANONICAL,RETAINED_CANONICAL,,기존 canonical stable code 유지,
EXERCISE,REX-000042,gymvisual,1576,gymvisual:1576,누워서 햄스트링 스트레칭,leg up hamstring stretch,leg_up_hamstring_stretch_mobility_stretch_bodyweight,hamstring_stretch_mobility_stretch_bodyweight,REX-000034,MERGED_SAME_EXERCISE,false,USER_DIRECT_REVIEW,SAME_EXERCISE,ERP-20260827-00450,1511 햄스트링 스트레칭으로 통합된 retired stable code,
EXERCISE,REX-000043,gymvisual,1352,gymvisual:1352,로어 백 컬,lower back curl,lower_back_curl_core_brace_bodyweight,lower_back_curl_core_brace_bodyweight,REX-000043,RETAINED_CANONICAL,true,EXISTING_CANONICAL,RETAINED_CANONICAL,,기존 canonical stable code 유지,
EXERCISE,REX-000044,gymvisual,0585,gymvisual:0585,레그 익스텐션,lever leg extension,machine_leg_extension_isolation_machine,machine_leg_extension_isolation_machine,REX-000044,RETAINED_CANONICAL,true,EXISTING_CANONICAL,RETAINED_CANONICAL,,기존 canonical stable code 유지,
EXERCISE,REX-000045,gymvisual,1403,gymvisual:1403,목 옆면 스트레칭,neck side stretch,neck_lateral_stretch_mobility_stretch_bodyweight,neck_lateral_stretch_mobility_stretch_bodyweight,REX-000045,RETAINED_CANONICAL,true,EXISTING_CANONICAL,RETAINED_CANONICAL,,기존 canonical stable code 유지,
EXERCISE,REX-000046,gymvisual,1355,gymvisual:1355,벽 짚고 한 팔 광배근 스트레칭,one arm against wall,one_arm_wall_lats_isolation_bodyweight,one_arm_wall_lats_isolation_bodyweight,REX-000046,RETAINED_CANONICAL,true,EXISTING_CANONICAL,RETAINED_CANONICAL,,기존 canonical stable code 유지,
EXERCISE,REX-000047,gymvisual,0109,gymvisual:0109,오버헤드 트라이셉스 익스텐션,barbell standing overhead triceps extension,overhead_triceps_extension_isolation_barbell,overhead_triceps_extension_isolation_barbell,REX-000047,RETAINED_CANONICAL,true,EXISTING_CANONICAL,RETAINED_CANONICAL,,기존 canonical stable code 유지,
EXERCISE,REX-000048,gymvisual,0643,gymvisual:0643,오버헤드 삼두근 스트레칭,overhead triceps stretch,overhead_triceps_stretch_mobility_stretch_bodyweight,overhead_triceps_stretch_mobility_stretch_bodyweight,REX-000048,RETAINED_CANONICAL,true,EXISTING_CANONICAL,RETAINED_CANONICAL,,기존 canonical stable code 유지,
EXERCISE,REX-000050,gymvisual,1388,gymvisual:1388,종아리 바깥쪽 스트레칭,peroneals stretch,peroneal_stretch_mobility_stretch_stretch_strap,peroneal_stretch_mobility_stretch_stretch_strap,REX-000050,RETAINED_CANONICAL,true,EXISTING_CANONICAL,RETAINED_CANONICAL,,기존 canonical stable code 유지,
EXERCISE,REX-000051,gymvisual,0464,gymvisual:0464,플랭크 로테이션,front plank with twist,plank_rotation_core_brace_bodyweight,plank_rotation_core_brace_bodyweight,REX-000051,RETAINED_CANONICAL,true,EXISTING_CANONICAL,RETAINED_CANONICAL,,기존 canonical stable code 유지,
EXERCISE,REX-000052,gymvisual,0662,gymvisual:0662,푸시업,push-up,push_up_horizontal_push_bodyweight,push_up_horizontal_push_bodyweight,REX-000052,RETAINED_CANONICAL,true,EXISTING_CANONICAL,RETAINED_CANONICAL,,기존 canonical stable code 유지,
EXERCISE,REX-000053,gymvisual,0669,gymvisual:0669,후면 어깨 스트레칭,rear deltoid stretch,rear_deltoid_stretch_mobility_stretch_bodyweight,rear_deltoid_stretch_mobility_stretch_bodyweight,REX-000053,RETAINED_CANONICAL,true,EXISTING_CANONICAL,RETAINED_CANONICAL,,기존 canonical stable code 유지,
EXERCISE,REX-000054,gymvisual,1000,gymvisual:1000,리버스 카프 레이즈,band single leg reverse calf raise,reverse_calf_raise_isolation_resistance_band,reverse_calf_raise_isolation_resistance_band,REX-000054,RETAINED_CANONICAL,true,EXISTING_CANONICAL,RETAINED_CANONICAL,,기존 canonical stable code 유지,
EXERCISE,REX-000055,gymvisual,0082,gymvisual:0082,리버스 리스트 컬,barbell reverse wrist curl,reverse_wrist_curl_isolation_barbell,reverse_wrist_curl_isolation_barbell,REX-000055,RETAINED_CANONICAL,true,EXISTING_CANONICAL,RETAINED_CANONICAL,,기존 canonical stable code 유지,
EXERCISE,REX-000056,gymvisual,3672,gymvisual:3672,앞뒤 스텝,back and forth step,cardio_gait_bodyweight,cardio_gait_bodyweight,REX-000056,RETAINED_CANONICAL,true,EXISTING_CANONICAL,RETAINED_CANONICAL,,기존 canonical stable code 유지,
EXERCISE,REX-000058,gymvisual,3636,gymvisual:3636,하이니,high knee against wall,cardio_gait_bodyweight_rex_000058,cardio_gait_bodyweight_rex_000058,REX-000058,RETAINED_CANONICAL,true,EXISTING_CANONICAL,RETAINED_CANONICAL,,기존 canonical stable code 유지,
EXERCISE,REX-000059,gymvisual,3224,gymvisual:3224,점핑잭,jack jump (male),cardio_jump_plyometric_bodyweight,cardio_jump_plyometric_bodyweight,REX-000059,RETAINED_CANONICAL,true,EXISTING_CANONICAL,RETAINED_CANONICAL,,기존 canonical stable code 유지,
EXERCISE,REX-000060,gymvisual,2612,gymvisual:2612,줄넘기,jump rope,cardio_jump_plyometric_jump_rope,cardio_jump_plyometric_jump_rope,REX-000060,RETAINED_CANONICAL,true,EXISTING_CANONICAL,RETAINED_CANONICAL,,기존 canonical stable code 유지,
EXERCISE,REX-000062,gymvisual,0685,gymvisual:0685,달리기,run,cardio_gait_bodyweight_rex_000062,cardio_gait_bodyweight_rex_000062,REX-000062,RETAINED_CANONICAL,true,EXISTING_CANONICAL,RETAINED_CANONICAL,,기존 canonical stable code 유지,
EXERCISE,REX-000065,gymvisual,3656,gymvisual:3656,짧은 보폭 달리기,short stride run,cardio_gait_bodyweight_rex_000065,cardio_gait_bodyweight_rex_000065,REX-000065,RETAINED_CANONICAL,true,EXISTING_CANONICAL,RETAINED_CANONICAL,,기존 canonical stable code 유지,
EXERCISE,REX-000067,gymvisual,2138,gymvisual:2138,실내 자전거,stationary bike run v. 3,cardio_cycling_stationary_bike,cardio_cycling_stationary_bike,REX-000067,RETAINED_CANONICAL,true,EXISTING_CANONICAL,RETAINED_CANONICAL,,기존 canonical stable code 유지,
EXERCISE,REX-000070,gymvisual,3666,gymvisual:3666,경사 트레드밀 걷기,walking on incline treadmill,cardio_gait_machine,cardio_gait_machine,REX-000070,RETAINED_CANONICAL,true,EXISTING_CANONICAL,RETAINED_CANONICAL,,기존 canonical stable code 유지,
EXERCISE,REX-000071,gymvisual,2311,gymvisual:2311,스텝밀,walking on stepmill,cardio_gait_machine_rex_000071,cardio_gait_machine_rex_000071,REX-000071,RETAINED_CANONICAL,true,EXISTING_CANONICAL,RETAINED_CANONICAL,,기존 canonical stable code 유지,
EXERCISE,REX-000072,gymvisual,2141,gymvisual:2141,일립티컬,walk elliptical cross trainer,cardio_elliptical_elliptical_machine,cardio_elliptical_elliptical_machine,REX-000072,RETAINED_CANONICAL,true,EXISTING_CANONICAL,RETAINED_CANONICAL,,기존 canonical stable code 유지,
EXERCISE,REX-000073,gymvisual,2208,gymvisual:2208,롤러 등 스트레칭,roller back stretch,roller_back_stretch_mobility_stretch_foam_roller,roller_back_stretch_mobility_stretch_foam_roller,REX-000073,RETAINED_CANONICAL,true,EXISTING_CANONICAL,RETAINED_CANONICAL,,기존 canonical stable code 유지,
EXERCISE,REX-000074,gymvisual,2202,gymvisual:2202,롤러 둔근 스트레칭,roller hip stretch,roller_hip_stretch_mobility_stretch_foam_roller,roller_hip_stretch_mobility_stretch_foam_roller,REX-000074,RETAINED_CANONICAL,true,EXISTING_CANONICAL,RETAINED_CANONICAL,,기존 canonical stable code 유지,
EXERCISE,REX-000077,gymvisual,1585,gymvisual:1585,러너스 스트레칭,runners stretch,runners_stretch_mobility_stretch_bodyweight,runners_stretch_mobility_stretch_bodyweight,REX-000077,RETAINED_CANONICAL,true,EXISTING_CANONICAL,RETAINED_CANONICAL,,기존 canonical stable code 유지,
EXERCISE,REX-000078,gymvisual,0688,gymvisual:0688,스캐풀라 풀업,scapular pull-up,scapular_pull_up_vertical_pull_bodyweight_pull_up_bar,scapular_pull_up_vertical_pull_bodyweight_pull_up_bar,REX-000078,RETAINED_CANONICAL,true,EXISTING_CANONICAL,RETAINED_CANONICAL,,기존 canonical stable code 유지,
EXERCISE,REX-000079,gymvisual,0861,gymvisual:0861,시티드 케이블 로우,cable seated row,seated_cable_row_horizontal_pull_cable_machine,seated_cable_row_horizontal_pull_cable_machine,REX-000079,RETAINED_CANONICAL,true,EXISTING_CANONICAL,RETAINED_CANONICAL,,기존 canonical stable code 유지,
EXERCISE,REX-000080,gymvisual,0088,gymvisual:0088,시티드 카프 레이즈,barbell seated calf raise,seated_calf_raise_isolation_barbell,seated_calf_raise_isolation_barbell,REX-000080,RETAINED_CANONICAL,true,EXISTING_CANONICAL,RETAINED_CANONICAL,,기존 canonical stable code 유지,
EXERCISE,REX-000081,gymvisual,1390,gymvisual:1390,앉아서 종아리 스트레칭,seated calf stretch (male),seated_calf_stretch_mobility_stretch_bodyweight,seated_calf_stretch_mobility_stretch_bodyweight,REX-000081,RETAINED_CANONICAL,true,EXISTING_CANONICAL,RETAINED_CANONICAL,,기존 canonical stable code 유지,
EXERCISE,REX-000082,gymvisual,1424,gymvisual:1424,앉아서 둔근 스트레칭,seated glute stretch,seated_glute_stretch_mobility_stretch_bodyweight,seated_glute_stretch_mobility_stretch_bodyweight,REX-000082,RETAINED_CANONICAL,true,EXISTING_CANONICAL,RETAINED_CANONICAL,,기존 canonical stable code 유지,
EXERCISE,REX-000083,gymvisual,0599,gymvisual:0599,레그 컬,lever seated leg curl,seated_leg_curl_knee_flexion_machine,seated_leg_curl_knee_flexion_machine,REX-000083,RETAINED_CANONICAL,true,EXISTING_CANONICAL,RETAINED_CANONICAL,,기존 canonical stable code 유지,
EXERCISE,REX-000084,gymvisual,0690,gymvisual:0690,앉아서 허리 스트레칭,seated lower back stretch,seated_lower_back_stretch_mobility_stretch_bodyweight,seated_lower_back_stretch_mobility_stretch_bodyweight,REX-000084,RETAINED_CANONICAL,true,EXISTING_CANONICAL,RETAINED_CANONICAL,,기존 canonical stable code 유지,
EXERCISE,REX-000085,gymvisual,2567,gymvisual:2567,앉아서 이상근 스트레칭,seated piriformis stretch,seated_piriformis_stretch_mobility_stretch_bodyweight,seated_piriformis_stretch_mobility_stretch_bodyweight,REX-000085,RETAINED_CANONICAL,true,EXISTING_CANONICAL,RETAINED_CANONICAL,,기존 canonical stable code 유지,
EXERCISE,REX-000086,gymvisual,0405,gymvisual:0405,숄더 프레스,dumbbell seated shoulder press,seated_shoulder_press_vertical_push_dumbbell,seated_shoulder_press_vertical_push_dumbbell,REX-000086,RETAINED_CANONICAL,true,EXISTING_CANONICAL,RETAINED_CANONICAL,,기존 canonical stable code 유지,
EXERCISE,REX-000087,gymvisual,1587,gymvisual:1587,시티드 와이드 앵글 스트레칭,seated wide angle pose sequence,seated_wide_angle_stretch_mobility_stretch_bodyweight,seated_wide_angle_stretch_mobility_stretch_bodyweight,REX-000087,RETAINED_CANONICAL,true,EXISTING_CANONICAL,RETAINED_CANONICAL,,기존 canonical stable code 유지,
EXERCISE,REX-000088,gymvisual,0613,gymvisual:0613,옆으로 누워 대퇴사두근 스트레칭,lying (side) quads stretch,side_lying_quadriceps_stretch_mobility_stretch_bodyweight,side_lying_quadriceps_stretch_mobility_stretch_bodyweight,REX-000088,RETAINED_CANONICAL,true,EXISTING_CANONICAL,RETAINED_CANONICAL,,기존 canonical stable code 유지,
EXERCISE,REX-000089,gymvisual,0721,gymvisual:0721,손목 당기기 스트레칭,side wrist pull stretch,side_wrist_pull_stretch_mobility_stretch_bodyweight,side_wrist_pull_stretch_mobility_stretch_bodyweight,REX-000089,RETAINED_CANONICAL,true,EXISTING_CANONICAL,RETAINED_CANONICAL,,기존 canonical stable code 유지,
EXERCISE,REX-000091,gymvisual,1363,gymvisual:1363,척추 스트레칭,spine stretch,spine_stretch_mobility_stretch_bodyweight,spine_stretch_mobility_stretch_bodyweight,REX-000091,RETAINED_CANONICAL,true,EXISTING_CANONICAL,RETAINED_CANONICAL,,기존 canonical stable code 유지,
EXERCISE,REX-000092,gymvisual,2329,gymvisual:2329,척추 비틀기,spine twist,spine_twist_mobility_stretch_bodyweight,spine_twist_mobility_stretch_bodyweight,REX-000092,RETAINED_CANONICAL,true,EXISTING_CANONICAL,RETAINED_CANONICAL,,기존 canonical stable code 유지,
EXERCISE,REX-000094,gymvisual,1599,gymvisual:1599,스트랩 햄스트링·종아리 스트레칭,standing hamstring and calf stretch with strap,standing_hamstring_calf_strap_stretch_mobility_stretch_stretch_strap,standing_hamstring_calf_strap_stretch_mobility_stretch_stretch_strap,REX-000094,RETAINED_CANONICAL,true,EXISTING_CANONICAL,RETAINED_CANONICAL,,기존 canonical stable code 유지,
EXERCISE,REX-000095,gymvisual,0794,gymvisual:0794,서서 옆구리 스트레칭,standing lateral stretch,standing_lateral_stretch_mobility_stretch_bodyweight,standing_lateral_stretch_mobility_stretch_bodyweight,REX-000095,RETAINED_CANONICAL,true,EXISTING_CANONICAL,RETAINED_CANONICAL,,기존 canonical stable code 유지,
EXERCISE,REX-000096,gymvisual,0817,gymvisual:0817,삼두근 스트레칭,triceps stretch,triceps_stretch_mobility_stretch_bodyweight,triceps_stretch_mobility_stretch_bodyweight,REX-000096,RETAINED_CANONICAL,true,EXISTING_CANONICAL,RETAINED_CANONICAL,,기존 canonical stable code 유지,
EXERCISE,REX-000098,gymvisual,1365,gymvisual:1365,상부 등 스트레칭,upper back stretch,upper_back_stretch_mobility_stretch_bodyweight,upper_back_stretch_mobility_stretch_bodyweight,REX-000098,RETAINED_CANONICAL,true,EXISTING_CANONICAL,RETAINED_CANONICAL,,기존 canonical stable code 유지,
EXERCISE,REX-000099,gymvisual,1377,gymvisual:1377,벽 짚고 종아리 스트레칭,calf stretch with hands against wall,wall_calf_stretch_mobility_stretch_bodyweight,wall_calf_stretch_mobility_stretch_bodyweight,REX-000099,RETAINED_CANONICAL,true,EXISTING_CANONICAL,RETAINED_CANONICAL,,기존 canonical stable code 유지,
EXERCISE,REX-000100,gymvisual,1604,gymvisual:1604,월드 그레이티스트 스트레칭,world greatest stretch,world_greatest_stretch_mobility_stretch_bodyweight,world_greatest_stretch_mobility_stretch_bodyweight,REX-000100,RETAINED_CANONICAL,true,EXISTING_CANONICAL,RETAINED_CANONICAL,,기존 canonical stable code 유지,
EXERCISE,REX-000101,gymvisual,1428,gymvisual:1428,손목 돌리기,wrist circles,wrist_circles_mobility_stretch_bodyweight,wrist_circles_mobility_stretch_bodyweight,REX-000101,RETAINED_CANONICAL,true,EXISTING_CANONICAL,RETAINED_CANONICAL,,기존 canonical stable code 유지,
EXERCISE,REX-000102,gymvisual,0126,gymvisual:0126,리스트 컬,barbell wrist curl,wrist_curl_isolation_barbell,wrist_curl_isolation_barbell,REX-000102,RETAINED_CANONICAL,true,EXISTING_CANONICAL,RETAINED_CANONICAL,,기존 canonical stable code 유지,
EXERCISE,REX-000001,kspo,9cbed9e85b778b40b4786394c774c081fcfb39e3cf13df612476c9d0bf56c9e7,kspo:9cbed9e85b778b40b4786394c774c081fcfb39e3cf13df612476c9d0bf56c9e7,누워서 복부 수축하기,누워서 배가로근 수축1,abs_core_brace_core_brace_mat,abs_core_brace_core_brace_mat,REX-000001,RETAINED_CANONICAL,true,EXISTING_CANONICAL,RETAINED_CANONICAL,,기존 canonical stable code 유지,
EXERCISE,REX-000057,kspo,46ea8fdbe34474fac354a051f63b114e0a6d20a21f71226ae0db5da216d14861,kspo:46ea8fdbe34474fac354a051f63b114e0a6d20a21f71226ae0db5da216d14861,의자 잡고 무릎 들기,의자잡고 전방으로 무릎 굽혀 들기,hip_flexion_isolation_bodyweight,hip_flexion_isolation_bodyweight,REX-000057,RETAINED_CANONICAL,true,EXISTING_CANONICAL,RETAINED_CANONICAL,,기존 canonical stable code 유지,
EXERCISE,REX-000063,kspo,66e29f752b845bd1bcfa4cb737be1ede40daa81d869ea4b531c882b02ffb3c28,kspo:66e29f752b845bd1bcfa4cb737be1ede40daa81d869ea4b531c882b02ffb3c28,앉아서 짐볼 조이기,의자에 앉아 다리로 짐볼 쥐기,hip_adduction_isolation_stability_ball,hip_adduction_isolation_stability_ball,REX-000063,RETAINED_CANONICAL,true,EXISTING_CANONICAL,RETAINED_CANONICAL,,기존 canonical stable code 유지,
EXERCISE,REX-000064,kspo,dfd7eaa07d42e118610eb6756d8dcdc351f5b1f3c9a1262fa94aa18d92a87e09,kspo:dfd7eaa07d42e118610eb6756d8dcdc351f5b1f3c9a1262fa94aa18d92a87e09,앉아서 고관절 굴곡,앉아서 엉덩관절 굽히기,hip_flexion_isolation_bodyweight_rex_000064,hip_flexion_isolation_bodyweight_rex_000064,REX-000064,RETAINED_CANONICAL,true,EXISTING_CANONICAL,RETAINED_CANONICAL,,기존 canonical stable code 유지,
EXERCISE,REX-000066,kspo,19af0f76cad5e01830e662585e3cea621cf8563f1955f83114bef440606379c4,kspo:19af0f76cad5e01830e662585e3cea621cf8563f1955f83114bef440606379c4,한발 서기 균형,FITT-CORE-STABILITY-V1,mobility_balance_bodyweight,mobility_balance_bodyweight,REX-000066,RETAINED_CANONICAL,true,EXISTING_CANONICAL,RETAINED_CANONICAL,,기존 canonical stable code 유지,
EXERCISE,REX-000068,kspo,00c41c823f6141adb2f3b7da95c1213fea98dac6cb3bfaf453f1a4989133d2d2,kspo:00c41c823f6141adb2f3b7da95c1213fea98dac6cb3bfaf453f1a4989133d2d2,스텝박스 오르내리기,스텝박스 오르내리기,cardio_gait_step_box,cardio_gait_step_box,REX-000068,RETAINED_CANONICAL,true,EXISTING_CANONICAL,RETAINED_CANONICAL,,기존 canonical stable code 유지,
EXERCISE,REX-000069,kspo,72cc612abf8747105b33f64e0661b713012fb3f2ae378cd5c5142215eedc899b,kspo:72cc612abf8747105b33f64e0661b713012fb3f2ae378cd5c5142215eedc899b,누워서 밴드 레그 프레스,밴드 잡고 누워서 다리 밀기,leg_press_knee_dominant_resistance_band,leg_press_knee_dominant_resistance_band,REX-000069,RETAINED_CANONICAL,true,EXISTING_CANONICAL,RETAINED_CANONICAL,,기존 canonical stable code 유지,
EXERCISE,REX-000090,kspo,ce0ab5a88d5e6c4243b2a910aa53ecff3aa783c716fa193711a1a6e44542b3a0,kspo:ce0ab5a88d5e6c4243b2a910aa53ecff3aa783c716fa193711a1a6e44542b3a0,버드독,네발기기 자세에서 팔 다리 들기,spine_core_brace_core_brace_mat,spine_core_brace_core_brace_mat,REX-000090,RETAINED_CANONICAL,true,EXISTING_CANONICAL,RETAINED_CANONICAL,,기존 canonical stable code 유지,
EXERCISE,REX-000097,kspo,ab41f78cd9e548e1217b4460122ca0a1e9824cd570da589f1b37ffe86d6db937,kspo:ab41f78cd9e548e1217b4460122ca0a1e9824cd570da589f1b37ffe86d6db937,시티드 밴드 풀어파트,의자에 앉아 밴드 양옆으로 늘이기,upper_back_isolation_isolation_resistance_band,upper_back_isolation_isolation_resistance_band,REX-000097,RETAINED_CANONICAL,true,EXISTING_CANONICAL,RETAINED_CANONICAL,,기존 canonical stable code 유지,
V1_ALIAS,NEX-000001,v1,v1:NEX-000001,v1:NEX-000001,바벨 데드리프트,barbell deadlift,barbell_deadlift_hip_dominant_barbell,barbell_deadlift_hip_dominant_barbell,REX-000004,REMOVED_FROM_ACTIVE_COMBINED_AFTER_PRIOR_DEDUP,false,PRIOR_NORMALIZED_NAME_DEDUP,SAME_EXERCISE,,이전 normalized name 동일성 제거 후 legacy mapping 보존,false
V1_ALIAS,NEX-000002,v1,v1:NEX-000002,v1:NEX-000002,바벨 디클라인 벤트 암 풀오버,barbell decline bent arm pullover,barbell_pullover_isolation_barbell,barbell_decline_bent_arm_pullover_isolation_barbell,REX-000103,PROMOTED_SEPARATE_CANONICAL,true,USER_DIRECT_REVIEW,SEPARATE_EXERCISE,ERP-20260827-00198,사람 직접 검수로 기존 alias와 canonical을 분리하고 독립 stable code를 부여,true
V1_ALIAS,NEX-000003,v1,v1:NEX-000003,v1:NEX-000003,바벨 디클라인 와이드그립 풀오버,barbell decline wide-grip pullover,barbell_pullover_isolation_barbell,barbell_pullover_isolation_barbell,REX-000006,RETAINED_LEGACY_ALIAS,false,LEGACY_COMPATIBILITY,RETAINED_ALIAS,,legacy alias mapping 유지,true
V1_ALIAS,NEX-000004,v1,v1:NEX-000004,v1:NEX-000004,바벨 프론트 레이즈,barbell front raise,barbell_front_raise_isolation_barbell,barbell_front_raise_isolation_barbell,REX-000005,REMOVED_FROM_ACTIVE_COMBINED_AFTER_PRIOR_DEDUP,false,PRIOR_NORMALIZED_NAME_DEDUP,SAME_EXERCISE,,이전 normalized name 동일성 제거 후 legacy mapping 보존,false
V1_ALIAS,NEX-000005,v1,v1:NEX-000005,v1:NEX-000005,바벨 풀오버,barbell pullover,barbell_pullover_isolation_barbell,barbell_pullover_isolation_barbell,REX-000006,REMOVED_FROM_ACTIVE_COMBINED_AFTER_PRIOR_DEDUP,false,PRIOR_NORMALIZED_NAME_DEDUP,SAME_EXERCISE,,이전 normalized name 동일성 제거 후 legacy mapping 보존,false
V1_ALIAS,NEX-000006,v1,v1:NEX-000006,v1:NEX-000006,바벨 리버스 리스트 컬,barbell reverse wrist curl,reverse_wrist_curl_isolation_barbell,reverse_wrist_curl_isolation_barbell,REX-000055,REMOVED_FROM_ACTIVE_COMBINED_AFTER_PRIOR_DEDUP,false,PRIOR_NORMALIZED_NAME_DEDUP,SAME_EXERCISE,,이전 normalized name 동일성 제거 후 legacy mapping 보존,false
V1_ALIAS,NEX-000007,v1,v1:NEX-000007,v1:NEX-000007,바벨 시티드 카프 레이즈,barbell seated calf raise,seated_calf_raise_isolation_barbell,seated_calf_raise_isolation_barbell,REX-000080,REMOVED_FROM_ACTIVE_COMBINED_AFTER_PRIOR_DEDUP,false,PRIOR_NORMALIZED_NAME_DEDUP,SAME_EXERCISE,,이전 normalized name 동일성 제거 후 legacy mapping 보존,false
V1_ALIAS,NEX-000008,v1,v1:NEX-000008,v1:NEX-000008,바벨 스탠딩 오버헤드 삼두 익스텐션,barbell standing overhead triceps extension,overhead_triceps_extension_isolation_barbell,overhead_triceps_extension_isolation_barbell,REX-000047,REMOVED_FROM_ACTIVE_COMBINED_AFTER_PRIOR_DEDUP,false,PRIOR_NORMALIZED_NAME_DEDUP,SAME_EXERCISE,,이전 normalized name 동일성 제거 후 legacy mapping 보존,false
V1_ALIAS,NEX-000009,v1,v1:NEX-000009,v1:NEX-000009,바벨 스트레이트 레그 데드리프트,barbell straight leg deadlift,barbell_straight_leg_deadlift_hip_dominant_barbell,barbell_straight_leg_deadlift_hip_dominant_barbell,REX-000007,REMOVED_FROM_ACTIVE_COMBINED_AFTER_PRIOR_DEDUP,false,PRIOR_NORMALIZED_NAME_DEDUP,SAME_EXERCISE,,이전 normalized name 동일성 제거 후 legacy mapping 보존,false
V1_ALIAS,NEX-000010,v1,v1:NEX-000010,v1:NEX-000010,바벨 리스트 컬,barbell wrist curl,wrist_curl_isolation_barbell,wrist_curl_isolation_barbell,REX-000102,REMOVED_FROM_ACTIVE_COMBINED_AFTER_PRIOR_DEDUP,false,PRIOR_NORMALIZED_NAME_DEDUP,SAME_EXERCISE,,이전 normalized name 동일성 제거 후 legacy mapping 보존,false
V1_ALIAS,NEX-000011,v1,v1:NEX-000011,v1:NEX-000011,이두 풀업,biceps pull-up,bodyweight_pull_up_biceps_vertical_pull_bodyweight_pull_up_bar,bodyweight_pull_up_biceps_vertical_pull_bodyweight_pull_up_bar,REX-000012,REMOVED_FROM_ACTIVE_COMBINED_AFTER_PRIOR_DEDUP,false,PRIOR_NORMALIZED_NAME_DEDUP,SAME_EXERCISE,,이전 normalized name 동일성 제거 후 legacy mapping 보존,false
V1_ALIAS,NEX-000012,v1,v1:NEX-000012,v1:NEX-000012,케이블 디클라인 플라이,cable decline fly,cable_fly_isolation_cable_machine,cable_fly_isolation_cable_machine,REX-000018,RETAINED_LEGACY_ALIAS,false,LEGACY_COMPATIBILITY,RETAINED_ALIAS,,legacy alias mapping 유지,true
V1_ALIAS,NEX-000013,v1,v1:NEX-000013,v1:NEX-000013,케이블 디클라인 시티드 와이드그립 로우,cable decline seated wide-grip row,seated_cable_row_horizontal_pull_cable_machine,seated_cable_row_horizontal_pull_cable_machine,REX-000079,RETAINED_LEGACY_ALIAS,false,LEGACY_COMPATIBILITY,RETAINED_ALIAS,,legacy alias mapping 유지,true
V1_ALIAS,NEX-000014,v1,v1:NEX-000014,v1:NEX-000014,케이블 바닥 시티드 와이드그립 로우,cable floor seated wide-grip row,seated_cable_row_horizontal_pull_cable_machine,seated_cable_row_horizontal_pull_cable_machine,REX-000079,RETAINED_LEGACY_ALIAS,false,LEGACY_COMPATIBILITY,RETAINED_ALIAS,,legacy alias mapping 유지,true
V1_ALIAS,NEX-000015,v1,v1:NEX-000015,v1:NEX-000015,케이블 하이 로우(니링),cable high row (kneeling),seated_cable_row_horizontal_pull_cable_machine,seated_cable_row_horizontal_pull_cable_machine,REX-000079,RETAINED_LEGACY_ALIAS,false,LEGACY_COMPATIBILITY,RETAINED_ALIAS,,legacy alias mapping 유지,true
V1_ALIAS,NEX-000016,v1,v1:NEX-000016,v1:NEX-000016,케이블 인클라인 플라이(메디신볼),cable incline fly (on stability ball),cable_fly_isolation_cable_machine,cable_incline_fly_on_stability_ball_isolation_stability_ball,REX-000104,PROMOTED_SEPARATE_CANONICAL,true,USER_DIRECT_REVIEW,SEPARATE_EXERCISE,ERP-20260827-00367,사람 직접 검수로 기존 alias와 canonical을 분리하고 독립 stable code를 부여,true
V1_ALIAS,NEX-000017,v1,v1:NEX-000017,v1:NEX-000017,케이블 인클라인 플라이,cable incline fly,cable_fly_isolation_cable_machine,cable_fly_isolation_cable_machine,REX-000018,RETAINED_LEGACY_ALIAS,false,LEGACY_COMPATIBILITY,RETAINED_ALIAS,,legacy alias mapping 유지,true
V1_ALIAS,NEX-000018,v1,v1:NEX-000018,v1:NEX-000018,케이블 라잉 익스텐션 풀오버,cable lying extension pullover (with rope attachment),barbell_pullover_isolation_barbell,cable_lying_extension_pullover_with_rope_attachment_isolation_cable_machine,REX-000105,PROMOTED_SEPARATE_CANONICAL,true,USER_DIRECT_REVIEW,SEPARATE_EXERCISE,ERP-20260827-00199,사람 직접 검수로 기존 alias와 canonical을 분리하고 독립 stable code를 부여,true
V1_ALIAS,NEX-000019,v1,v1:NEX-000019,v1:NEX-000019,케이블 라잉 플라이,cable lying fly,cable_fly_isolation_cable_machine,cable_fly_isolation_cable_machine,REX-000018,RETAINED_LEGACY_ALIAS,false,LEGACY_COMPATIBILITY,RETAINED_ALIAS,,legacy alias mapping 유지,true
V1_ALIAS,NEX-000020,v1,v1:NEX-000020,v1:NEX-000020,케이블 풀다운,cable pulldown,lat_pulldown_vertical_pull_cable_machine,lat_pulldown_vertical_pull_cable_machine,REX-000040,REMOVED_FROM_ACTIVE_COMBINED_AFTER_PRIOR_DEDUP,false,PRIOR_NORMALIZED_NAME_DEDUP,SAME_EXERCISE,,이전 normalized name 동일성 제거 후 legacy mapping 보존,false
V1_ALIAS,NEX-000021,v1,v1:NEX-000021,v1:NEX-000021,케이블 푸시다운,cable pushdown,cable_triceps_pushdown_isolation_cable_machine,cable_triceps_pushdown_isolation_cable_machine,REX-000019,REMOVED_FROM_ACTIVE_COMBINED_AFTER_PRIOR_DEDUP,false,PRIOR_NORMALIZED_NAME_DEDUP,SAME_EXERCISE,,이전 normalized name 동일성 제거 후 legacy mapping 보존,false
V1_ALIAS,NEX-000022,v1,v1:NEX-000022,v1:NEX-000022,케이블 리버스-그립 스트레이트 등 시티드 하이 로우,cable reverse-grip straight back seated high row,seated_cable_row_horizontal_pull_cable_machine,cable_reverse_grip_straight_back_seated_high_row_isolation_cable_machine,REX-000106,PROMOTED_SEPARATE_CANONICAL,true,USER_DIRECT_REVIEW,SEPARATE_EXERCISE,ERP-20260827-00548,사람 직접 검수로 기존 alias와 canonical을 분리하고 독립 stable code를 부여,true
V1_ALIAS,NEX-000023,v1,v1:NEX-000023,v1:NEX-000023,케이블 러시안 트위스트(메디신볼),cable russian twists (on stability ball),bodyweight_russian_twist_core_brace_bodyweight,cable_russian_twists_on_stability_ball_isolation_stability_ball,REX-000107,PROMOTED_SEPARATE_CANONICAL,true,USER_DIRECT_REVIEW,SEPARATE_EXERCISE,ERP-20260827-00328,사람 직접 검수로 기존 alias와 canonical을 분리하고 독립 stable code를 부여,true
V1_ALIAS,NEX-000024,v1,v1:NEX-000024,v1:NEX-000024,케이블 시티드 와이드그립 로우,cable seated wide-grip row,seated_cable_row_horizontal_pull_cable_machine,seated_cable_row_horizontal_pull_cable_machine,REX-000079,RETAINED_LEGACY_ALIAS,false,LEGACY_COMPATIBILITY,RETAINED_ALIAS,,legacy alias mapping 유지,true
V1_ALIAS,NEX-000025,v1,v1:NEX-000025,v1:NEX-000025,케이블 슈러그,cable shrug,dumbbell_shrug_isolation_dumbbell,dumbbell_shrug_isolation_dumbbell,REX-000029,RETAINED_LEGACY_ALIAS,false,LEGACY_COMPATIBILITY,RETAINED_ALIAS,,legacy alias mapping 유지,true
V1_ALIAS,NEX-000026,v1,v1:NEX-000026,v1:NEX-000026,케이블 스탠딩 플라이,cable standing fly,cable_fly_isolation_cable_machine,cable_fly_isolation_cable_machine,REX-000018,REMOVED_FROM_ACTIVE_COMBINED_AFTER_PRIOR_DEDUP,false,PRIOR_NORMALIZED_NAME_DEDUP,SAME_EXERCISE,,이전 normalized name 동일성 제거 후 legacy mapping 보존,false
V1_ALIAS,NEX-000027,v1,v1:NEX-000027,v1:NEX-000027,케이블 턱 리버스 크런치,cable tuck reverse crunch,bodyweight_reverse_crunch_core_brace_bodyweight,bodyweight_reverse_crunch_core_brace_bodyweight,REX-000013,RETAINED_LEGACY_ALIAS,false,LEGACY_COMPATIBILITY,RETAINED_ALIAS,,legacy alias mapping 유지,true
V1_ALIAS,NEX-000028,v1,v1:NEX-000028,v1:NEX-000028,클로즈그립 푸시업,close-grip push-up,close_grip_push_up_horizontal_push_bodyweight,close_grip_push_up_horizontal_push_bodyweight,REX-000022,REMOVED_FROM_ACTIVE_COMBINED_AFTER_PRIOR_DEDUP,false,PRIOR_NORMALIZED_NAME_DEDUP,SAME_EXERCISE,,이전 normalized name 동일성 제거 후 legacy mapping 보존,false
V1_ALIAS,NEX-000029,v1,v1:NEX-000029,v1:NEX-000029,크런치 바닥,crunch floor,bodyweight_crunch_core_brace_bodyweight,bodyweight_crunch_core_brace_bodyweight,REX-000009,REMOVED_FROM_ACTIVE_COMBINED_AFTER_PRIOR_DEDUP,false,PRIOR_NORMALIZED_NAME_DEDUP,SAME_EXERCISE,,이전 normalized name 동일성 제거 후 legacy mapping 보존,false
V1_ALIAS,NEX-000030,v1,v1:NEX-000030,v1:NEX-000030,데드 버그,dead bug,dead_bug_core_brace_bodyweight,dead_bug_core_brace_bodyweight,REX-000024,REMOVED_FROM_ACTIVE_COMBINED_AFTER_PRIOR_DEDUP,false,PRIOR_NORMALIZED_NAME_DEDUP,SAME_EXERCISE,,이전 normalized name 동일성 제거 후 legacy mapping 보존,false
V1_ALIAS,NEX-000031,v1,v1:NEX-000031,v1:NEX-000031,디클라인 크런치,decline crunch,bodyweight_crunch_core_brace_bodyweight,bodyweight_crunch_core_brace_bodyweight,REX-000009,RETAINED_LEGACY_ALIAS,false,LEGACY_COMPATIBILITY,RETAINED_ALIAS,,legacy alias mapping 유지,true
V1_ALIAS,NEX-000032,v1,v1:NEX-000032,v1:NEX-000032,덤벨 데드리프트,dumbbell deadlift,barbell_deadlift_hip_dominant_barbell,barbell_deadlift_hip_dominant_barbell,REX-000004,RETAINED_LEGACY_ALIAS,false,LEGACY_COMPATIBILITY,RETAINED_ALIAS,,legacy alias mapping 유지,true
V1_ALIAS,NEX-000033,v1,v1:NEX-000033,v1:NEX-000033,덤벨 디클라인 슈러그,dumbbell decline shrug v. 2,dumbbell_shrug_isolation_dumbbell,dumbbell_shrug_isolation_dumbbell,REX-000029,RETAINED_LEGACY_ALIAS,false,LEGACY_COMPATIBILITY,RETAINED_ALIAS,,legacy alias mapping 유지,true
V1_ALIAS,NEX-000034,v1,v1:NEX-000034,v1:NEX-000034,덤벨 디클라인 슈러그,dumbbell decline shrug,dumbbell_shrug_isolation_dumbbell,dumbbell_shrug_isolation_dumbbell,REX-000029,RETAINED_LEGACY_ALIAS,false,LEGACY_COMPATIBILITY,RETAINED_ALIAS,,legacy alias mapping 유지,true
V1_ALIAS,NEX-000035,v1,v1:NEX-000035,v1:NEX-000035,덤벨 프론트 레이즈,dumbbell front raise v. 2,barbell_front_raise_isolation_barbell,barbell_front_raise_isolation_barbell,REX-000005,RETAINED_LEGACY_ALIAS,false,LEGACY_COMPATIBILITY,RETAINED_ALIAS,,legacy alias mapping 유지,true
V1_ALIAS,NEX-000036,v1,v1:NEX-000036,v1:NEX-000036,덤벨 프론트 레이즈,dumbbell front raise,barbell_front_raise_isolation_barbell,barbell_front_raise_isolation_barbell,REX-000005,RETAINED_LEGACY_ALIAS,false,LEGACY_COMPATIBILITY,RETAINED_ALIAS,,legacy alias mapping 유지,true
V1_ALIAS,NEX-000037,v1,v1:NEX-000037,v1:NEX-000037,덤벨 인클라인 리어 레터럴 레이즈,dumbbell incline rear lateral raise,dumbbell_rear_fly_isolation_dumbbell,dumbbell_incline_rear_lateral_raise_isolation_dumbbell,REX-000108,PROMOTED_SEPARATE_CANONICAL,true,USER_DIRECT_REVIEW,SEPARATE_EXERCISE,ERP-20260827-00426,사람 직접 검수로 기존 alias와 canonical을 분리하고 독립 stable code를 부여,true
V1_ALIAS,NEX-000038,v1,v1:NEX-000038,v1:NEX-000038,덤벨 인클라인 슈러그,dumbbell incline shrug,dumbbell_shrug_isolation_dumbbell,dumbbell_shrug_isolation_dumbbell,REX-000029,RETAINED_LEGACY_ALIAS,false,LEGACY_COMPATIBILITY,RETAINED_ALIAS,,legacy alias mapping 유지,true
V1_ALIAS,NEX-000039,v1,v1:NEX-000039,v1:NEX-000039,덤벨 레터럴 레이즈,dumbbell lateral raise,dumbbell_lateral_raise_isolation_dumbbell,dumbbell_lateral_raise_isolation_dumbbell,REX-000026,REMOVED_FROM_ACTIVE_COMBINED_AFTER_PRIOR_DEDUP,false,PRIOR_NORMALIZED_NAME_DEDUP,SAME_EXERCISE,,이전 normalized name 동일성 제거 후 legacy mapping 보존,false
V1_ALIAS,NEX-000040,v1,v1:NEX-000040,v1:NEX-000040,덤벨 레터럴 투 프론트 레이즈,dumbbell lateral to front raise,barbell_front_raise_isolation_barbell,dumbbell_lateral_to_front_raise_isolation_dumbbell,REX-000109,PROMOTED_SEPARATE_CANONICAL,true,USER_DIRECT_REVIEW,SEPARATE_EXERCISE,ERP-20260827-00190,사람 직접 검수로 기존 alias와 canonical을 분리하고 독립 stable code를 부여,true
V1_ALIAS,NEX-000041,v1,v1:NEX-000041,v1:NEX-000041,덤벨 런지,dumbbell lunge,bodyweight_forward_lunge_knee_dominant_bodyweight,bodyweight_forward_lunge_knee_dominant_bodyweight,REX-000010,RETAINED_LEGACY_ALIAS,false,LEGACY_COMPATIBILITY,RETAINED_ALIAS,,legacy alias mapping 유지,true
V1_ALIAS,NEX-000042,v1,v1:NEX-000042,v1:NEX-000042,덤벨 라잉 리어 레터럴 레이즈,dumbbell lying rear lateral raise,dumbbell_rear_fly_isolation_dumbbell,dumbbell_lying_rear_lateral_raise_isolation_dumbbell,REX-000110,PROMOTED_SEPARATE_CANONICAL,true,USER_DIRECT_REVIEW,SEPARATE_EXERCISE,ERP-20260827-00427,사람 직접 검수로 기존 alias와 canonical을 분리하고 독립 stable code를 부여,true
V1_ALIAS,NEX-000043,v1,v1:NEX-000043,v1:NEX-000043,원암 덤벨 숄더 프레스,dumbbell one arm shoulder press v. 2,seated_shoulder_press_vertical_push_dumbbell,seated_shoulder_press_vertical_push_dumbbell,REX-000086,RETAINED_LEGACY_ALIAS,false,LEGACY_COMPATIBILITY,RETAINED_ALIAS,,legacy alias mapping 유지,true
V1_ALIAS,NEX-000044,v1,v1:NEX-000044,v1:NEX-000044,원암 덤벨 숄더 프레스,dumbbell one arm shoulder press,seated_shoulder_press_vertical_push_dumbbell,seated_shoulder_press_vertical_push_dumbbell,REX-000086,RETAINED_LEGACY_ALIAS,false,LEGACY_COMPATIBILITY,RETAINED_ALIAS,,legacy alias mapping 유지,true
V1_ALIAS,NEX-000045,v1,v1:NEX-000045,v1:NEX-000045,덤벨 오버 벤치 리버스 리스트 컬,dumbbell over bench revers wrist curl,reverse_wrist_curl_isolation_barbell,dumbbell_over_bench_revers_wrist_curl_isolation_dumbbell,REX-000111,PROMOTED_SEPARATE_CANONICAL,true,USER_DIRECT_REVIEW,SEPARATE_EXERCISE,ERP-20260827-00520,사람 직접 검수로 기존 alias와 canonical을 분리하고 독립 stable code를 부여,true
V1_ALIAS,NEX-000046,v1,v1:NEX-000046,v1:NEX-000046,덤벨 오버 벤치 리스트 컬,dumbbell over bench wrist curl,wrist_curl_isolation_barbell,wrist_curl_isolation_barbell,REX-000102,RETAINED_LEGACY_ALIAS,false,LEGACY_COMPATIBILITY,RETAINED_ALIAS,,legacy alias mapping 유지,true
V1_ALIAS,NEX-000047,v1,v1:NEX-000047,v1:NEX-000047,덤벨 프리처 컬,dumbbell preacher curl,dumbbell_preacher_curl_isolation_dumbbell,dumbbell_preacher_curl_isolation_dumbbell,REX-000027,REMOVED_FROM_ACTIVE_COMBINED_AFTER_PRIOR_DEDUP,false,PRIOR_NORMALIZED_NAME_DEDUP,SAME_EXERCISE,,이전 normalized name 동일성 제거 후 legacy mapping 보존,false
V1_ALIAS,NEX-000048,v1,v1:NEX-000048,v1:NEX-000048,덤벨 리어 플라이,dumbbell rear fly,dumbbell_rear_fly_isolation_dumbbell,dumbbell_rear_fly_isolation_dumbbell,REX-000028,REMOVED_FROM_ACTIVE_COMBINED_AFTER_PRIOR_DEDUP,false,PRIOR_NORMALIZED_NAME_DEDUP,SAME_EXERCISE,,이전 normalized name 동일성 제거 후 legacy mapping 보존,false
V1_ALIAS,NEX-000049,v1,v1:NEX-000049,v1:NEX-000049,덤벨 레터럴 레이즈,dumbbell rear lateral raise (support head),dumbbell_rear_fly_isolation_dumbbell,dumbbell_rear_lateral_raise_support_head_isolation_dumbbell,REX-000112,PROMOTED_SEPARATE_CANONICAL,true,USER_DIRECT_REVIEW,SEPARATE_EXERCISE,ERP-20260827-00428,사람 직접 검수로 기존 alias와 canonical을 분리하고 독립 stable code를 부여,true
V1_ALIAS,NEX-000050,v1,v1:NEX-000050,v1:NEX-000050,덤벨 레터럴 레이즈,dumbbell rear lateral raise,dumbbell_rear_fly_isolation_dumbbell,dumbbell_rear_lateral_raise_isolation_dumbbell,REX-000113,PROMOTED_SEPARATE_CANONICAL,true,USER_DIRECT_REVIEW,SEPARATE_EXERCISE,ERP-20260827-00429,사람 직접 검수로 기존 alias와 canonical을 분리하고 독립 stable code를 부여,true
V1_ALIAS,NEX-000051,v1,v1:NEX-000051,v1:NEX-000051,덤벨 런지,dumbbell rear lunge,bodyweight_forward_lunge_knee_dominant_bodyweight,bodyweight_forward_lunge_knee_dominant_bodyweight,REX-000010,RETAINED_LEGACY_ALIAS,false,LEGACY_COMPATIBILITY,RETAINED_ALIAS,,legacy alias mapping 유지,true
V1_ALIAS,NEX-000052,v1,v1:NEX-000052,v1:NEX-000052,덤벨 리버스 리스트 컬,dumbbell reverse wrist curl,reverse_wrist_curl_isolation_barbell,reverse_wrist_curl_isolation_barbell,REX-000055,RETAINED_LEGACY_ALIAS,false,LEGACY_COMPATIBILITY,RETAINED_ALIAS,,legacy alias mapping 유지,true
V1_ALIAS,NEX-000053,v1,v1:NEX-000053,v1:NEX-000053,덤벨 시티드 교대 프론트 레이즈,dumbbell seated alternate front raise,barbell_front_raise_isolation_barbell,barbell_front_raise_isolation_barbell,REX-000005,RETAINED_LEGACY_ALIAS,false,LEGACY_COMPATIBILITY,RETAINED_ALIAS,,legacy alias mapping 유지,true
V1_ALIAS,NEX-000054,v1,v1:NEX-000054,v1:NEX-000054,덤벨 시티드 프리처 컬,dumbbell seated preacher curl,dumbbell_preacher_curl_isolation_dumbbell,dumbbell_preacher_curl_isolation_dumbbell,REX-000027,RETAINED_LEGACY_ALIAS,false,LEGACY_COMPATIBILITY,RETAINED_ALIAS,,legacy alias mapping 유지,true
V1_ALIAS,NEX-000055,v1,v1:NEX-000055,v1:NEX-000055,덤벨 시티드 숄더 프레스,dumbbell seated shoulder press (parallel grip),seated_shoulder_press_vertical_push_dumbbell,seated_shoulder_press_vertical_push_dumbbell,REX-000086,RETAINED_LEGACY_ALIAS,false,LEGACY_COMPATIBILITY,RETAINED_ALIAS,,legacy alias mapping 유지,true
V1_ALIAS,NEX-000056,v1,v1:NEX-000056,v1:NEX-000056,덤벨 시티드 숄더 프레스,dumbbell seated shoulder press,seated_shoulder_press_vertical_push_dumbbell,seated_shoulder_press_vertical_push_dumbbell,REX-000086,REMOVED_FROM_ACTIVE_COMBINED_AFTER_PRIOR_DEDUP,false,PRIOR_NORMALIZED_NAME_DEDUP,SAME_EXERCISE,,이전 normalized name 동일성 제거 후 legacy mapping 보존,false
V1_ALIAS,NEX-000057,v1,v1:NEX-000057,v1:NEX-000057,덤벨 슈러그,dumbbell shrug,dumbbell_shrug_isolation_dumbbell,dumbbell_shrug_isolation_dumbbell,REX-000029,REMOVED_FROM_ACTIVE_COMBINED_AFTER_PRIOR_DEDUP,false,PRIOR_NORMALIZED_NAME_DEDUP,SAME_EXERCISE,,이전 normalized name 동일성 제거 후 legacy mapping 보존,false
V1_ALIAS,NEX-000058,v1,v1:NEX-000058,v1:NEX-000058,덤벨 싱글 레그 카프 레이즈,dumbbell single leg calf raise,bodyweight_standing_calf_raise_isolation_bodyweight,bodyweight_standing_calf_raise_isolation_bodyweight,REX-000016,RETAINED_LEGACY_ALIAS,false,LEGACY_COMPATIBILITY,RETAINED_ALIAS,,legacy alias mapping 유지,true
V1_ALIAS,NEX-000059,v1,v1:NEX-000059,v1:NEX-000059,덤벨 스탠딩 이두 컬,dumbbell standing biceps curl,dumbbell_standing_curl_isolation_dumbbell,dumbbell_standing_curl_isolation_dumbbell,REX-000030,REMOVED_FROM_ACTIVE_COMBINED_AFTER_PRIOR_DEDUP,false,PRIOR_NORMALIZED_NAME_DEDUP,SAME_EXERCISE,,이전 normalized name 동일성 제거 후 legacy mapping 보존,false
V1_ALIAS,NEX-000060,v1,v1:NEX-000060,v1:NEX-000060,덤벨 스탠딩 프리처 컬,dumbbell standing preacher curl,dumbbell_preacher_curl_isolation_dumbbell,dumbbell_preacher_curl_isolation_dumbbell,REX-000027,RETAINED_LEGACY_ALIAS,false,LEGACY_COMPATIBILITY,RETAINED_ALIAS,,legacy alias mapping 유지,true
V1_ALIAS,NEX-000061,v1,v1:NEX-000061,v1:NEX-000061,덤벨 스티프 레그 데드리프트,dumbbell stiff leg deadlift,barbell_straight_leg_deadlift_hip_dominant_barbell,barbell_straight_leg_deadlift_hip_dominant_barbell,REX-000007,RETAINED_LEGACY_ALIAS,false,LEGACY_COMPATIBILITY,RETAINED_ALIAS,,legacy alias mapping 유지,true
V1_ALIAS,NEX-000062,v1,v1:NEX-000062,v1:NEX-000062,덤벨 스트레이트 레그 데드리프트,dumbbell straight leg deadlift,barbell_straight_leg_deadlift_hip_dominant_barbell,barbell_straight_leg_deadlift_hip_dominant_barbell,REX-000007,RETAINED_LEGACY_ALIAS,false,LEGACY_COMPATIBILITY,RETAINED_ALIAS,,legacy alias mapping 유지,true
V1_ALIAS,NEX-000063,v1,v1:NEX-000063,v1:NEX-000063,트위스트 플랭크,front plank with twist,plank_rotation_core_brace_bodyweight,plank_rotation_core_brace_bodyweight,REX-000051,REMOVED_FROM_ACTIVE_COMBINED_AFTER_PRIOR_DEDUP,false,PRIOR_NORMALIZED_NAME_DEDUP,SAME_EXERCISE,,이전 normalized name 동일성 제거 후 legacy mapping 보존,false
V1_ALIAS,NEX-000064,v1,v1:NEX-000064,v1:NEX-000064,백익스텐션,hyperextension,bodyweight_back_extension_hip_dominant_bodyweight,bodyweight_back_extension_hip_dominant_bodyweight,REX-000008,REMOVED_FROM_ACTIVE_COMBINED_AFTER_PRIOR_DEDUP,false,PRIOR_NORMALIZED_NAME_DEDUP,SAME_EXERCISE,,이전 normalized name 동일성 제거 후 legacy mapping 보존,false
V1_ALIAS,NEX-000065,v1,v1:NEX-000065,v1:NEX-000065,인버스 레그 컬,inverse leg curl (bench support),seated_leg_curl_knee_flexion_machine,inverse_leg_curl_bench_support_isolation_bench,REX-000114,PROMOTED_SEPARATE_CANONICAL,true,USER_DIRECT_REVIEW,SEPARATE_EXERCISE,ERP-20260827-00569,사람 직접 검수로 기존 alias와 canonical을 분리하고 독립 stable code를 부여,true
V1_ALIAS,NEX-000066,v1,v1:NEX-000066,v1:NEX-000066,인버티드 로우(스트랩),inverted row with straps,inverted_row_horizontal_pull_bodyweight,inverted_row_with_straps_isolation_stretch_strap,REX-000115,PROMOTED_SEPARATE_CANONICAL,true,USER_DIRECT_REVIEW,SEPARATE_EXERCISE,ERP-20260827-00473,사람 직접 검수로 기존 alias와 canonical을 분리하고 독립 stable code를 부여,true
V1_ALIAS,NEX-000067,v1,v1:NEX-000067,v1:NEX-000067,인버티드 로우,inverted row,inverted_row_horizontal_pull_bodyweight,inverted_row_horizontal_pull_bodyweight,REX-000038,REMOVED_FROM_ACTIVE_COMBINED_AFTER_PRIOR_DEDUP,false,PRIOR_NORMALIZED_NAME_DEDUP,SAME_EXERCISE,,이전 normalized name 동일성 제거 후 legacy mapping 보존,false
V1_ALIAS,NEX-000068,v1,v1:NEX-000068,v1:NEX-000068,케틀벨 런지,kettlebell lunge pass through,bodyweight_forward_lunge_knee_dominant_bodyweight,kettlebell_lunge_pass_through_isolation_kettlebell,REX-000116,PROMOTED_SEPARATE_CANONICAL,true,USER_DIRECT_REVIEW,SEPARATE_EXERCISE,ERP-20260827-00310,사람 직접 검수로 기존 alias와 canonical을 분리하고 독립 stable code를 부여,true
V1_ALIAS,NEX-000069,v1,v1:NEX-000069,v1:NEX-000069,레그 익스텐션,lever leg extension,machine_leg_extension_isolation_machine,machine_leg_extension_isolation_machine,REX-000044,REMOVED_FROM_ACTIVE_COMBINED_AFTER_PRIOR_DEDUP,false,PRIOR_NORMALIZED_NAME_DEDUP,SAME_EXERCISE,,이전 normalized name 동일성 제거 후 legacy mapping 보존,false
V1_ALIAS,NEX-000070,v1,v1:NEX-000070,v1:NEX-000070,시티드 카프 레이즈,lever seated calf raise,seated_calf_raise_isolation_barbell,seated_calf_raise_isolation_barbell,REX-000080,RETAINED_LEGACY_ALIAS,false,LEGACY_COMPATIBILITY,RETAINED_ALIAS,,legacy alias mapping 유지,true
V1_ALIAS,NEX-000071,v1,v1:NEX-000071,v1:NEX-000071,시티드 레그 컬,lever seated leg curl,seated_leg_curl_knee_flexion_machine,seated_leg_curl_knee_flexion_machine,REX-000083,REMOVED_FROM_ACTIVE_COMBINED_AFTER_PRIOR_DEDUP,false,PRIOR_NORMALIZED_NAME_DEDUP,SAME_EXERCISE,,이전 normalized name 동일성 제거 후 legacy mapping 보존,false
V1_ALIAS,NEX-000072,v1,v1:NEX-000072,v1:NEX-000072,라잉 사이드 대퇴사두 스트레칭,lying (side) quads stretch,side_lying_quadriceps_stretch_mobility_stretch_bodyweight,side_lying_quadriceps_stretch_mobility_stretch_bodyweight,REX-000088,REMOVED_FROM_ACTIVE_COMBINED_AFTER_PRIOR_DEDUP,false,PRIOR_NORMALIZED_NAME_DEDUP,SAME_EXERCISE,,이전 normalized name 동일성 제거 후 legacy mapping 보존,false
V1_ALIAS,NEX-000073,v1,v1:NEX-000073,v1:NEX-000073,오버헤드 삼두 스트레칭,overhead triceps stretch,overhead_triceps_stretch_mobility_stretch_bodyweight,overhead_triceps_stretch_mobility_stretch_bodyweight,REX-000048,REMOVED_FROM_ACTIVE_COMBINED_AFTER_PRIOR_DEDUP,false,PRIOR_NORMALIZED_NAME_DEDUP,SAME_EXERCISE,,이전 normalized name 동일성 제거 후 legacy mapping 보존,false
V1_ALIAS,NEX-000074,v1,v1:NEX-000074,v1:NEX-000074,푸시업,push-up,push_up_horizontal_push_bodyweight,push_up_horizontal_push_bodyweight,REX-000052,REMOVED_FROM_ACTIVE_COMBINED_AFTER_PRIOR_DEDUP,false,PRIOR_NORMALIZED_NAME_DEDUP,SAME_EXERCISE,,이전 normalized name 동일성 제거 후 legacy mapping 보존,false
V1_ALIAS,NEX-000075,v1,v1:NEX-000075,v1:NEX-000075,리어 델토이드 스트레칭,rear deltoid stretch,rear_deltoid_stretch_mobility_stretch_bodyweight,rear_deltoid_stretch_mobility_stretch_bodyweight,REX-000053,REMOVED_FROM_ACTIVE_COMBINED_AFTER_PRIOR_DEDUP,false,PRIOR_NORMALIZED_NAME_DEDUP,SAME_EXERCISE,,이전 normalized name 동일성 제거 후 legacy mapping 보존,false
V1_ALIAS,NEX-000076,v1,v1:NEX-000076,v1:NEX-000076,달리기,run,cardio_gait_bodyweight_rex_000062,cardio_gait_bodyweight_rex_000062,REX-000062,REMOVED_FROM_ACTIVE_COMBINED_AFTER_PRIOR_DEDUP,false,PRIOR_NORMALIZED_NAME_DEDUP,SAME_EXERCISE,,이전 normalized name 동일성 제거 후 legacy mapping 보존,false
V1_ALIAS,NEX-000077,v1,v1:NEX-000077,v1:NEX-000077,러시안 트위스트,russian twist,bodyweight_russian_twist_core_brace_bodyweight,bodyweight_russian_twist_core_brace_bodyweight,REX-000014,REMOVED_FROM_ACTIVE_COMBINED_AFTER_PRIOR_DEDUP,false,PRIOR_NORMALIZED_NAME_DEDUP,SAME_EXERCISE,,이전 normalized name 동일성 제거 후 legacy mapping 보존,false
V1_ALIAS,NEX-000078,v1,v1:NEX-000078,v1:NEX-000078,견갑 풀업,scapular pull-up,scapular_pull_up_vertical_pull_bodyweight_pull_up_bar,scapular_pull_up_vertical_pull_bodyweight_pull_up_bar,REX-000078,REMOVED_FROM_ACTIVE_COMBINED_AFTER_PRIOR_DEDUP,false,PRIOR_NORMALIZED_NAME_DEDUP,SAME_EXERCISE,,이전 normalized name 동일성 제거 후 legacy mapping 보존,false
V1_ALIAS,NEX-000079,v1,v1:NEX-000079,v1:NEX-000079,앉아서 허리 스트레칭,seated lower back stretch,seated_lower_back_stretch_mobility_stretch_bodyweight,seated_lower_back_stretch_mobility_stretch_bodyweight,REX-000084,REMOVED_FROM_ACTIVE_COMBINED_AFTER_PRIOR_DEDUP,false,PRIOR_NORMALIZED_NAME_DEDUP,SAME_EXERCISE,,이전 normalized name 동일성 제거 후 legacy mapping 보존,false
V1_ALIAS,NEX-000080,v1,v1:NEX-000080,v1:NEX-000080,사이드 크런치(벽),seated side crunch (wall),crunch_variant_core_brace_bodyweight,crunch_variant_core_brace_bodyweight,REX-000023,REMOVED_FROM_ACTIVE_COMBINED_AFTER_PRIOR_DEDUP,false,PRIOR_NORMALIZED_NAME_DEDUP,SAME_EXERCISE,,이전 normalized name 동일성 제거 후 legacy mapping 보존,false
V1_ALIAS,NEX-000081,v1,v1:NEX-000081,v1:NEX-000081,인버스 레그 컬(바닥),self assisted inverse leg curl (on floor),seated_leg_curl_knee_flexion_machine,self_assisted_inverse_leg_curl_on_floor_isolation_bodyweight,REX-000117,PROMOTED_SEPARATE_CANONICAL,true,USER_DIRECT_REVIEW,SEPARATE_EXERCISE,ERP-20260827-00570,사람 직접 검수로 기존 alias와 canonical을 분리하고 독립 stable code를 부여,true
V1_ALIAS,NEX-000082,v1,v1:NEX-000082,v1:NEX-000082,인버스 레그 컬,self assisted inverse leg curl,seated_leg_curl_knee_flexion_machine,self_assisted_inverse_leg_curl_isolation_bodyweight,REX-000118,PROMOTED_SEPARATE_CANONICAL,true,USER_DIRECT_REVIEW,SEPARATE_EXERCISE,ERP-20260827-00571,사람 직접 검수로 기존 alias와 canonical을 분리하고 독립 stable code를 부여,true
V1_ALIAS,NEX-000083,v1,v1:NEX-000083,v1:NEX-000083,사이드 푸시 목 스트레칭,side push neck stretch,neck_lateral_stretch_mobility_stretch_bodyweight,neck_lateral_stretch_mobility_stretch_bodyweight,REX-000045,RETAINED_LEGACY_ALIAS,false,LEGACY_COMPATIBILITY,RETAINED_ALIAS,,legacy alias mapping 유지,true
V1_ALIAS,NEX-000084,v1,v1:NEX-000084,v1:NEX-000084,사이드 리스트 풀 스트레칭,side wrist pull stretch,side_wrist_pull_stretch_mobility_stretch_bodyweight,side_wrist_pull_stretch_mobility_stretch_bodyweight,REX-000089,REMOVED_FROM_ACTIVE_COMBINED_AFTER_PRIOR_DEDUP,false,PRIOR_NORMALIZED_NAME_DEDUP,SAME_EXERCISE,,이전 normalized name 동일성 제거 후 legacy mapping 보존,false
V1_ALIAS,NEX-000085,v1,v1:NEX-000085,v1:NEX-000085,스미스 리버스 카프 레이즈,smith reverse calf raises,reverse_calf_raise_isolation_resistance_band,smith_reverse_calf_raises_isolation_machine,REX-000119,PROMOTED_SEPARATE_CANONICAL,true,USER_DIRECT_REVIEW,SEPARATE_EXERCISE,ERP-20260827-00518,사람 직접 검수로 기존 alias와 canonical을 분리하고 독립 stable code를 부여,true
V1_ALIAS,NEX-000086,v1,v1:NEX-000086,v1:NEX-000086,레터럴 스트레칭,standing lateral stretch,standing_lateral_stretch_mobility_stretch_bodyweight,standing_lateral_stretch_mobility_stretch_bodyweight,REX-000095,REMOVED_FROM_ACTIVE_COMBINED_AFTER_PRIOR_DEDUP,false,PRIOR_NORMALIZED_NAME_DEDUP,SAME_EXERCISE,,이전 normalized name 동일성 제거 후 legacy mapping 보존,false
V1_ALIAS,NEX-000087,v1,v1:NEX-000087,v1:NEX-000087,싱글 레그 컬,standing single leg curl,seated_leg_curl_knee_flexion_machine,seated_leg_curl_knee_flexion_machine,REX-000083,RETAINED_LEGACY_ALIAS,false,LEGACY_COMPATIBILITY,RETAINED_ALIAS,,legacy alias mapping 유지,true
V1_ALIAS,NEX-000088,v1,v1:NEX-000088,v1:NEX-000088,서스펜디드 리버스 크런치,suspended reverse crunch,bodyweight_reverse_crunch_core_brace_bodyweight,bodyweight_reverse_crunch_core_brace_bodyweight,REX-000013,RETAINED_LEGACY_ALIAS,false,LEGACY_COMPATIBILITY,RETAINED_ALIAS,,legacy alias mapping 유지,true
V1_ALIAS,NEX-000089,v1,v1:NEX-000089,v1:NEX-000089,삼두 스트레칭,triceps stretch,triceps_stretch_mobility_stretch_bodyweight,triceps_stretch_mobility_stretch_bodyweight,REX-000096,REMOVED_FROM_ACTIVE_COMBINED_AFTER_PRIOR_DEDUP,false,PRIOR_NORMALIZED_NAME_DEDUP,SAME_EXERCISE,,이전 normalized name 동일성 제거 후 legacy mapping 보존,false
V1_ALIAS,NEX-000090,v1,v1:NEX-000090,v1:NEX-000090,중량 러시안 트위스트(레그 업),weighted russian twist (legs up),bodyweight_russian_twist_core_brace_bodyweight,weighted_russian_twist_legs_up_isolation_bodyweight,REX-000120,PROMOTED_SEPARATE_CANONICAL,true,USER_DIRECT_REVIEW,SEPARATE_EXERCISE,ERP-20260827-00329,사람 직접 검수로 기존 alias와 canonical을 분리하고 독립 stable code를 부여,true
V1_ALIAS,NEX-000091,v1,v1:NEX-000091,v1:NEX-000091,중량 러시안 트위스트(바닥 터치),weighted russian twist,bodyweight_russian_twist_core_brace_bodyweight,bodyweight_russian_twist_core_brace_bodyweight,REX-000014,RETAINED_LEGACY_ALIAS,false,LEGACY_COMPATIBILITY,RETAINED_ALIAS,,legacy alias mapping 유지,true
V1_ALIAS,NEX-000092,v1,v1:NEX-000092,v1:NEX-000092,중량 스탠딩 손 스퀴즈,weighted standing hand squeeze,hand_grip_squeeze_isolation_household_weight,hand_grip_squeeze_isolation_household_weight,REX-000035,REMOVED_FROM_ACTIVE_COMBINED_AFTER_PRIOR_DEDUP,false,PRIOR_NORMALIZED_NAME_DEDUP,SAME_EXERCISE,,이전 normalized name 동일성 제거 후 legacy mapping 보존,false
V1_ALIAS,NEX-000093,v1,v1:NEX-000093,v1:NEX-000093,케이블 시티드 로우,cable seated row,seated_cable_row_horizontal_pull_cable_machine,seated_cable_row_horizontal_pull_cable_machine,REX-000079,REMOVED_FROM_ACTIVE_COMBINED_AFTER_PRIOR_DEDUP,false,PRIOR_NORMALIZED_NAME_DEDUP,SAME_EXERCISE,,이전 normalized name 동일성 제거 후 legacy mapping 보존,false
V1_ALIAS,NEX-000094,v1,v1:NEX-000094,v1:NEX-000094,리버스 크런치,reverse crunch,bodyweight_reverse_crunch_core_brace_bodyweight,bodyweight_reverse_crunch_core_brace_bodyweight,REX-000013,REMOVED_FROM_ACTIVE_COMBINED_AFTER_PRIOR_DEDUP,false,PRIOR_NORMALIZED_NAME_DEDUP,SAME_EXERCISE,,이전 normalized name 동일성 제거 후 legacy mapping 보존,false
V1_ALIAS,NEX-000095,v1,v1:NEX-000095,v1:NEX-000095,케이블 리버스 크런치,cable reverse crunch,bodyweight_reverse_crunch_core_brace_bodyweight,bodyweight_reverse_crunch_core_brace_bodyweight,REX-000013,RETAINED_LEGACY_ALIAS,false,LEGACY_COMPATIBILITY,RETAINED_ALIAS,,legacy alias mapping 유지,true
V1_ALIAS,NEX-000096,v1,v1:NEX-000096,v1:NEX-000096,밴드 바이시클 크런치,band bicycle crunch,rotation_variant_core_brace_cable_machine,band_bicycle_crunch_isolation_resistance_band,REX-000121,PROMOTED_SEPARATE_CANONICAL,true,USER_DIRECT_REVIEW,SEPARATE_EXERCISE,ERP-20260827-00531,사람 직접 검수로 기존 alias와 canonical을 분리하고 독립 stable code를 부여,true
V1_ALIAS,NEX-000097,v1,v1:NEX-000097,v1:NEX-000097,밴드 프론트 레터럴 레이즈,band front lateral raise,dumbbell_lateral_raise_isolation_dumbbell,dumbbell_lateral_raise_isolation_dumbbell,REX-000026,RETAINED_LEGACY_ALIAS,false,LEGACY_COMPATIBILITY,RETAINED_ALIAS,,legacy alias mapping 유지,true
V1_ALIAS,NEX-000098,v1,v1:NEX-000098,v1:NEX-000098,밴드 프론트 레이즈,band front raise,barbell_front_raise_isolation_barbell,barbell_front_raise_isolation_barbell,REX-000005,RETAINED_LEGACY_ALIAS,false,LEGACY_COMPATIBILITY,RETAINED_ALIAS,,legacy alias mapping 유지,true
V1_ALIAS,NEX-000099,v1,v1:NEX-000099,v1:NEX-000099,밴드 니링 트위스트 크런치,band kneeling twisting crunch,rotation_variant_core_brace_cable_machine,band_kneeling_twisting_crunch_isolation_resistance_band,REX-000122,PROMOTED_SEPARATE_CANONICAL,true,USER_DIRECT_REVIEW,SEPARATE_EXERCISE,ERP-20260827-00532,사람 직접 검수로 기존 alias와 canonical을 분리하고 독립 stable code를 부여,true
V1_ALIAS,NEX-000100,v1,v1:NEX-000100,v1:NEX-000100,밴드 리버스 리스트 컬,band reverse wrist curl,reverse_wrist_curl_isolation_barbell,reverse_wrist_curl_isolation_barbell,REX-000055,RETAINED_LEGACY_ALIAS,false,LEGACY_COMPATIBILITY,RETAINED_ALIAS,,legacy alias mapping 유지,true
V1_ALIAS,NEX-000101,v1,v1:NEX-000101,v1:NEX-000101,밴드 숄더 프레스,band shoulder press,seated_shoulder_press_vertical_push_dumbbell,seated_shoulder_press_vertical_push_dumbbell,REX-000086,RETAINED_LEGACY_ALIAS,false,LEGACY_COMPATIBILITY,RETAINED_ALIAS,,legacy alias mapping 유지,true
V1_ALIAS,NEX-000102,v1,v1:NEX-000102,v1:NEX-000102,밴드 싱글 레그 카프 레이즈,band single leg calf raise,bodyweight_standing_calf_raise_isolation_bodyweight,bodyweight_standing_calf_raise_isolation_bodyweight,REX-000016,RETAINED_LEGACY_ALIAS,false,LEGACY_COMPATIBILITY,RETAINED_ALIAS,,legacy alias mapping 유지,true
V1_ALIAS,NEX-000103,v1,v1:NEX-000103,v1:NEX-000103,밴드 싱글 레그 리버스 카프 레이즈,band single leg reverse calf raise,reverse_calf_raise_isolation_resistance_band,reverse_calf_raise_isolation_resistance_band,REX-000054,REMOVED_FROM_ACTIVE_COMBINED_AFTER_PRIOR_DEDUP,false,PRIOR_NORMALIZED_NAME_DEDUP,SAME_EXERCISE,,이전 normalized name 동일성 제거 후 legacy mapping 보존,false
V1_ALIAS,NEX-000104,v1,v1:NEX-000104,v1:NEX-000104,밴드 스티프 레그 데드리프트,band stiff leg deadlift,barbell_straight_leg_deadlift_hip_dominant_barbell,barbell_straight_leg_deadlift_hip_dominant_barbell,REX-000007,RETAINED_LEGACY_ALIAS,false,LEGACY_COMPATIBILITY,RETAINED_ALIAS,,legacy alias mapping 유지,true
V1_ALIAS,NEX-000105,v1,v1:NEX-000105,v1:NEX-000105,밴드 리스트 컬,band wrist curl,wrist_curl_isolation_barbell,wrist_curl_isolation_barbell,REX-000102,RETAINED_LEGACY_ALIAS,false,LEGACY_COMPATIBILITY,RETAINED_ALIAS,,legacy alias mapping 유지,true
V1_ALIAS,NEX-000106,v1,v1:NEX-000106,v1:NEX-000106,밴드 슈러그,band shrug,dumbbell_shrug_isolation_dumbbell,dumbbell_shrug_isolation_dumbbell,REX-000029,RETAINED_LEGACY_ALIAS,false,LEGACY_COMPATIBILITY,RETAINED_ALIAS,,legacy alias mapping 유지,true
V1_ALIAS,NEX-000107,v1,v1:NEX-000107,v1:NEX-000107,밴드 스트레이트 등 스티프 레그 데드리프트,band straight back stiff leg deadlift,barbell_straight_leg_deadlift_hip_dominant_barbell,barbell_straight_leg_deadlift_hip_dominant_barbell,REX-000007,RETAINED_LEGACY_ALIAS,false,LEGACY_COMPATIBILITY,RETAINED_ALIAS,,legacy alias mapping 유지,true
V1_ALIAS,NEX-000108,v1,v1:NEX-000108,v1:NEX-000108,다이내믹 체스트 스트레칭,dynamic chest stretch (male),dynamic_chest_stretch_mobility_stretch_bodyweight,dynamic_chest_stretch_mobility_stretch_bodyweight,REX-000032,REMOVED_FROM_ACTIVE_COMBINED_AFTER_PRIOR_DEDUP,false,PRIOR_NORMALIZED_NAME_DEDUP,SAME_EXERCISE,,이전 normalized name 동일성 제거 후 legacy mapping 보존,false
V1_ALIAS,NEX-000109,v1,v1:NEX-000109,v1:NEX-000109,케이블 원암 디클라인 체스트 플라이,cable one arm decline chest fly,cable_fly_isolation_cable_machine,cable_one_arm_decline_chest_fly_isolation_cable_machine,REX-000123,PROMOTED_SEPARATE_CANONICAL,true,USER_DIRECT_REVIEW,SEPARATE_EXERCISE,ERP-20260827-00368,사람 직접 검수로 기존 alias와 canonical을 분리하고 독립 stable code를 부여,true
V1_ALIAS,NEX-000110,v1,v1:NEX-000110,v1:NEX-000110,체스트 및 앞쪽 어깨 스트레칭,chest and front of shoulder stretch,chest_front_shoulder_stretch_mobility_stretch_bodyweight,chest_front_shoulder_stretch_mobility_stretch_bodyweight,REX-000021,REMOVED_FROM_ACTIVE_COMBINED_AFTER_PRIOR_DEDUP,false,PRIOR_NORMALIZED_NAME_DEDUP,SAME_EXERCISE,,이전 normalized name 동일성 제거 후 legacy mapping 보존,false
V1_ALIAS,NEX-000111,v1,v1:NEX-000111,v1:NEX-000111,광배근 스트레칭,kneeling lat stretch,kneeling_lat_stretch_mobility_stretch_bodyweight,kneeling_lat_stretch_mobility_stretch_bodyweight,REX-000039,REMOVED_FROM_ACTIVE_COMBINED_AFTER_PRIOR_DEDUP,false,PRIOR_NORMALIZED_NAME_DEDUP,SAME_EXERCISE,,이전 normalized name 동일성 제거 후 legacy mapping 보존,false
V1_ALIAS,NEX-000112,v1,v1:NEX-000112,v1:NEX-000112,허리 스트레칭,lower back curl,lower_back_curl_core_brace_bodyweight,lower_back_curl_core_brace_bodyweight,REX-000043,REMOVED_FROM_ACTIVE_COMBINED_AFTER_PRIOR_DEDUP,false,PRIOR_NORMALIZED_NAME_DEDUP,SAME_EXERCISE,,이전 normalized name 동일성 제거 후 legacy mapping 보존,false
V1_ALIAS,NEX-000113,v1,v1:NEX-000113,v1:NEX-000113,벽 짚고 한 팔 운동,one arm against wall,one_arm_wall_lats_isolation_bodyweight,one_arm_wall_lats_isolation_bodyweight,REX-000046,REMOVED_FROM_ACTIVE_COMBINED_AFTER_PRIOR_DEDUP,false,PRIOR_NORMALIZED_NAME_DEDUP,SAME_EXERCISE,,이전 normalized name 동일성 제거 후 legacy mapping 보존,false
V1_ALIAS,NEX-000114,v1,v1:NEX-000114,v1:NEX-000114,척추 스트레칭,spine stretch,spine_stretch_mobility_stretch_bodyweight,spine_stretch_mobility_stretch_bodyweight,REX-000091,REMOVED_FROM_ACTIVE_COMBINED_AFTER_PRIOR_DEDUP,false,PRIOR_NORMALIZED_NAME_DEDUP,SAME_EXERCISE,,이전 normalized name 동일성 제거 후 legacy mapping 보존,false
V1_ALIAS,NEX-000115,v1,v1:NEX-000115,v1:NEX-000115,등 위쪽 스트레칭,upper back stretch,upper_back_stretch_mobility_stretch_bodyweight,upper_back_stretch_mobility_stretch_bodyweight,REX-000098,REMOVED_FROM_ACTIVE_COMBINED_AFTER_PRIOR_DEDUP,false,PRIOR_NORMALIZED_NAME_DEDUP,SAME_EXERCISE,,이전 normalized name 동일성 제거 후 legacy mapping 보존,false
V1_ALIAS,NEX-000116,v1,v1:NEX-000116,v1:NEX-000116,발목 돌리기,ankle circles,ankle_circles_mobility_stretch_bodyweight,ankle_circles_mobility_stretch_bodyweight,REX-000003,REMOVED_FROM_ACTIVE_COMBINED_AFTER_PRIOR_DEDUP,false,PRIOR_NORMALIZED_NAME_DEDUP,SAME_EXERCISE,,이전 normalized name 동일성 제거 후 legacy mapping 보존,false
V1_ALIAS,NEX-000117,v1,v1:NEX-000117,v1:NEX-000117,밴드 양발 카프 레이즈,band two legs calf raise - (band under both legs) v. 2,bodyweight_standing_calf_raise_isolation_bodyweight,band_two_legs_calf_raise_band_under_both_legs_v_2_isolation_resistance_band,REX-000124,PROMOTED_SEPARATE_CANONICAL,true,USER_DIRECT_REVIEW,SEPARATE_EXERCISE,ERP-20260827-00340,사람 직접 검수로 기존 alias와 canonical을 분리하고 독립 stable code를 부여,true
V1_ALIAS,NEX-000118,v1,v1:NEX-000118,v1:NEX-000118,맨몸 스탠딩 카프 레이즈,bodyweight standing calf raise,bodyweight_standing_calf_raise_isolation_bodyweight,bodyweight_standing_calf_raise_isolation_bodyweight,REX-000016,REMOVED_FROM_ACTIVE_COMBINED_AFTER_PRIOR_DEDUP,false,PRIOR_NORMALIZED_NAME_DEDUP,SAME_EXERCISE,,이전 normalized name 동일성 제거 후 legacy mapping 보존,false
V1_ALIAS,NEX-000119,v1,v1:NEX-000119,v1:NEX-000119,벽 짚고 종아리 스트레칭,calf stretch with hands against wall,wall_calf_stretch_mobility_stretch_bodyweight,wall_calf_stretch_mobility_stretch_bodyweight,REX-000099,REMOVED_FROM_ACTIVE_COMBINED_AFTER_PRIOR_DEDUP,false,PRIOR_NORMALIZED_NAME_DEDUP,SAME_EXERCISE,,이전 normalized name 동일성 제거 후 legacy mapping 보존,false
V1_ALIAS,NEX-000120,v1,v1:NEX-000120,v1:NEX-000120,덤벨 시티드 카프 레이즈,dumbbell seated calf raise,seated_calf_raise_isolation_barbell,seated_calf_raise_isolation_barbell,REX-000080,RETAINED_LEGACY_ALIAS,false,LEGACY_COMPATIBILITY,RETAINED_ALIAS,,legacy alias mapping 유지,true
V1_ALIAS,NEX-000121,v1,v1:NEX-000121,v1:NEX-000121,한발 동키 카프 레이즈,one leg donkey calf raise,bodyweight_standing_calf_raise_isolation_bodyweight,one_leg_donkey_calf_raise_isolation_bodyweight,REX-000125,PROMOTED_SEPARATE_CANONICAL,true,USER_DIRECT_REVIEW,SEPARATE_EXERCISE,ERP-20260827-00341,사람 직접 검수로 기존 alias와 canonical을 분리하고 독립 stable code를 부여,true
V1_ALIAS,NEX-000122,v1,v1:NEX-000122,v1:NEX-000122,한발 카프 레이즈,one leg floor calf raise,bodyweight_standing_calf_raise_isolation_bodyweight,bodyweight_standing_calf_raise_isolation_bodyweight,REX-000016,RETAINED_LEGACY_ALIAS,false,LEGACY_COMPATIBILITY,RETAINED_ALIAS,,legacy alias mapping 유지,true
V1_ALIAS,NEX-000123,v1,v1:NEX-000123,v1:NEX-000123,종아리 바깥쪽 스트레칭,peroneals stretch,peroneal_stretch_mobility_stretch_stretch_strap,peroneal_stretch_mobility_stretch_stretch_strap,REX-000050,REMOVED_FROM_ACTIVE_COMBINED_AFTER_PRIOR_DEDUP,false,PRIOR_NORMALIZED_NAME_DEDUP,SAME_EXERCISE,,이전 normalized name 동일성 제거 후 legacy mapping 보존,false
V1_ALIAS,NEX-000124,v1,v1:NEX-000124,v1:NEX-000124,시티드 카프 스트레칭,seated calf stretch (male),seated_calf_stretch_mobility_stretch_bodyweight,seated_calf_stretch_mobility_stretch_bodyweight,REX-000081,REMOVED_FROM_ACTIVE_COMBINED_AFTER_PRIOR_DEDUP,false,PRIOR_NORMALIZED_NAME_DEDUP,SAME_EXERCISE,,이전 normalized name 동일성 제거 후 legacy mapping 보존,false
V1_ALIAS,NEX-000125,v1,v1:NEX-000125,v1:NEX-000125,목 스트레칭,neck side stretch,neck_lateral_stretch_mobility_stretch_bodyweight,neck_lateral_stretch_mobility_stretch_bodyweight,REX-000045,REMOVED_FROM_ACTIVE_COMBINED_AFTER_PRIOR_DEDUP,false,PRIOR_NORMALIZED_NAME_DEDUP,SAME_EXERCISE,,이전 normalized name 동일성 제거 후 legacy mapping 보존,false
V1_ALIAS,NEX-000126,v1,v1:NEX-000126,v1:NEX-000126,둔근 스트레칭,seated glute stretch,seated_glute_stretch_mobility_stretch_bodyweight,seated_glute_stretch_mobility_stretch_bodyweight,REX-000082,REMOVED_FROM_ACTIVE_COMBINED_AFTER_PRIOR_DEDUP,false,PRIOR_NORMALIZED_NAME_DEDUP,SAME_EXERCISE,,이전 normalized name 동일성 제거 후 legacy mapping 보존,false
V1_ALIAS,NEX-000127,v1,v1:NEX-000127,v1:NEX-000127,손목 돌리기,wrist circles,wrist_circles_mobility_stretch_bodyweight,wrist_circles_mobility_stretch_bodyweight,REX-000101,REMOVED_FROM_ACTIVE_COMBINED_AFTER_PRIOR_DEDUP,false,PRIOR_NORMALIZED_NAME_DEDUP,SAME_EXERCISE,,이전 normalized name 동일성 제거 후 legacy mapping 보존,false
V1_ALIAS,NEX-000128,v1,v1:NEX-000128,v1:NEX-000128,워킹 런지,walking lunge,bodyweight_forward_lunge_knee_dominant_bodyweight,bodyweight_forward_lunge_knee_dominant_bodyweight,REX-000010,RETAINED_LEGACY_ALIAS,false,LEGACY_COMPATIBILITY,RETAINED_ALIAS,,legacy alias mapping 유지,true
V1_ALIAS,NEX-000129,v1,v1:NEX-000129,v1:NEX-000129,버터플라이,butterfly yoga pose,butterfly_adductor_stretch_mobility_stretch_bodyweight,butterfly_adductor_stretch_mobility_stretch_bodyweight,REX-000017,REMOVED_FROM_ACTIVE_COMBINED_AFTER_PRIOR_DEDUP,false,PRIOR_NORMALIZED_NAME_DEDUP,SAME_EXERCISE,,이전 normalized name 동일성 제거 후 legacy mapping 보존,false
V1_ALIAS,NEX-000130,v1,v1:NEX-000130,v1:NEX-000130,햄스트링 스트레칭,hamstring stretch,hamstring_stretch_mobility_stretch_bodyweight,hamstring_stretch_mobility_stretch_bodyweight,REX-000034,REMOVED_FROM_ACTIVE_COMBINED_AFTER_PRIOR_DEDUP,false,PRIOR_NORMALIZED_NAME_DEDUP,SAME_EXERCISE,,이전 normalized name 동일성 제거 후 legacy mapping 보존,false
V1_ALIAS,NEX-000131,v1,v1:NEX-000131,v1:NEX-000131,네발기기 스쿼트 스트레칭,all fours squad stretch,all_fours_squat_stretch_mobility_stretch_bodyweight,all_fours_squat_stretch_mobility_stretch_bodyweight,REX-000002,REMOVED_FROM_ACTIVE_COMBINED_AFTER_PRIOR_DEDUP,false,PRIOR_NORMALIZED_NAME_DEDUP,SAME_EXERCISE,,이전 normalized name 동일성 제거 후 legacy mapping 보존,false
V1_ALIAS,NEX-000132,v1,v1:NEX-000132,v1:NEX-000132,의자 다리 펴기 스트레칭,chair leg extended stretch,chair_leg_extended_stretch_mobility_stretch_bodyweight,chair_leg_extended_stretch_mobility_stretch_bodyweight,REX-000020,REMOVED_FROM_ACTIVE_COMBINED_AFTER_PRIOR_DEDUP,false,PRIOR_NORMALIZED_NAME_DEDUP,SAME_EXERCISE,,이전 normalized name 동일성 제거 후 legacy mapping 보존,false
V1_ALIAS,NEX-000133,v1,v1:NEX-000133,v1:NEX-000133,짐볼 고관절 굴곡근 스트레칭,exercise ball hip flexor stretch,exercise_ball_hip_flexor_stretch_mobility_stretch_stability_ball,exercise_ball_hip_flexor_stretch_mobility_stretch_stability_ball,REX-000033,REMOVED_FROM_ACTIVE_COMBINED_AFTER_PRIOR_DEDUP,false,PRIOR_NORMALIZED_NAME_DEDUP,SAME_EXERCISE,,이전 normalized name 동일성 제거 후 legacy mapping 보존,false
V1_ALIAS,NEX-000134,v1,v1:NEX-000134,v1:NEX-000134,허벅지 앞쪽 스트레칭,intermediate hip flexor and quad stretch,hip_flexor_quadriceps_stretch_mobility_stretch_stretch_strap,hip_flexor_quadriceps_stretch_mobility_stretch_stretch_strap,REX-000036,REMOVED_FROM_ACTIVE_COMBINED_AFTER_PRIOR_DEDUP,false,PRIOR_NORMALIZED_NAME_DEDUP,SAME_EXERCISE,,이전 normalized name 동일성 제거 후 legacy mapping 보존,false
V1_ALIAS,NEX-000135,v1,v1:NEX-000135,v1:NEX-000135,햄스트링 스트레칭,leg up hamstring stretch,leg_up_hamstring_stretch_mobility_stretch_bodyweight,hamstring_stretch_mobility_stretch_bodyweight,REX-000034,MERGED_SAME_EXERCISE,false,USER_DIRECT_REVIEW,SAME_EXERCISE,ERP-20260827-00450,1576 햄스트링 스트레칭 source ID를 1511 canonical로 통합,false
V1_ALIAS,NEX-000136,v1,v1:NEX-000136,v1:NEX-000136,러너 스트레칭,runners stretch,runners_stretch_mobility_stretch_bodyweight,runners_stretch_mobility_stretch_bodyweight,REX-000077,REMOVED_FROM_ACTIVE_COMBINED_AFTER_PRIOR_DEDUP,false,PRIOR_NORMALIZED_NAME_DEDUP,SAME_EXERCISE,,이전 normalized name 동일성 제거 후 legacy mapping 보존,false
V1_ALIAS,NEX-000137,v1,v1:NEX-000137,v1:NEX-000137,시티드 와이드 앵글 포즈,seated wide angle pose sequence,seated_wide_angle_stretch_mobility_stretch_bodyweight,seated_wide_angle_stretch_mobility_stretch_bodyweight,REX-000087,REMOVED_FROM_ACTIVE_COMBINED_AFTER_PRIOR_DEDUP,false,PRIOR_NORMALIZED_NAME_DEDUP,SAME_EXERCISE,,이전 normalized name 동일성 제거 후 legacy mapping 보존,false
V1_ALIAS,NEX-000138,v1,v1:NEX-000138,v1:NEX-000138,허벅지와 종아리 스트레칭,standing hamstring and calf stretch with strap,standing_hamstring_calf_strap_stretch_mobility_stretch_stretch_strap,standing_hamstring_calf_strap_stretch_mobility_stretch_stretch_strap,REX-000094,REMOVED_FROM_ACTIVE_COMBINED_AFTER_PRIOR_DEDUP,false,PRIOR_NORMALIZED_NAME_DEDUP,SAME_EXERCISE,,이전 normalized name 동일성 제거 후 legacy mapping 보존,false
V1_ALIAS,NEX-000139,v1,v1:NEX-000139,v1:NEX-000139,그레이티스트 스트레칭,world greatest stretch,world_greatest_stretch_mobility_stretch_bodyweight,world_greatest_stretch_mobility_stretch_bodyweight,REX-000100,REMOVED_FROM_ACTIVE_COMBINED_AFTER_PRIOR_DEDUP,false,PRIOR_NORMALIZED_NAME_DEDUP,SAME_EXERCISE,,이전 normalized name 동일성 제거 후 legacy mapping 보존,false
V1_ALIAS,NEX-000140,v1,v1:NEX-000140,v1:NEX-000140,덤벨 해머 프리처 컬,dumbbell alternate hammer preacher curl,dumbbell_preacher_curl_isolation_dumbbell,dumbbell_alternate_hammer_preacher_curl_isolation_dumbbell,REX-000126,PROMOTED_SEPARATE_CANONICAL,true,USER_DIRECT_REVIEW,SEPARATE_EXERCISE,ERP-20260827-00422,사람 직접 검수로 기존 alias와 canonical을 분리하고 독립 stable code를 부여,true
V1_ALIAS,NEX-000141,v1,v1:NEX-000141,v1:NEX-000141,덤벨 프리처 컬,dumbbell alternate preacher curl,dumbbell_preacher_curl_isolation_dumbbell,dumbbell_preacher_curl_isolation_dumbbell,REX-000027,RETAINED_LEGACY_ALIAS,false,LEGACY_COMPATIBILITY,RETAINED_ALIAS,,legacy alias mapping 유지,true
V1_ALIAS,NEX-000142,v1,v1:NEX-000142,v1:NEX-000142,덤벨 고블릿 스쿼트,dumbbell goblet squat,dumbbell_goblet_squat_knee_dominant_dumbbell,dumbbell_goblet_squat_knee_dominant_dumbbell,REX-000025,REMOVED_FROM_ACTIVE_COMBINED_AFTER_PRIOR_DEDUP,false,PRIOR_NORMALIZED_NAME_DEDUP,SAME_EXERCISE,,이전 normalized name 동일성 제거 후 legacy mapping 보존,false
V1_ALIAS,NEX-000143,v1,v1:NEX-000143,v1:NEX-000143,실내 자전거 타기,stationary bike run v. 3,cardio_cycling_stationary_bike,cardio_cycling_stationary_bike,REX-000067,REMOVED_FROM_ACTIVE_COMBINED_AFTER_PRIOR_DEDUP,false,PRIOR_NORMALIZED_NAME_DEDUP,SAME_EXERCISE,,이전 normalized name 동일성 제거 후 legacy mapping 보존,false
V1_ALIAS,NEX-000144,v1,v1:NEX-000144,v1:NEX-000144,일립티컬,walk elliptical cross trainer,cardio_elliptical_elliptical_machine,cardio_elliptical_elliptical_machine,REX-000072,REMOVED_FROM_ACTIVE_COMBINED_AFTER_PRIOR_DEDUP,false,PRIOR_NORMALIZED_NAME_DEDUP,SAME_EXERCISE,,이전 normalized name 동일성 제거 후 legacy mapping 보존,false
V1_ALIAS,NEX-000145,v1,v1:NEX-000145,v1:NEX-000145,폼롤러 힙 스트레칭,roller hip stretch,roller_hip_stretch_mobility_stretch_foam_roller,roller_hip_stretch_mobility_stretch_foam_roller,REX-000074,REMOVED_FROM_ACTIVE_COMBINED_AFTER_PRIOR_DEDUP,false,PRIOR_NORMALIZED_NAME_DEDUP,SAME_EXERCISE,,이전 normalized name 동일성 제거 후 legacy mapping 보존,false
V1_ALIAS,NEX-000146,v1,v1:NEX-000146,v1:NEX-000146,폼롤러 리버스 크런치,roller reverse crunch,bodyweight_reverse_crunch_core_brace_bodyweight,bodyweight_reverse_crunch_core_brace_bodyweight,REX-000013,RETAINED_LEGACY_ALIAS,false,LEGACY_COMPATIBILITY,RETAINED_ALIAS,,legacy alias mapping 유지,true
V1_ALIAS,NEX-000147,v1,v1:NEX-000147,v1:NEX-000147,폼롤러 등 스트레칭,roller back stretch,roller_back_stretch_mobility_stretch_foam_roller,roller_back_stretch_mobility_stretch_foam_roller,REX-000073,REMOVED_FROM_ACTIVE_COMBINED_AFTER_PRIOR_DEDUP,false,PRIOR_NORMALIZED_NAME_DEDUP,SAME_EXERCISE,,이전 normalized name 동일성 제거 후 legacy mapping 보존,false
V1_ALIAS,NEX-000148,v1,v1:NEX-000148,v1:NEX-000148,풀오버,lever pullover,barbell_pullover_isolation_barbell,lever_pullover_isolation_machine,REX-000127,PROMOTED_SEPARATE_CANONICAL,true,USER_DIRECT_REVIEW,SEPARATE_EXERCISE,ERP-20260827-00200,사람 직접 검수로 기존 alias와 canonical을 분리하고 독립 stable code를 부여,true
V1_ALIAS,NEX-000149,v1,v1:NEX-000149,v1:NEX-000149,덤벨 스탠딩 조트만 프리처 컬,dumbbell standing zottman preacher curl,dumbbell_preacher_curl_isolation_dumbbell,dumbbell_preacher_curl_isolation_dumbbell,REX-000027,RETAINED_LEGACY_ALIAS,false,LEGACY_COMPATIBILITY,RETAINED_ALIAS,,legacy alias mapping 유지,true
V1_ALIAS,NEX-000150,v1,v1:NEX-000150,v1:NEX-000150,인버티드 로우 온 벤치,inverted row on bench,inverted_row_horizontal_pull_bodyweight,inverted_row_horizontal_pull_bodyweight,REX-000038,RETAINED_LEGACY_ALIAS,false,LEGACY_COMPATIBILITY,RETAINED_ALIAS,,legacy alias mapping 유지,true
V1_ALIAS,NEX-000151,v1,v1:NEX-000151,v1:NEX-000151,러닝머신,walking on stepmill,cardio_gait_machine_rex_000071,cardio_gait_machine_rex_000071,REX-000071,REMOVED_FROM_ACTIVE_COMBINED_AFTER_PRIOR_DEDUP,false,PRIOR_NORMALIZED_NAME_DEDUP,SAME_EXERCISE,,이전 normalized name 동일성 제거 후 legacy mapping 보존,false
V1_ALIAS,NEX-000152,v1,v1:NEX-000152,v1:NEX-000152,척추 트위스트,spine twist,spine_twist_mobility_stretch_bodyweight,spine_twist_mobility_stretch_bodyweight,REX-000092,REMOVED_FROM_ACTIVE_COMBINED_AFTER_PRIOR_DEDUP,false,PRIOR_NORMALIZED_NAME_DEDUP,SAME_EXERCISE,,이전 normalized name 동일성 제거 후 legacy mapping 보존,false
V1_ALIAS,NEX-000153,v1,v1:NEX-000153,v1:NEX-000153,시티드 카프 프레스,lever seated calf press,seated_calf_raise_isolation_barbell,lever_seated_calf_press_isolation_machine,REX-000128,PROMOTED_SEPARATE_CANONICAL,true,USER_DIRECT_REVIEW,SEPARATE_EXERCISE,ERP-20260827-00549,사람 직접 검수로 기존 alias와 canonical을 분리하고 독립 stable code를 부여,true
V1_ALIAS,NEX-000154,v1,v1:NEX-000154,v1:NEX-000154,스플릿 스쿼트,split squats,bodyweight_split_squat_knee_dominant_bodyweight,bodyweight_split_squat_knee_dominant_bodyweight,REX-000015,REMOVED_FROM_ACTIVE_COMBINED_AFTER_PRIOR_DEDUP,false,PRIOR_NORMALIZED_NAME_DEDUP,SAME_EXERCISE,,이전 normalized name 동일성 제거 후 legacy mapping 보존,false
V1_ALIAS,NEX-000155,v1,v1:NEX-000155,v1:NEX-000155,중량 러시안 트위스트,weighted russian twist v. 2,bodyweight_russian_twist_core_brace_bodyweight,bodyweight_russian_twist_core_brace_bodyweight,REX-000014,RETAINED_LEGACY_ALIAS,false,LEGACY_COMPATIBILITY,RETAINED_ALIAS,,legacy alias mapping 유지,true
V1_ALIAS,NEX-000156,v1,v1:NEX-000156,v1:NEX-000156,인버스 레그 컬,inverse leg curl (on pull-up cable machine),seated_leg_curl_knee_flexion_machine,inverse_leg_curl_on_pull_up_cable_machine_isolation_pull_up_bar,REX-000129,PROMOTED_SEPARATE_CANONICAL,true,USER_DIRECT_REVIEW,SEPARATE_EXERCISE,ERP-20260827-00572,사람 직접 검수로 기존 alias와 canonical을 분리하고 독립 stable code를 부여,true
V1_ALIAS,NEX-000157,v1,v1:NEX-000157,v1:NEX-000157,고관절 스트레칭,seated piriformis stretch,seated_piriformis_stretch_mobility_stretch_bodyweight,seated_piriformis_stretch_mobility_stretch_bodyweight,REX-000085,REMOVED_FROM_ACTIVE_COMBINED_AFTER_PRIOR_DEDUP,false,PRIOR_NORMALIZED_NAME_DEDUP,SAME_EXERCISE,,이전 normalized name 동일성 제거 후 legacy mapping 보존,false
V1_ALIAS,NEX-000158,v1,v1:NEX-000158,v1:NEX-000158,점프 로프,jump rope,cardio_jump_plyometric_jump_rope,cardio_jump_plyometric_jump_rope,REX-000060,REMOVED_FROM_ACTIVE_COMBINED_AFTER_PRIOR_DEDUP,false,PRIOR_NORMALIZED_NAME_DEDUP,SAME_EXERCISE,,이전 normalized name 동일성 제거 후 legacy mapping 보존,false
V1_ALIAS,NEX-000159,v1,v1:NEX-000159,v1:NEX-000159,덤벨 스텝업 런지,dumbbell step-up lunge,dumbbell_step_up_lunge_knee_dominant_dumbbell_step_box,dumbbell_step_up_lunge_knee_dominant_dumbbell_step_box,REX-000031,REMOVED_FROM_ACTIVE_COMBINED_AFTER_PRIOR_DEDUP,false,PRIOR_NORMALIZED_NAME_DEDUP,SAME_EXERCISE,,이전 normalized name 동일성 제거 후 legacy mapping 보존,false
V1_ALIAS,NEX-000160,v1,v1:NEX-000160,v1:NEX-000160,밴드 레그 익스텐션,resistance band leg extension,machine_leg_extension_isolation_machine,resistance_band_leg_extension_isolation_resistance_band,REX-000130,PROMOTED_SEPARATE_CANONICAL,true,USER_DIRECT_REVIEW,SEPARATE_EXERCISE,ERP-20260827-00501,사람 직접 검수로 기존 alias와 canonical을 분리하고 독립 stable code를 부여,true
V1_ALIAS,NEX-000161,v1,v1:NEX-000161,v1:NEX-000161,라잉 벤트 암 풀오버,ez bar lying bent arms pullover,barbell_pullover_isolation_barbell,ez_bar_lying_bent_arms_pullover_isolation_bodyweight,REX-000131,PROMOTED_SEPARATE_CANONICAL,true,USER_DIRECT_REVIEW,SEPARATE_EXERCISE,ERP-20260827-00201,사람 직접 검수로 기존 alias와 canonical을 분리하고 독립 stable code를 부여,true
V1_ALIAS,NEX-000162,v1,v1:NEX-000162,v1:NEX-000162,바닥 글루트 브릿지,low glute bridge on floor,bodyweight_glute_bridge_hip_dominant_bodyweight,bodyweight_glute_bridge_hip_dominant_bodyweight,REX-000011,REMOVED_FROM_ACTIVE_COMBINED_AFTER_PRIOR_DEDUP,false,PRIOR_NORMALIZED_NAME_DEDUP,SAME_EXERCISE,,이전 normalized name 동일성 제거 후 legacy mapping 보존,false
V1_ALIAS,NEX-000163,v1,v1:NEX-000163,v1:NEX-000163,밴드 시티드 숄더 프레스,resistance band seated shoulder press,seated_shoulder_press_vertical_push_dumbbell,seated_shoulder_press_vertical_push_dumbbell,REX-000086,RETAINED_LEGACY_ALIAS,false,LEGACY_COMPATIBILITY,RETAINED_ALIAS,,legacy alias mapping 유지,true
V1_ALIAS,NEX-000164,v1,v1:NEX-000164,v1:NEX-000164,점핑 잭(팔 벌려 뛰기),jack jump (male),cardio_jump_plyometric_bodyweight,cardio_jump_plyometric_bodyweight,REX-000059,REMOVED_FROM_ACTIVE_COMBINED_AFTER_PRIOR_DEDUP,false,PRIOR_NORMALIZED_NAME_DEDUP,SAME_EXERCISE,,이전 normalized name 동일성 제거 후 legacy mapping 보존,false
V1_ALIAS,NEX-000165,v1,v1:NEX-000165,v1:NEX-000165,런지,forward lunge (male),bodyweight_forward_lunge_knee_dominant_bodyweight,bodyweight_forward_lunge_knee_dominant_bodyweight,REX-000010,REMOVED_FROM_ACTIVE_COMBINED_AFTER_PRIOR_DEDUP,false,PRIOR_NORMALIZED_NAME_DEDUP,SAME_EXERCISE,,이전 normalized name 동일성 제거 후 legacy mapping 보존,false
V1_ALIAS,NEX-000166,v1,v1:NEX-000166,v1:NEX-000166,덤벨 인클라인 와이-레이즈,dumbbell incline y-raise,incline_y_raise_isolation_dumbbell,incline_y_raise_isolation_dumbbell,REX-000037,REMOVED_FROM_ACTIVE_COMBINED_AFTER_PRIOR_DEDUP,false,PRIOR_NORMALIZED_NAME_DEDUP,SAME_EXERCISE,,이전 normalized name 동일성 제거 후 legacy mapping 보존,false
V1_ALIAS,NEX-000167,v1,v1:NEX-000167,v1:NEX-000167,덤벨 크로스 런지,dumbbell contralateral forward lunge,bodyweight_forward_lunge_knee_dominant_bodyweight,bodyweight_forward_lunge_knee_dominant_bodyweight,REX-000010,RETAINED_LEGACY_ALIAS,false,LEGACY_COMPATIBILITY,RETAINED_ALIAS,,legacy alias mapping 유지,true
V1_ALIAS,NEX-000168,v1,v1:NEX-000168,v1:NEX-000168,벽 짚고 무릎 올리기,high knee against wall,cardio_gait_bodyweight_rex_000058,cardio_gait_bodyweight_rex_000058,REX-000058,REMOVED_FROM_ACTIVE_COMBINED_AFTER_PRIOR_DEDUP,false,PRIOR_NORMALIZED_NAME_DEDUP,SAME_EXERCISE,,이전 normalized name 동일성 제거 후 legacy mapping 보존,false
V1_ALIAS,NEX-000169,v1,v1:NEX-000169,v1:NEX-000169,조깅,short stride run,cardio_gait_bodyweight_rex_000065,cardio_gait_bodyweight_rex_000065,REX-000065,REMOVED_FROM_ACTIVE_COMBINED_AFTER_PRIOR_DEDUP,false,PRIOR_NORMALIZED_NAME_DEDUP,SAME_EXERCISE,,이전 normalized name 동일성 제거 후 legacy mapping 보존,false
V1_ALIAS,NEX-000170,v1,v1:NEX-000170,v1:NEX-000170,인클라인 트레드밀,walking on incline treadmill,cardio_gait_machine,cardio_gait_machine,REX-000070,REMOVED_FROM_ACTIVE_COMBINED_AFTER_PRIOR_DEDUP,false,PRIOR_NORMALIZED_NAME_DEDUP,SAME_EXERCISE,,이전 normalized name 동일성 제거 후 legacy mapping 보존,false
V1_ALIAS,NEX-000171,v1,v1:NEX-000171,v1:NEX-000171,앞뒤 스텝,back and forth step,cardio_gait_bodyweight,cardio_gait_bodyweight,REX-000056,REMOVED_FROM_ACTIVE_COMBINED_AFTER_PRIOR_DEDUP,false,PRIOR_NORMALIZED_NAME_DEDUP,SAME_EXERCISE,,이전 normalized name 동일성 제거 후 legacy mapping 보존,false
V1_ALIAS,NEX-000172,v1,v1:NEX-000172,v1:NEX-000172,스텝박스,stepbox,cardio_gait_step_box,cardio_gait_step_box,REX-000068,RETAINED_LEGACY_ALIAS,false,LEGACY_COMPATIBILITY,RETAINED_ALIAS,,legacy alias mapping 유지,true
V1_ALIAS,NEX-000173,v1,v1:NEX-000173,v1:NEX-000173,한발 서서 균형잡기,한발 서서 균형잡기,mobility_balance_bodyweight,mobility_balance_bodyweight,REX-000066,RETAINED_LEGACY_ALIAS,false,LEGACY_COMPATIBILITY,RETAINED_ALIAS,,legacy alias mapping 유지,true
V1_ALIAS,NEX-000174,v1,v1:NEX-000174,v1:NEX-000174,의자 잡고 무릎 들어올리기,Standing Knee Raise with Chair Support,hip_flexion_isolation_bodyweight,hip_flexion_isolation_bodyweight,REX-000057,RETAINED_LEGACY_ALIAS,false,LEGACY_COMPATIBILITY,RETAINED_ALIAS,,legacy alias mapping 유지,true
V1_ALIAS,NEX-000175,v1,v1:NEX-000175,v1:NEX-000175,짐볼 다리 조이기,Exercise Ball Leg Squeeze,hip_adduction_isolation_stability_ball,hip_adduction_isolation_stability_ball,REX-000063,RETAINED_LEGACY_ALIAS,false,LEGACY_COMPATIBILITY,RETAINED_ALIAS,,legacy alias mapping 유지,true
V1_ALIAS,NEX-000176,v1,v1:NEX-000176,v1:NEX-000176,밴드 레그 프레스,Band Leg Press,leg_press_knee_dominant_resistance_band,leg_press_knee_dominant_resistance_band,REX-000069,RETAINED_LEGACY_ALIAS,false,LEGACY_COMPATIBILITY,RETAINED_ALIAS,,legacy alias mapping 유지,true
V1_ALIAS,NEX-000177,v1,v1:NEX-000177,v1:NEX-000177,누워서 복부 수축하기,Supine Abdominal Contraction,abs_core_brace_core_brace_mat,abs_core_brace_core_brace_mat,REX-000001,RETAINED_LEGACY_ALIAS,false,LEGACY_COMPATIBILITY,RETAINED_ALIAS,,legacy alias mapping 유지,true
V1_ALIAS,NEX-000178,v1,v1:NEX-000178,v1:NEX-000178,시티드 밴드 풀어파트,Seated Band Pull-Apart,upper_back_isolation_isolation_resistance_band,upper_back_isolation_isolation_resistance_band,REX-000097,RETAINED_LEGACY_ALIAS,false,LEGACY_COMPATIBILITY,RETAINED_ALIAS,,legacy alias mapping 유지,true
V1_ALIAS,NEX-000179,v1,v1:NEX-000179,v1:NEX-000179,버드독,Bird Dog,spine_core_brace_core_brace_mat,spine_core_brace_core_brace_mat,REX-000090,RETAINED_LEGACY_ALIAS,false,LEGACY_COMPATIBILITY,RETAINED_ALIAS,,legacy alias mapping 유지,true
V1_ALIAS,NEX-000180,v1,v1:NEX-000180,v1:NEX-000180,의자 잡고 레그 컬,Standing Leg Curl with Chair Support,seated_leg_curl_knee_flexion_machine,standing_leg_curl_with_chair_support_isolation_chair,REX-000132,PROMOTED_SEPARATE_CANONICAL,true,USER_DIRECT_REVIEW,SEPARATE_EXERCISE,ERP-20260827-00573,사람 직접 검수로 기존 alias와 canonical을 분리하고 독립 stable code를 부여,true
V1_ALIAS,NEX-000181,v1,v1:NEX-000181,v1:NEX-000181,앉아서 고관절 굽히기,seated knee raise,hip_flexion_isolation_bodyweight_rex_000064,hip_flexion_isolation_bodyweight_rex_000064,REX-000064,RETAINED_LEGACY_ALIAS,false,LEGACY_COMPATIBILITY,RETAINED_ALIAS,,legacy alias mapping 유지,true
V1_ALIAS,NEX-000182,v1,v1:NEX-000182,v1:NEX-000182,시티드 벤치프레스,Seated Bench Press,pectorals_horizontal_push_horizontal_push_machine,pectorals_horizontal_push_horizontal_push_machine,REX-000049,REMOVED_FROM_ACTIVE_COMBINED_AFTER_PRIOR_DEDUP,false,PRIOR_NORMALIZED_NAME_DEDUP,SAME_EXERCISE,,이전 normalized name 동일성 제거 후 legacy mapping 보존,false
V1_ALIAS,NEX-000183,v1,v1:NEX-000183,v1:NEX-000183,시티드 케이블 로우,Seated Cable Row,row_variant_horizontal_pull_cable_machine,row_variant_horizontal_pull_cable_machine,REX-000076,REMOVED_FROM_ACTIVE_COMBINED_AFTER_PRIOR_DEDUP,false,PRIOR_NORMALIZED_NAME_DEDUP,SAME_EXERCISE,,이전 normalized name 동일성 제거 후 legacy mapping 보존,false
V1_ALIAS,NEX-000184,v1,v1:NEX-000184,v1:NEX-000184,덤벨 델트 로우,Dumbbell rear delt row,row_variant_horizontal_pull_cable_machine,dumbbell_rear_delt_row_isolation_dumbbell,REX-000133,PROMOTED_SEPARATE_CANONICAL,true,USER_DIRECT_REVIEW,SEPARATE_EXERCISE,ERP-20260827-00533,사람 직접 검수로 기존 alias와 canonical을 분리하고 독립 stable code를 부여,true
V1_ALIAS,NEX-000185,v1,v1:NEX-000185,v1:NEX-000185,인클라인 체스트 덤벨 로우,Incline Chest-Supported Dumbbell Row,row_variant_horizontal_pull_cable_machine,incline_chest_supported_dumbbell_row_isolation_dumbbell,REX-000134,PROMOTED_SEPARATE_CANONICAL,true,USER_DIRECT_REVIEW,SEPARATE_EXERCISE,ERP-20260827-00534,사람 직접 검수로 기존 alias와 canonical을 분리하고 독립 stable code를 부여,true
V1_ALIAS,NEX-000186,v1,v1:NEX-000186,v1:NEX-000186,덤벨 데드리프트,Dumbbell Deadlift,barbell_deadlift_hip_dominant_barbell,barbell_deadlift_hip_dominant_barbell,REX-000004,RETAINED_LEGACY_ALIAS,false,LEGACY_COMPATIBILITY,RETAINED_ALIAS,,legacy alias mapping 유지,true
V1_ALIAS,NEX-000187,v1,v1:NEX-000187,v1:NEX-000187,케이블 우드촙,Cable Woodchoppers,rotation_variant_core_brace_cable_machine,rotation_variant_core_brace_cable_machine,REX-000075,REMOVED_FROM_ACTIVE_COMBINED_AFTER_PRIOR_DEDUP,false,PRIOR_NORMALIZED_NAME_DEDUP,SAME_EXERCISE,,이전 normalized name 동일성 제거 후 legacy mapping 보존,false
V1_ALIAS,NEX-000188,v1,v1:NEX-000188,v1:NEX-000188,머신 카프 프레스,Calf Press Using Leg Press Machine,seated_calf_raise_isolation_barbell,calf_press_using_leg_press_machine_isolation_machine,REX-000135,PROMOTED_SEPARATE_CANONICAL,true,USER_DIRECT_REVIEW,SEPARATE_EXERCISE,ERP-20260827-00550,사람 직접 검수로 기존 alias와 canonical을 분리하고 독립 stable code를 부여,true
V1_ALIAS,NEX-000189,v1,v1:NEX-000189,v1:NEX-000189,하프 니링 원암 랫풀다운,1-Arm Half-Kneeling Lat Pulldown,lat_pulldown_vertical_pull_cable_machine,lat_pulldown_vertical_pull_cable_machine,REX-000040,RETAINED_LEGACY_ALIAS,false,LEGACY_COMPATIBILITY,RETAINED_ALIAS,,legacy alias mapping 유지,true
V1_ALIAS,NEX-000190,v1,v1:NEX-000190,v1:NEX-000190,뉴트럴 그립 랫풀다운,Neutral Grip Lat Pulldown,lat_pulldown_vertical_pull_cable_machine,lat_pulldown_vertical_pull_cable_machine,REX-000040,RETAINED_LEGACY_ALIAS,false,LEGACY_COMPATIBILITY,RETAINED_ALIAS,,legacy alias mapping 유지,true
V1_ALIAS,NEX-000191,v1,v1:NEX-000191,v1:NEX-000191,밴드 레그 컬,Leg curl with elastic,seated_leg_curl_knee_flexion_machine,leg_curl_with_elastic_isolation_resistance_band,REX-000136,PROMOTED_SEPARATE_CANONICAL,true,USER_DIRECT_REVIEW,SEPARATE_EXERCISE,ERP-20260827-00574,사람 직접 검수로 기존 alias와 canonical을 분리하고 독립 stable code를 부여,true
V1_ALIAS,NEX-000192,v1,v1:NEX-000192,v1:NEX-000192,케틀벨 스모 데드리프트,kettlebell sumo deadlift,barbell_deadlift_hip_dominant_barbell,barbell_deadlift_hip_dominant_barbell,REX-000004,RETAINED_LEGACY_ALIAS,false,LEGACY_COMPATIBILITY,RETAINED_ALIAS,,legacy alias mapping 유지,true
V1_ALIAS,NEX-000193,v1,v1:NEX-000193,v1:NEX-000193,덤벨 루마니안 데드리프트,Dumbbell Romanian Deadlift,barbell_straight_leg_deadlift_hip_dominant_barbell,barbell_straight_leg_deadlift_hip_dominant_barbell,REX-000007,RETAINED_LEGACY_ALIAS,false,LEGACY_COMPATIBILITY,RETAINED_ALIAS,,legacy alias mapping 유지,true
V1_ALIAS,NEX-000194,v1,v1:NEX-000194,v1:NEX-000194,스탠딩 케이블 체스트 프레스,Cable Chest Press - Decline,pectorals_horizontal_push_horizontal_push_machine,pectorals_horizontal_push_horizontal_push_machine,REX-000049,RETAINED_LEGACY_ALIAS,false,LEGACY_COMPATIBILITY,RETAINED_ALIAS,,legacy alias mapping 유지,true
V1_ALIAS,NEX-000195,v1,v1:NEX-000195,v1:NEX-000195,덤벨 불가리안 스플릿 스쿼트,Bulgarian Squat with Dumbbells,bodyweight_split_squat_knee_dominant_bodyweight,bulgarian_squat_with_dumbbells_isolation_dumbbell,REX-000137,PROMOTED_SEPARATE_CANONICAL,true,USER_DIRECT_REVIEW,SEPARATE_EXERCISE,ERP-20260827-00335,사람 직접 검수로 기존 alias와 canonical을 분리하고 독립 stable code를 부여,true
V1_ALIAS,NEX-000196,v1,v1:NEX-000196,v1:NEX-000196,머신 시티드 로우,Seated Row (Machine),row_variant_horizontal_pull_cable_machine,row_variant_horizontal_pull_cable_machine,REX-000076,RETAINED_LEGACY_ALIAS,false,LEGACY_COMPATIBILITY,RETAINED_ALIAS,,legacy alias mapping 유지,true
V1_ALIAS,NEX-000197,v1,v1:NEX-000197,v1:NEX-000197,바벨 백 스쿼트,Barbell Full Squat,squat_variant_knee_dominant_barbell,squat_variant_knee_dominant_barbell,REX-000093,REMOVED_FROM_ACTIVE_COMBINED_AFTER_PRIOR_DEDUP,false,PRIOR_NORMALIZED_NAME_DEDUP,SAME_EXERCISE,,이전 normalized name 동일성 제거 후 legacy mapping 보존,false
V1_ALIAS,NEX-000198,v1,v1:NEX-000198,v1:NEX-000198,바벨 오버헤드 프레스,Overhead Barbell Press,seated_shoulder_press_vertical_push_dumbbell,seated_shoulder_press_vertical_push_dumbbell,REX-000086,RETAINED_LEGACY_ALIAS,false,LEGACY_COMPATIBILITY,RETAINED_ALIAS,,legacy alias mapping 유지,true
V1_ALIAS,NEX-000199,v1,v1:NEX-000199,v1:NEX-000199,인버티드 로우,Inverted Lat Pull Down,inverted_row_horizontal_pull_bodyweight,inverted_row_horizontal_pull_bodyweight,REX-000038,RETAINED_LEGACY_ALIAS,false,LEGACY_COMPATIBILITY,RETAINED_ALIAS,,legacy alias mapping 유지,true
V1_ALIAS,NEX-000200,v1,v1:NEX-000200,v1:NEX-000200,덤벨 아놀드 프레스,Arnold Shoulder Press,seated_shoulder_press_vertical_push_dumbbell,seated_shoulder_press_vertical_push_dumbbell,REX-000086,RETAINED_LEGACY_ALIAS,false,LEGACY_COMPATIBILITY,RETAINED_ALIAS,,legacy alias mapping 유지,true
V1_ALIAS,NEX-000201,v1,v1:NEX-000201,v1:NEX-000201,덤벨 고블릿 스쿼트,Dumbbell Goblet Squat,dumbbell_goblet_squat_knee_dominant_dumbbell,dumbbell_goblet_squat_knee_dominant_dumbbell,REX-000025,REMOVED_FROM_ACTIVE_COMBINED_AFTER_PRIOR_DEDUP,false,PRIOR_NORMALIZED_NAME_DEDUP,SAME_EXERCISE,,이전 normalized name 동일성 제거 후 legacy mapping 보존,false
V1_ALIAS,NEX-000202,v1,v1:NEX-000202,v1:NEX-000202,레그컬,Leg Curl,seated_leg_curl_knee_flexion_machine,seated_leg_curl_knee_flexion_machine,REX-000083,RETAINED_LEGACY_ALIAS,false,LEGACY_COMPATIBILITY,RETAINED_ALIAS,,legacy alias mapping 유지,true
V1_ALIAS,NEX-000203,v1,v1:NEX-000203,v1:NEX-000203,레그 익스텐션,Leg Extension,machine_leg_extension_isolation_machine,machine_leg_extension_isolation_machine,REX-000044,RETAINED_LEGACY_ALIAS,false,LEGACY_COMPATIBILITY,RETAINED_ALIAS,,legacy alias mapping 유지,true
V1_ALIAS,NEX-000204,v1,v1:NEX-000204,v1:NEX-000204,레그프레스,Leg Press,leg_press_knee_dominant_machine,leg_press_knee_dominant_machine,REX-000041,REMOVED_FROM_ACTIVE_COMBINED_AFTER_PRIOR_DEDUP,false,PRIOR_NORMALIZED_NAME_DEDUP,SAME_EXERCISE,,이전 normalized name 동일성 제거 후 legacy mapping 보존,false
V1_ALIAS,NEX-000205,v1,v1:NEX-000205,v1:NEX-000205,루마니안 데드리프트,Romanian Deadlift,barbell_straight_leg_deadlift_hip_dominant_barbell,barbell_straight_leg_deadlift_hip_dominant_barbell,REX-000007,RETAINED_LEGACY_ALIAS,false,LEGACY_COMPATIBILITY,RETAINED_ALIAS,,legacy alias mapping 유지,true
V1_ALIAS,NEX-000206,v1,v1:NEX-000206,v1:NEX-000206,인클라인 덤벨 벤치프레스,Incline Bench Press - Dumbbell,pectorals_horizontal_push_horizontal_push_machine,pectorals_horizontal_push_horizontal_push_machine,REX-000049,RETAINED_LEGACY_ALIAS,false,LEGACY_COMPATIBILITY,RETAINED_ALIAS,,legacy alias mapping 유지,true
V1_ALIAS,NEX-000207,v1,v1:NEX-000207,v1:NEX-000207,머신 숄더프레스,"Shoulder Press, on Machine",seated_shoulder_press_vertical_push_dumbbell,seated_shoulder_press_vertical_push_dumbbell,REX-000086,RETAINED_LEGACY_ALIAS,false,LEGACY_COMPATIBILITY,RETAINED_ALIAS,,legacy alias mapping 유지,true
V1_ALIAS,NEX-000208,v1,v1:NEX-000208,v1:NEX-000208,케틀벨 스윙,2 Handed Kettlebell Swing,kettlebell_swing_hip_dominant_kettlebell,kettlebell_swing_hip_dominant_kettlebell,REX-000061,REMOVED_FROM_ACTIVE_COMBINED_AFTER_PRIOR_DEDUP,false,PRIOR_NORMALIZED_NAME_DEDUP,SAME_EXERCISE,,이전 normalized name 동일성 제거 후 legacy mapping 보존,false
EXERCISE,REX-000041,wger,371,wger:371,레그 프레스,Leg Press,leg_press_knee_dominant_machine,leg_press_knee_dominant_machine,REX-000041,RETAINED_CANONICAL,true,EXISTING_CANONICAL,RETAINED_CANONICAL,,기존 canonical stable code 유지,
EXERCISE,REX-000049,wger,1094,wger:1094,체스트 프레스,Seated Bench Press,pectorals_horizontal_push_horizontal_push_machine,pectorals_horizontal_push_horizontal_push_machine,REX-000049,RETAINED_CANONICAL,true,EXISTING_CANONICAL,RETAINED_CANONICAL,,기존 canonical stable code 유지,
EXERCISE,REX-000061,wger,9,wger:9,케틀벨 스윙,2 Handed Kettlebell Swing,kettlebell_swing_hip_dominant_kettlebell,kettlebell_swing_hip_dominant_kettlebell,REX-000061,RETAINED_CANONICAL,true,EXISTING_CANONICAL,RETAINED_CANONICAL,,기존 canonical stable code 유지,
EXERCISE,REX-000075,wger,145,wger:145,회전형 크런치,Cable Woodchoppers,rotation_variant_core_brace_cable_machine,rotation_variant_core_brace_cable_machine,REX-000075,RETAINED_CANONICAL,true,EXISTING_CANONICAL,RETAINED_CANONICAL,,기존 canonical stable code 유지,
EXERCISE,REX-000076,wger,1117,wger:1117,로우,Seated Cable Row,row_variant_horizontal_pull_cable_machine,row_variant_horizontal_pull_cable_machine,REX-000076,RETAINED_CANONICAL,true,EXISTING_CANONICAL,RETAINED_CANONICAL,,기존 canonical stable code 유지,
EXERCISE,REX-000093,wger,1801,wger:1801,스쿼트,Barbell Full Squat,squat_variant_knee_dominant_barbell,squat_variant_knee_dominant_barbell,REX-000093,RETAINED_CANONICAL,true,EXISTING_CANONICAL,RETAINED_CANONICAL,,기존 canonical stable code 유지,
