catalog_version_code,selection_policy_version,family_code,representative_exercise_id,representative_exercise_ids,context_code,default_exercise_id,priority_rank,default_record_type,default_variant_type_code,default_name_ko,default_equipment_codes,fallback_candidates,context_default_status_code,review_status_code,review_reason_codes,production_eligible,decision_note_ko,user_review_decision_code,user_review_status
exercise-catalog-v2.0.2-final,v2.0.2-context-defaults-coverage-v1.0.0,ALL_FOURS_SQUAT_STRETCH,REX-000002,"[""REX-000002""]",GYM,REX-000002,1,REPRESENTATIVE,,네발기기 대퇴사두근 스트레칭,"[""BODYWEIGHT""]",[],REVIEW_REQUIRED,DOMAIN_APPROVED,"[""GOAL_LINK_NOT_FOUND"",""PRESCRIPTION_LINK_NOT_FOUND""]",false,대표운동을 1순위로 유지하고 같은 family의 Variant를 fallback으로 둔다.,USER_DIRECT_REVIEW_2026_08_29,COMPLETED
exercise-catalog-v2.0.2-final,v2.0.2-context-defaults-coverage-v1.0.0,ALL_FOURS_SQUAT_STRETCH,REX-000002,"[""REX-000002""]",HOME,REX-000002,1,REPRESENTATIVE,,네발기기 대퇴사두근 스트레칭,"[""BODYWEIGHT""]",[],REVIEW_REQUIRED,DOMAIN_APPROVED,"[""GOAL_LINK_NOT_FOUND"",""PRESCRIPTION_LINK_NOT_FOUND""]",false,대표운동을 1순위로 유지하고 같은 family의 Variant를 fallback으로 둔다.,USER_DIRECT_REVIEW_2026_08_29,COMPLETED
exercise-catalog-v2.0.2-final,v2.0.2-context-defaults-coverage-v1.0.0,BARBELL_FRONT_RAISE,REX-000005,"[""REX-000005""]",GYM,REX-000005,1,REPRESENTATIVE,,프론트 레이즈,"[""BARBELL""]","[{""candidate_exercise_id"":""VEX-000004"",""priority_rank"":2,""record_type"":""VARIANT"",""variant_type_code"":""PRIMARY_VARIANT"",""name_ko"":""덤벨 프론트 레이즈"",""stable_code"":""dumbbell_front_raise_v_2_isolation_dumbbell"",""equipment_codes"":[""DUMBBELL""],""difficulty_code"":""BEGINNER"",""review_status_code"":""REVIEW_REQUIRED""},{""candidate_exercise_id"":""VEX-000005"",""priority_rank"":3,""record_type"":""VARIANT"",""variant_type_code"":""PRIMARY_VARIANT"",""name_ko"":""덤벨 프론트 레이즈"",""stable_code"":""dumbbell_front_raise_isolation_dumbbell"",""equipment_codes"":[""DUMBBELL""],""difficulty_code"":""BEGINNER"",""review_status_code"":""REVIEW_REQUIRED""},{""candidate_exercise_id"":""VEX-000006"",""priority_rank"":4,""record_type"":""VARIANT"",""variant_type_code"":""PRIMARY_VARIANT"",""name_ko"":""덤벨 시티드 교대 프론트 레이즈"",""stable_code"":""dumbbell_seated_alternate_front_raise_isolation_dumbbell"",""equipment_codes"":[""DUMBBELL""],""difficulty_code"":""BEGINNER"",""review_status_code"":""REVIEW_REQUIRED""},{""candidate_exercise_id"":""VEX-000007"",""priority_rank"":5,""record_type"":""VARIANT"",""variant_type_code"":""PRIMARY_VARIANT"",""name_ko"":""밴드 프론트 레이즈"",""stable_code"":""band_front_raise_isolation_resistance_band"",""equipment_codes"":[""RESISTANCE_BAND""],""difficulty_code"":""BEGINNER"",""review_status_code"":""REVIEW_REQUIRED""}]",COVERED_DRAFT,DOMAIN_APPROVED,[],false,대표운동을 1순위로 유지하고 같은 family의 Variant를 fallback으로 둔다.,USER_DIRECT_REVIEW_2026_08_29,COMPLETED
exercise-catalog-v2.0.2-final,v2.0.2-context-defaults-coverage-v1.0.0,BARBELL_FRONT_RAISE,REX-000005,"[""REX-000005""]",HOME,VEX-000004,1,VARIANT,PRIMARY_VARIANT,덤벨 프론트 레이즈,"[""DUMBBELL""]","[{""candidate_exercise_id"":""VEX-000005"",""priority_rank"":2,""record_type"":""VARIANT"",""variant_type_code"":""PRIMARY_VARIANT"",""name_ko"":""덤벨 프론트 레이즈"",""stable_code"":""dumbbell_front_raise_isolation_dumbbell"",""equipment_codes"":[""DUMBBELL""],""difficulty_code"":""BEGINNER"",""review_status_code"":""REVIEW_REQUIRED""},{""candidate_exercise_id"":""VEX-000006"",""priority_rank"":3,""record_type"":""VARIANT"",""variant_type_code"":""PRIMARY_VARIANT"",""name_ko"":""덤벨 시티드 교대 프론트 레이즈"",""stable_code"":""dumbbell_seated_alternate_front_raise_isolation_dumbbell"",""equipment_codes"":[""DUMBBELL""],""difficulty_code"":""BEGINNER"",""review_status_code"":""REVIEW_REQUIRED""},{""candidate_exercise_id"":""VEX-000007"",""priority_rank"":4,""record_type"":""VARIANT"",""variant_type_code"":""PRIMARY_VARIANT"",""name_ko"":""밴드 프론트 레이즈"",""stable_code"":""band_front_raise_isolation_resistance_band"",""equipment_codes"":[""RESISTANCE_BAND""],""difficulty_code"":""BEGINNER"",""review_status_code"":""REVIEW_REQUIRED""}]",REVIEW_REQUIRED,DOMAIN_APPROVED,"[""DEFAULT_VARIANT_RELATION_REVIEW_REQUIRED""]",false,대표운동이 context에 없으므로 같은 family의 Variant를 1순위로 두되 운영 승격은 보류한다.,USER_DIRECT_REVIEW_2026_08_29,COMPLETED
exercise-catalog-v2.0.2-final,v2.0.2-context-defaults-coverage-v1.0.0,BODYWEIGHT_STANDING_CALF_RAISE,REX-000016,"[""REX-000016""]",GYM,REX-000016,1,REPRESENTATIVE,,스탠딩 카프 레이즈,"[""BODYWEIGHT""]","[{""candidate_exercise_id"":""VEX-000026"",""priority_rank"":2,""record_type"":""VARIANT"",""variant_type_code"":""PRIMARY_VARIANT"",""name_ko"":""덤벨 싱글 레그 카프 레이즈"",""stable_code"":""dumbbell_single_leg_calf_raise_isolation_dumbbell"",""equipment_codes"":[""DUMBBELL""],""difficulty_code"":""INTERMEDIATE"",""review_status_code"":""REVIEW_REQUIRED""},{""candidate_exercise_id"":""VEX-000027"",""priority_rank"":3,""record_type"":""VARIANT"",""variant_type_code"":""PRIMARY_VARIANT"",""name_ko"":""밴드 싱글 레그 카프 레이즈"",""stable_code"":""band_single_leg_calf_raise_isolation_resistance_band"",""equipment_codes"":[""RESISTANCE_BAND""],""difficulty_code"":""INTERMEDIATE"",""review_status_code"":""REVIEW_REQUIRED""},{""candidate_exercise_id"":""VEX-000028"",""priority_rank"":4,""record_type"":""VARIANT"",""variant_type_code"":""PRIMARY_VARIANT"",""name_ko"":""한발 카프 레이즈"",""stable_code"":""one_leg_floor_calf_raise_isolation_bodyweight"",""equipment_codes"":[""BODYWEIGHT""],""difficulty_code"":""INTERMEDIATE"",""review_status_code"":""REVIEW_REQUIRED""}]",COVERED_DRAFT,DOMAIN_APPROVED,[],false,대표운동을 1순위로 유지하고 같은 family의 Variant를 fallback으로 둔다.,USER_DIRECT_REVIEW_2026_08_29,COMPLETED
exercise-catalog-v2.0.2-final,v2.0.2-context-defaults-coverage-v1.0.0,BODYWEIGHT_STANDING_CALF_RAISE,REX-000016,"[""REX-000016""]",HOME,REX-000016,1,REPRESENTATIVE,,스탠딩 카프 레이즈,"[""BODYWEIGHT""]","[{""candidate_exercise_id"":""VEX-000026"",""priority_rank"":2,""record_type"":""VARIANT"",""variant_type_code"":""PRIMARY_VARIANT"",""name_ko"":""덤벨 싱글 레그 카프 레이즈"",""stable_code"":""dumbbell_single_leg_calf_raise_isolation_dumbbell"",""equipment_codes"":[""DUMBBELL""],""difficulty_code"":""INTERMEDIATE"",""review_status_code"":""REVIEW_REQUIRED""},{""candidate_exercise_id"":""VEX-000027"",""priority_rank"":3,""record_type"":""VARIANT"",""variant_type_code"":""PRIMARY_VARIANT"",""name_ko"":""밴드 싱글 레그 카프 레이즈"",""stable_code"":""band_single_leg_calf_raise_isolation_resistance_band"",""equipment_codes"":[""RESISTANCE_BAND""],""difficulty_code"":""INTERMEDIATE"",""review_status_code"":""REVIEW_REQUIRED""},{""candidate_exercise_id"":""VEX-000028"",""priority_rank"":4,""record_type"":""VARIANT"",""variant_type_code"":""PRIMARY_VARIANT"",""name_ko"":""한발 카프 레이즈"",""stable_code"":""one_leg_floor_calf_raise_isolation_bodyweight"",""equipment_codes"":[""BODYWEIGHT""],""difficulty_code"":""INTERMEDIATE"",""review_status_code"":""REVIEW_REQUIRED""}]",COVERED_DRAFT,DOMAIN_APPROVED,[],false,대표운동을 1순위로 유지하고 같은 family의 Variant를 fallback으로 둔다.,USER_DIRECT_REVIEW_2026_08_29,COMPLETED
exercise-catalog-v2.0.2-final,v2.0.2-context-defaults-coverage-v1.0.0,BUTTERFLY_ADDUCTOR_STRETCH,REX-000017,"[""REX-000017""]",GYM,REX-000017,1,REPRESENTATIVE,,버터플라이 스트레칭,"[""BODYWEIGHT""]",[],COVERED_DRAFT,DOMAIN_APPROVED,[],false,대표운동을 1순위로 유지하고 같은 family의 Variant를 fallback으로 둔다.,USER_DIRECT_REVIEW_2026_08_29,COMPLETED
exercise-catalog-v2.0.2-final,v2.0.2-context-defaults-coverage-v1.0.0,BUTTERFLY_ADDUCTOR_STRETCH,REX-000017,"[""REX-000017""]",HOME,REX-000017,1,REPRESENTATIVE,,버터플라이 스트레칭,"[""BODYWEIGHT""]",[],COVERED_DRAFT,DOMAIN_APPROVED,[],false,대표운동을 1순위로 유지하고 같은 family의 Variant를 fallback으로 둔다.,USER_DIRECT_REVIEW_2026_08_29,COMPLETED
exercise-catalog-v2.0.2-final,v2.0.2-context-defaults-coverage-v1.0.0,CARDIO,,"[""REX-000059"",""REX-000060"",""REX-000067"",""REX-000072""]",GYM,,,,,,[],[],REVIEW_REQUIRED,DOMAIN_APPROVED,"[""MULTIPLE_REPRESENTATIVES_IN_FAMILY""]",false,context default를 확정하지 않고 review/blocker로 남긴다.,USER_DIRECT_REVIEW_2026_08_29,COMPLETED
exercise-catalog-v2.0.2-final,v2.0.2-context-defaults-coverage-v1.0.0,CARDIO,,"[""REX-000059"",""REX-000060"",""REX-000067"",""REX-000072""]",HOME,,,,,,[],[],REVIEW_REQUIRED,DOMAIN_APPROVED,"[""MULTIPLE_REPRESENTATIVES_IN_FAMILY""]",false,context default를 확정하지 않고 review/blocker로 남긴다.,USER_DIRECT_REVIEW_2026_08_29,COMPLETED
exercise-catalog-v2.0.2-final,v2.0.2-context-defaults-coverage-v1.0.0,CHAIR_LEG_EXTENDED_STRETCH,REX-000020,"[""REX-000020""]",GYM,REX-000020,1,REPRESENTATIVE,,시티드 레그 익스텐션 스트레칭,"[""BODYWEIGHT""]",[],COVERED_DRAFT,DOMAIN_APPROVED,[],false,대표운동을 1순위로 유지하고 같은 family의 Variant를 fallback으로 둔다.,USER_DIRECT_REVIEW_2026_08_29,COMPLETED
exercise-catalog-v2.0.2-final,v2.0.2-context-defaults-coverage-v1.0.0,CHAIR_LEG_EXTENDED_STRETCH,REX-000020,"[""REX-000020""]",HOME,REX-000020,1,REPRESENTATIVE,,시티드 레그 익스텐션 스트레칭,"[""BODYWEIGHT""]",[],COVERED_DRAFT,DOMAIN_APPROVED,[],false,대표운동을 1순위로 유지하고 같은 family의 Variant를 fallback으로 둔다.,USER_DIRECT_REVIEW_2026_08_29,COMPLETED
exercise-catalog-v2.0.2-final,v2.0.2-context-defaults-coverage-v1.0.0,CHEST_FRONT_SHOULDER_STRETCH,REX-000021,"[""REX-000021""]",GYM,REX-000021,1,REPRESENTATIVE,,가슴·어깨 앞면 스트레칭,"[""BODYWEIGHT""]",[],COVERED_DRAFT,DOMAIN_APPROVED,[],false,대표운동을 1순위로 유지하고 같은 family의 Variant를 fallback으로 둔다.,USER_DIRECT_REVIEW_2026_08_29,COMPLETED
exercise-catalog-v2.0.2-final,v2.0.2-context-defaults-coverage-v1.0.0,CHEST_FRONT_SHOULDER_STRETCH,REX-000021,"[""REX-000021""]",HOME,REX-000021,1,REPRESENTATIVE,,가슴·어깨 앞면 스트레칭,"[""BODYWEIGHT""]",[],COVERED_DRAFT,DOMAIN_APPROVED,[],false,대표운동을 1순위로 유지하고 같은 family의 Variant를 fallback으로 둔다.,USER_DIRECT_REVIEW_2026_08_29,COMPLETED
exercise-catalog-v2.0.2-final,v2.0.2-context-defaults-coverage-v1.0.0,DUMBBELL_SHRUG,REX-000029,"[""REX-000029""]",GYM,REX-000029,1,REPRESENTATIVE,,슈러그,"[""DUMBBELL""]","[{""candidate_exercise_id"":""VEX-000037"",""priority_rank"":2,""record_type"":""VARIANT"",""variant_type_code"":""PRIMARY_VARIANT"",""name_ko"":""케이블 슈러그"",""stable_code"":""cable_shrug_isolation_cable_machine"",""equipment_codes"":[""CABLE_MACHINE""],""difficulty_code"":""BEGINNER"",""review_status_code"":""REVIEW_REQUIRED""},{""candidate_exercise_id"":""VEX-000038"",""priority_rank"":3,""record_type"":""VARIANT"",""variant_type_code"":""PRIMARY_VARIANT"",""name_ko"":""덤벨 디클라인 슈러그"",""stable_code"":""dumbbell_decline_shrug_v_2_isolation_dumbbell"",""equipment_codes"":[""DUMBBELL""],""difficulty_code"":""BEGINNER"",""review_status_code"":""REVIEW_REQUIRED""},{""candidate_exercise_id"":""VEX-000039"",""priority_rank"":4,""record_type"":""VARIANT"",""variant_type_code"":""PRIMARY_VARIANT"",""name_ko"":""덤벨 디클라인 슈러그"",""stable_code"":""dumbbell_decline_shrug_isolation_dumbbell"",""equipment_codes"":[""DUMBBELL""],""difficulty_code"":""BEGINNER"",""review_status_code"":""REVIEW_REQUIRED""},{""candidate_exercise_id"":""VEX-000040"",""priority_rank"":5,""record_type"":""VARIANT"",""variant_type_code"":""PRIMARY_VARIANT"",""name_ko"":""덤벨 인클라인 슈러그"",""stable_code"":""dumbbell_incline_shrug_isolation_dumbbell"",""equipment_codes"":[""DUMBBELL""],""difficulty_code"":""BEGINNER"",""review_status_code"":""REVIEW_REQUIRED""},{""candidate_exercise_id"":""VEX-000041"",""priority_rank"":6,""record_type"":""VARIANT"",""variant_type_code"":""PRIMARY_VARIANT"",""name_ko"":""밴드 슈러그"",""stable_code"":""band_shrug_isolation_resistance_band"",""equipment_codes"":[""RESISTANCE_BAND""],""difficulty_code"":""BEGINNER"",""review_status_code"":""REVIEW_REQUIRED""}]",COVERED_DRAFT,DOMAIN_APPROVED,[],false,대표운동을 1순위로 유지하고 같은 family의 Variant를 fallback으로 둔다.,USER_DIRECT_REVIEW_2026_08_29,COMPLETED
exercise-catalog-v2.0.2-final,v2.0.2-context-defaults-coverage-v1.0.0,DUMBBELL_SHRUG,REX-000029,"[""REX-000029""]",HOME,REX-000029,1,REPRESENTATIVE,,슈러그,"[""DUMBBELL""]","[{""candidate_exercise_id"":""VEX-000038"",""priority_rank"":2,""record_type"":""VARIANT"",""variant_type_code"":""PRIMARY_VARIANT"",""name_ko"":""덤벨 디클라인 슈러그"",""stable_code"":""dumbbell_decline_shrug_v_2_isolation_dumbbell"",""equipment_codes"":[""DUMBBELL""],""difficulty_code"":""BEGINNER"",""review_status_code"":""REVIEW_REQUIRED""},{""candidate_exercise_id"":""VEX-000039"",""priority_rank"":3,""record_type"":""VARIANT"",""variant_type_code"":""PRIMARY_VARIANT"",""name_ko"":""덤벨 디클라인 슈러그"",""stable_code"":""dumbbell_decline_shrug_isolation_dumbbell"",""equipment_codes"":[""DUMBBELL""],""difficulty_code"":""BEGINNER"",""review_status_code"":""REVIEW_REQUIRED""},{""candidate_exercise_id"":""VEX-000040"",""priority_rank"":4,""record_type"":""VARIANT"",""variant_type_code"":""PRIMARY_VARIANT"",""name_ko"":""덤벨 인클라인 슈러그"",""stable_code"":""dumbbell_incline_shrug_isolation_dumbbell"",""equipment_codes"":[""DUMBBELL""],""difficulty_code"":""BEGINNER"",""review_status_code"":""REVIEW_REQUIRED""},{""candidate_exercise_id"":""VEX-000041"",""priority_rank"":5,""record_type"":""VARIANT"",""variant_type_code"":""PRIMARY_VARIANT"",""name_ko"":""밴드 슈러그"",""stable_code"":""band_shrug_isolation_resistance_band"",""equipment_codes"":[""RESISTANCE_BAND""],""difficulty_code"":""BEGINNER"",""review_status_code"":""REVIEW_REQUIRED""}]",COVERED_DRAFT,DOMAIN_APPROVED,[],false,대표운동을 1순위로 유지하고 같은 family의 Variant를 fallback으로 둔다.,USER_DIRECT_REVIEW_2026_08_29,COMPLETED
exercise-catalog-v2.0.2-final,v2.0.2-context-defaults-coverage-v1.0.0,DUMBBELL_STANDING_CURL,REX-000030,"[""REX-000030""]",GYM,REX-000030,1,REPRESENTATIVE,,덤벨 바이셉스 컬,"[""DUMBBELL""]",[],COVERED_DRAFT,DOMAIN_APPROVED,[],false,대표운동을 1순위로 유지하고 같은 family의 Variant를 fallback으로 둔다.,USER_DIRECT_REVIEW_2026_08_29,COMPLETED
exercise-catalog-v2.0.2-final,v2.0.2-context-defaults-coverage-v1.0.0,DUMBBELL_STANDING_CURL,REX-000030,"[""REX-000030""]",HOME,REX-000030,1,REPRESENTATIVE,,덤벨 바이셉스 컬,"[""DUMBBELL""]",[],COVERED_DRAFT,DOMAIN_APPROVED,[],false,대표운동을 1순위로 유지하고 같은 family의 Variant를 fallback으로 둔다.,USER_DIRECT_REVIEW_2026_08_29,COMPLETED
exercise-catalog-v2.0.2-final,v2.0.2-context-defaults-coverage-v1.0.0,DYNAMIC_CHEST_STRETCH,REX-000032,"[""REX-000032""]",GYM,REX-000032,1,REPRESENTATIVE,,다이내믹 가슴 스트레칭,"[""BODYWEIGHT""]",[],COVERED_DRAFT,DOMAIN_APPROVED,[],false,대표운동을 1순위로 유지하고 같은 family의 Variant를 fallback으로 둔다.,USER_DIRECT_REVIEW_2026_08_29,COMPLETED
exercise-catalog-v2.0.2-final,v2.0.2-context-defaults-coverage-v1.0.0,DYNAMIC_CHEST_STRETCH,REX-000032,"[""REX-000032""]",HOME,REX-000032,1,REPRESENTATIVE,,다이내믹 가슴 스트레칭,"[""BODYWEIGHT""]",[],COVERED_DRAFT,DOMAIN_APPROVED,[],false,대표운동을 1순위로 유지하고 같은 family의 Variant를 fallback으로 둔다.,USER_DIRECT_REVIEW_2026_08_29,COMPLETED
exercise-catalog-v2.0.2-final,v2.0.2-context-defaults-coverage-v1.0.0,EXERCISE_BALL_HIP_FLEXOR_STRETCH,REX-000033,"[""REX-000033""]",GYM,REX-000033,1,REPRESENTATIVE,,짐볼 고관절 스트레칭,"[""STABILITY_BALL""]",[],COVERED_DRAFT,DOMAIN_APPROVED,[],false,대표운동을 1순위로 유지하고 같은 family의 Variant를 fallback으로 둔다.,USER_DIRECT_REVIEW_2026_08_29,COMPLETED
exercise-catalog-v2.0.2-final,v2.0.2-context-defaults-coverage-v1.0.0,EXERCISE_BALL_HIP_FLEXOR_STRETCH,REX-000033,"[""REX-000033""]",HOME,,,,,,[],[],UNAVAILABLE,DOMAIN_APPROVED,"[""LOCATION_NOT_DECLARED""]",false,context default를 확정하지 않고 review/blocker로 남긴다.,USER_DIRECT_REVIEW_2026_08_29,COMPLETED
exercise-catalog-v2.0.2-final,v2.0.2-context-defaults-coverage-v1.0.0,HAMSTRING_STRETCH,REX-000034,"[""REX-000034""]",GYM,REX-000034,1,REPRESENTATIVE,,햄스트링 스트레칭,"[""BODYWEIGHT""]",[],COVERED_DRAFT,DOMAIN_APPROVED,[],false,대표운동을 1순위로 유지하고 같은 family의 Variant를 fallback으로 둔다.,USER_DIRECT_REVIEW_2026_08_29,COMPLETED
exercise-catalog-v2.0.2-final,v2.0.2-context-defaults-coverage-v1.0.0,HAMSTRING_STRETCH,REX-000034,"[""REX-000034""]",HOME,REX-000034,1,REPRESENTATIVE,,햄스트링 스트레칭,"[""BODYWEIGHT""]",[],COVERED_DRAFT,DOMAIN_APPROVED,[],false,대표운동을 1순위로 유지하고 같은 family의 Variant를 fallback으로 둔다.,USER_DIRECT_REVIEW_2026_08_29,COMPLETED
exercise-catalog-v2.0.2-final,v2.0.2-context-defaults-coverage-v1.0.0,HIP_FLEXOR_QUADRICEPS_STRETCH,REX-000036,"[""REX-000036""]",GYM,REX-000036,1,REPRESENTATIVE,,고관절 굴근·대퇴사두근 스트레칭,"[""STRETCH_STRAP""]",[],COVERED_DRAFT,DOMAIN_APPROVED,[],false,대표운동을 1순위로 유지하고 같은 family의 Variant를 fallback으로 둔다.,USER_DIRECT_REVIEW_2026_08_29,COMPLETED
exercise-catalog-v2.0.2-final,v2.0.2-context-defaults-coverage-v1.0.0,HIP_FLEXOR_QUADRICEPS_STRETCH,REX-000036,"[""REX-000036""]",HOME,,,,,,[],[],UNAVAILABLE,DOMAIN_APPROVED,"[""LOCATION_NOT_DECLARED""]",false,context default를 확정하지 않고 review/blocker로 남긴다.,USER_DIRECT_REVIEW_2026_08_29,COMPLETED
exercise-catalog-v2.0.2-final,v2.0.2-context-defaults-coverage-v1.0.0,KNEELING_LAT_STRETCH,REX-000039,"[""REX-000039""]",GYM,REX-000039,1,REPRESENTATIVE,,무릎 꿇고 광배근 스트레칭,"[""BODYWEIGHT""]",[],COVERED_DRAFT,DOMAIN_APPROVED,[],false,대표운동을 1순위로 유지하고 같은 family의 Variant를 fallback으로 둔다.,USER_DIRECT_REVIEW_2026_08_29,COMPLETED
exercise-catalog-v2.0.2-final,v2.0.2-context-defaults-coverage-v1.0.0,KNEELING_LAT_STRETCH,REX-000039,"[""REX-000039""]",HOME,REX-000039,1,REPRESENTATIVE,,무릎 꿇고 광배근 스트레칭,"[""BODYWEIGHT""]",[],COVERED_DRAFT,DOMAIN_APPROVED,[],false,대표운동을 1순위로 유지하고 같은 family의 Variant를 fallback으로 둔다.,USER_DIRECT_REVIEW_2026_08_29,COMPLETED
exercise-catalog-v2.0.2-final,v2.0.2-context-defaults-coverage-v1.0.0,NECK_LATERAL_STRETCH,REX-000045,"[""REX-000045""]",GYM,REX-000045,1,REPRESENTATIVE,,목 옆면 스트레칭,"[""BODYWEIGHT""]","[{""candidate_exercise_id"":""VEX-000045"",""priority_rank"":2,""record_type"":""VARIANT"",""variant_type_code"":""PRIMARY_VARIANT"",""name_ko"":""사이드 푸시 목 스트레칭"",""stable_code"":""side_push_neck_stretch_mobility_stretch_bodyweight"",""equipment_codes"":[""BODYWEIGHT""],""difficulty_code"":""BEGINNER"",""review_status_code"":""REVIEW_REQUIRED""}]",COVERED_DRAFT,DOMAIN_APPROVED,[],false,대표운동을 1순위로 유지하고 같은 family의 Variant를 fallback으로 둔다.,USER_DIRECT_REVIEW_2026_08_29,COMPLETED
exercise-catalog-v2.0.2-final,v2.0.2-context-defaults-coverage-v1.0.0,NECK_LATERAL_STRETCH,REX-000045,"[""REX-000045""]",HOME,REX-000045,1,REPRESENTATIVE,,목 옆면 스트레칭,"[""BODYWEIGHT""]","[{""candidate_exercise_id"":""VEX-000045"",""priority_rank"":2,""record_type"":""VARIANT"",""variant_type_code"":""PRIMARY_VARIANT"",""name_ko"":""사이드 푸시 목 스트레칭"",""stable_code"":""side_push_neck_stretch_mobility_stretch_bodyweight"",""equipment_codes"":[""BODYWEIGHT""],""difficulty_code"":""BEGINNER"",""review_status_code"":""REVIEW_REQUIRED""}]",COVERED_DRAFT,DOMAIN_APPROVED,[],false,대표운동을 1순위로 유지하고 같은 family의 Variant를 fallback으로 둔다.,USER_DIRECT_REVIEW_2026_08_29,COMPLETED
exercise-catalog-v2.0.2-final,v2.0.2-context-defaults-coverage-v1.0.0,ONE_ARM_WALL_LATS,REX-000046,"[""REX-000046""]",GYM,REX-000046,1,REPRESENTATIVE,,벽 짚고 한 팔 광배근 스트레칭,"[""BODYWEIGHT""]",[],COVERED_DRAFT,DOMAIN_APPROVED,[],false,대표운동을 1순위로 유지하고 같은 family의 Variant를 fallback으로 둔다.,USER_DIRECT_REVIEW_2026_08_29,COMPLETED
exercise-catalog-v2.0.2-final,v2.0.2-context-defaults-coverage-v1.0.0,ONE_ARM_WALL_LATS,REX-000046,"[""REX-000046""]",HOME,REX-000046,1,REPRESENTATIVE,,벽 짚고 한 팔 광배근 스트레칭,"[""BODYWEIGHT""]",[],COVERED_DRAFT,DOMAIN_APPROVED,[],false,대표운동을 1순위로 유지하고 같은 family의 Variant를 fallback으로 둔다.,USER_DIRECT_REVIEW_2026_08_29,COMPLETED
exercise-catalog-v2.0.2-final,v2.0.2-context-defaults-coverage-v1.0.0,OVERHEAD_TRICEPS_STRETCH,REX-000048,"[""REX-000048""]",GYM,REX-000048,1,REPRESENTATIVE,,오버헤드 삼두근 스트레칭,"[""BODYWEIGHT""]",[],COVERED_DRAFT,DOMAIN_APPROVED,[],false,대표운동을 1순위로 유지하고 같은 family의 Variant를 fallback으로 둔다.,USER_DIRECT_REVIEW_2026_08_29,COMPLETED
exercise-catalog-v2.0.2-final,v2.0.2-context-defaults-coverage-v1.0.0,OVERHEAD_TRICEPS_STRETCH,REX-000048,"[""REX-000048""]",HOME,REX-000048,1,REPRESENTATIVE,,오버헤드 삼두근 스트레칭,"[""BODYWEIGHT""]",[],COVERED_DRAFT,DOMAIN_APPROVED,[],false,대표운동을 1순위로 유지하고 같은 family의 Variant를 fallback으로 둔다.,USER_DIRECT_REVIEW_2026_08_29,COMPLETED
exercise-catalog-v2.0.2-final,v2.0.2-context-defaults-coverage-v1.0.0,PERONEAL_STRETCH,REX-000050,"[""REX-000050""]",GYM,REX-000050,1,REPRESENTATIVE,,종아리 바깥쪽 스트레칭,"[""STRETCH_STRAP""]",[],COVERED_DRAFT,DOMAIN_APPROVED,[],false,대표운동을 1순위로 유지하고 같은 family의 Variant를 fallback으로 둔다.,USER_DIRECT_REVIEW_2026_08_29,COMPLETED
exercise-catalog-v2.0.2-final,v2.0.2-context-defaults-coverage-v1.0.0,PERONEAL_STRETCH,REX-000050,"[""REX-000050""]",HOME,,,,,,[],[],UNAVAILABLE,DOMAIN_APPROVED,"[""LOCATION_NOT_DECLARED""]",false,context default를 확정하지 않고 review/blocker로 남긴다.,USER_DIRECT_REVIEW_2026_08_29,COMPLETED
exercise-catalog-v2.0.2-final,v2.0.2-context-defaults-coverage-v1.0.0,REAR_DELTOID_STRETCH,REX-000053,"[""REX-000053""]",GYM,REX-000053,1,REPRESENTATIVE,,후면 어깨 스트레칭,"[""BODYWEIGHT""]",[],COVERED_DRAFT,DOMAIN_APPROVED,[],false,대표운동을 1순위로 유지하고 같은 family의 Variant를 fallback으로 둔다.,USER_DIRECT_REVIEW_2026_08_29,COMPLETED
exercise-catalog-v2.0.2-final,v2.0.2-context-defaults-coverage-v1.0.0,REAR_DELTOID_STRETCH,REX-000053,"[""REX-000053""]",HOME,REX-000053,1,REPRESENTATIVE,,후면 어깨 스트레칭,"[""BODYWEIGHT""]",[],COVERED_DRAFT,DOMAIN_APPROVED,[],false,대표운동을 1순위로 유지하고 같은 family의 Variant를 fallback으로 둔다.,USER_DIRECT_REVIEW_2026_08_29,COMPLETED
exercise-catalog-v2.0.2-final,v2.0.2-context-defaults-coverage-v1.0.0,REVERSE_CALF_RAISE,REX-000054,"[""REX-000054""]",GYM,REX-000054,1,REPRESENTATIVE,,리버스 카프 레이즈,"[""RESISTANCE_BAND""]",[],COVERED_DRAFT,DOMAIN_APPROVED,[],false,대표운동을 1순위로 유지하고 같은 family의 Variant를 fallback으로 둔다.,USER_DIRECT_REVIEW_2026_08_29,COMPLETED
exercise-catalog-v2.0.2-final,v2.0.2-context-defaults-coverage-v1.0.0,REVERSE_CALF_RAISE,REX-000054,"[""REX-000054""]",HOME,REX-000054,1,REPRESENTATIVE,,리버스 카프 레이즈,"[""RESISTANCE_BAND""]",[],COVERED_DRAFT,DOMAIN_APPROVED,[],false,대표운동을 1순위로 유지하고 같은 family의 Variant를 fallback으로 둔다.,USER_DIRECT_REVIEW_2026_08_29,COMPLETED
exercise-catalog-v2.0.2-final,v2.0.2-context-defaults-coverage-v1.0.0,ROLLER_BACK_STRETCH,REX-000073,"[""REX-000073""]",GYM,REX-000073,1,REPRESENTATIVE,,롤러 등 스트레칭,"[""FOAM_ROLLER""]",[],COVERED_DRAFT,DOMAIN_APPROVED,[],false,대표운동을 1순위로 유지하고 같은 family의 Variant를 fallback으로 둔다.,USER_DIRECT_REVIEW_2026_08_29,COMPLETED
exercise-catalog-v2.0.2-final,v2.0.2-context-defaults-coverage-v1.0.0,ROLLER_BACK_STRETCH,REX-000073,"[""REX-000073""]",HOME,REX-000073,1,REPRESENTATIVE,,롤러 등 스트레칭,"[""FOAM_ROLLER""]",[],COVERED_DRAFT,DOMAIN_APPROVED,[],false,대표운동을 1순위로 유지하고 같은 family의 Variant를 fallback으로 둔다.,USER_DIRECT_REVIEW_2026_08_29,COMPLETED
exercise-catalog-v2.0.2-final,v2.0.2-context-defaults-coverage-v1.0.0,ROLLER_HIP_STRETCH,REX-000074,"[""REX-000074""]",GYM,REX-000074,1,REPRESENTATIVE,,롤러 둔근 스트레칭,"[""FOAM_ROLLER""]",[],COVERED_DRAFT,DOMAIN_APPROVED,[],false,대표운동을 1순위로 유지하고 같은 family의 Variant를 fallback으로 둔다.,USER_DIRECT_REVIEW_2026_08_29,COMPLETED
exercise-catalog-v2.0.2-final,v2.0.2-context-defaults-coverage-v1.0.0,ROLLER_HIP_STRETCH,REX-000074,"[""REX-000074""]",HOME,REX-000074,1,REPRESENTATIVE,,롤러 둔근 스트레칭,"[""FOAM_ROLLER""]",[],COVERED_DRAFT,DOMAIN_APPROVED,[],false,대표운동을 1순위로 유지하고 같은 family의 Variant를 fallback으로 둔다.,USER_DIRECT_REVIEW_2026_08_29,COMPLETED
exercise-catalog-v2.0.2-final,v2.0.2-context-defaults-coverage-v1.0.0,RUNNERS_STRETCH,REX-000077,"[""REX-000077""]",GYM,REX-000077,1,REPRESENTATIVE,,러너스 스트레칭,"[""BODYWEIGHT""]",[],COVERED_DRAFT,DOMAIN_APPROVED,[],false,대표운동을 1순위로 유지하고 같은 family의 Variant를 fallback으로 둔다.,USER_DIRECT_REVIEW_2026_08_29,COMPLETED
exercise-catalog-v2.0.2-final,v2.0.2-context-defaults-coverage-v1.0.0,RUNNERS_STRETCH,REX-000077,"[""REX-000077""]",HOME,REX-000077,1,REPRESENTATIVE,,러너스 스트레칭,"[""BODYWEIGHT""]",[],COVERED_DRAFT,DOMAIN_APPROVED,[],false,대표운동을 1순위로 유지하고 같은 family의 Variant를 fallback으로 둔다.,USER_DIRECT_REVIEW_2026_08_29,COMPLETED
exercise-catalog-v2.0.2-final,v2.0.2-context-defaults-coverage-v1.0.0,SEATED_CALF_RAISE,REX-000080,"[""REX-000080""]",GYM,REX-000080,1,REPRESENTATIVE,,시티드 카프 레이즈,"[""BARBELL""]","[{""candidate_exercise_id"":""VEX-000054"",""priority_rank"":2,""record_type"":""VARIANT"",""variant_type_code"":""PRIMARY_VARIANT"",""name_ko"":""시티드 카프 레이즈"",""stable_code"":""lever_seated_calf_raise_isolation_machine"",""equipment_codes"":[""MACHINE""],""difficulty_code"":""BEGINNER"",""review_status_code"":""REVIEW_REQUIRED""},{""candidate_exercise_id"":""VEX-000055"",""priority_rank"":3,""record_type"":""VARIANT"",""variant_type_code"":""PRIMARY_VARIANT"",""name_ko"":""덤벨 시티드 카프 레이즈"",""stable_code"":""dumbbell_seated_calf_raise_isolation_dumbbell"",""equipment_codes"":[""DUMBBELL""],""difficulty_code"":""BEGINNER"",""review_status_code"":""REVIEW_REQUIRED""}]",COVERED_DRAFT,DOMAIN_APPROVED,[],false,대표운동을 1순위로 유지하고 같은 family의 Variant를 fallback으로 둔다.,USER_DIRECT_REVIEW_2026_08_29,COMPLETED
exercise-catalog-v2.0.2-final,v2.0.2-context-defaults-coverage-v1.0.0,SEATED_CALF_RAISE,REX-000080,"[""REX-000080""]",HOME,VEX-000055,1,VARIANT,PRIMARY_VARIANT,덤벨 시티드 카프 레이즈,"[""DUMBBELL""]",[],REVIEW_REQUIRED,DOMAIN_APPROVED,"[""DEFAULT_VARIANT_RELATION_REVIEW_REQUIRED""]",false,대표운동이 context에 없으므로 같은 family의 Variant를 1순위로 두되 운영 승격은 보류한다.,USER_DIRECT_REVIEW_2026_08_29,COMPLETED
exercise-catalog-v2.0.2-final,v2.0.2-context-defaults-coverage-v1.0.0,SEATED_CALF_STRETCH,REX-000081,"[""REX-000081""]",GYM,REX-000081,1,REPRESENTATIVE,,앉아서 종아리 스트레칭,"[""BODYWEIGHT""]",[],COVERED_DRAFT,DOMAIN_APPROVED,[],false,대표운동을 1순위로 유지하고 같은 family의 Variant를 fallback으로 둔다.,USER_DIRECT_REVIEW_2026_08_29,COMPLETED
exercise-catalog-v2.0.2-final,v2.0.2-context-defaults-coverage-v1.0.0,SEATED_CALF_STRETCH,REX-000081,"[""REX-000081""]",HOME,REX-000081,1,REPRESENTATIVE,,앉아서 종아리 스트레칭,"[""BODYWEIGHT""]",[],COVERED_DRAFT,DOMAIN_APPROVED,[],false,대표운동을 1순위로 유지하고 같은 family의 Variant를 fallback으로 둔다.,USER_DIRECT_REVIEW_2026_08_29,COMPLETED
exercise-catalog-v2.0.2-final,v2.0.2-context-defaults-coverage-v1.0.0,SEATED_GLUTE_STRETCH,REX-000082,"[""REX-000082""]",GYM,REX-000082,1,REPRESENTATIVE,,앉아서 둔근 스트레칭,"[""BODYWEIGHT""]",[],COVERED_DRAFT,DOMAIN_APPROVED,[],false,대표운동을 1순위로 유지하고 같은 family의 Variant를 fallback으로 둔다.,USER_DIRECT_REVIEW_2026_08_29,COMPLETED
exercise-catalog-v2.0.2-final,v2.0.2-context-defaults-coverage-v1.0.0,SEATED_GLUTE_STRETCH,REX-000082,"[""REX-000082""]",HOME,REX-000082,1,REPRESENTATIVE,,앉아서 둔근 스트레칭,"[""BODYWEIGHT""]",[],COVERED_DRAFT,DOMAIN_APPROVED,[],false,대표운동을 1순위로 유지하고 같은 family의 Variant를 fallback으로 둔다.,USER_DIRECT_REVIEW_2026_08_29,COMPLETED
exercise-catalog-v2.0.2-final,v2.0.2-context-defaults-coverage-v1.0.0,SEATED_LOWER_BACK_STRETCH,REX-000084,"[""REX-000084""]",GYM,REX-000084,1,REPRESENTATIVE,,앉아서 허리 스트레칭,"[""BODYWEIGHT""]",[],COVERED_DRAFT,DOMAIN_APPROVED,[],false,대표운동을 1순위로 유지하고 같은 family의 Variant를 fallback으로 둔다.,USER_DIRECT_REVIEW_2026_08_29,COMPLETED
exercise-catalog-v2.0.2-final,v2.0.2-context-defaults-coverage-v1.0.0,SEATED_LOWER_BACK_STRETCH,REX-000084,"[""REX-000084""]",HOME,REX-000084,1,REPRESENTATIVE,,앉아서 허리 스트레칭,"[""BODYWEIGHT""]",[],COVERED_DRAFT,DOMAIN_APPROVED,[],false,대표운동을 1순위로 유지하고 같은 family의 Variant를 fallback으로 둔다.,USER_DIRECT_REVIEW_2026_08_29,COMPLETED
exercise-catalog-v2.0.2-final,v2.0.2-context-defaults-coverage-v1.0.0,SEATED_PIRIFORMIS_STRETCH,REX-000085,"[""REX-000085""]",GYM,REX-000085,1,REPRESENTATIVE,,앉아서 이상근 스트레칭,"[""BODYWEIGHT""]",[],COVERED_DRAFT,DOMAIN_APPROVED,[],false,대표운동을 1순위로 유지하고 같은 family의 Variant를 fallback으로 둔다.,USER_DIRECT_REVIEW_2026_08_29,COMPLETED
exercise-catalog-v2.0.2-final,v2.0.2-context-defaults-coverage-v1.0.0,SEATED_PIRIFORMIS_STRETCH,REX-000085,"[""REX-000085""]",HOME,REX-000085,1,REPRESENTATIVE,,앉아서 이상근 스트레칭,"[""BODYWEIGHT""]",[],COVERED_DRAFT,DOMAIN_APPROVED,[],false,대표운동을 1순위로 유지하고 같은 family의 Variant를 fallback으로 둔다.,USER_DIRECT_REVIEW_2026_08_29,COMPLETED
exercise-catalog-v2.0.2-final,v2.0.2-context-defaults-coverage-v1.0.0,SEATED_WIDE_ANGLE_STRETCH,REX-000087,"[""REX-000087""]",GYM,REX-000087,1,REPRESENTATIVE,,시티드 와이드 앵글 스트레칭,"[""BODYWEIGHT""]",[],COVERED_DRAFT,DOMAIN_APPROVED,[],false,대표운동을 1순위로 유지하고 같은 family의 Variant를 fallback으로 둔다.,USER_DIRECT_REVIEW_2026_08_29,COMPLETED
exercise-catalog-v2.0.2-final,v2.0.2-context-defaults-coverage-v1.0.0,SEATED_WIDE_ANGLE_STRETCH,REX-000087,"[""REX-000087""]",HOME,REX-000087,1,REPRESENTATIVE,,시티드 와이드 앵글 스트레칭,"[""BODYWEIGHT""]",[],COVERED_DRAFT,DOMAIN_APPROVED,[],false,대표운동을 1순위로 유지하고 같은 family의 Variant를 fallback으로 둔다.,USER_DIRECT_REVIEW_2026_08_29,COMPLETED
exercise-catalog-v2.0.2-final,v2.0.2-context-defaults-coverage-v1.0.0,SIDE_LYING_QUADRICEPS_STRETCH,REX-000088,"[""REX-000088""]",GYM,REX-000088,1,REPRESENTATIVE,,옆으로 누워 대퇴사두근 스트레칭,"[""BODYWEIGHT""]",[],COVERED_DRAFT,DOMAIN_APPROVED,[],false,대표운동을 1순위로 유지하고 같은 family의 Variant를 fallback으로 둔다.,USER_DIRECT_REVIEW_2026_08_29,COMPLETED
exercise-catalog-v2.0.2-final,v2.0.2-context-defaults-coverage-v1.0.0,SIDE_LYING_QUADRICEPS_STRETCH,REX-000088,"[""REX-000088""]",HOME,REX-000088,1,REPRESENTATIVE,,옆으로 누워 대퇴사두근 스트레칭,"[""BODYWEIGHT""]",[],COVERED_DRAFT,DOMAIN_APPROVED,[],false,대표운동을 1순위로 유지하고 같은 family의 Variant를 fallback으로 둔다.,USER_DIRECT_REVIEW_2026_08_29,COMPLETED
exercise-catalog-v2.0.2-final,v2.0.2-context-defaults-coverage-v1.0.0,SIDE_WRIST_PULL_STRETCH,REX-000089,"[""REX-000089""]",GYM,REX-000089,1,REPRESENTATIVE,,손목 당기기 스트레칭,"[""BODYWEIGHT""]",[],COVERED_DRAFT,DOMAIN_APPROVED,[],false,대표운동을 1순위로 유지하고 같은 family의 Variant를 fallback으로 둔다.,USER_DIRECT_REVIEW_2026_08_29,COMPLETED
exercise-catalog-v2.0.2-final,v2.0.2-context-defaults-coverage-v1.0.0,SIDE_WRIST_PULL_STRETCH,REX-000089,"[""REX-000089""]",HOME,REX-000089,1,REPRESENTATIVE,,손목 당기기 스트레칭,"[""BODYWEIGHT""]",[],COVERED_DRAFT,DOMAIN_APPROVED,[],false,대표운동을 1순위로 유지하고 같은 family의 Variant를 fallback으로 둔다.,USER_DIRECT_REVIEW_2026_08_29,COMPLETED
exercise-catalog-v2.0.2-final,v2.0.2-context-defaults-coverage-v1.0.0,SPINE_STRETCH,REX-000091,"[""REX-000091""]",GYM,REX-000091,1,REPRESENTATIVE,,척추 스트레칭,"[""BODYWEIGHT""]",[],COVERED_DRAFT,DOMAIN_APPROVED,[],false,대표운동을 1순위로 유지하고 같은 family의 Variant를 fallback으로 둔다.,USER_DIRECT_REVIEW_2026_08_29,COMPLETED
exercise-catalog-v2.0.2-final,v2.0.2-context-defaults-coverage-v1.0.0,SPINE_STRETCH,REX-000091,"[""REX-000091""]",HOME,REX-000091,1,REPRESENTATIVE,,척추 스트레칭,"[""BODYWEIGHT""]",[],COVERED_DRAFT,DOMAIN_APPROVED,[],false,대표운동을 1순위로 유지하고 같은 family의 Variant를 fallback으로 둔다.,USER_DIRECT_REVIEW_2026_08_29,COMPLETED
exercise-catalog-v2.0.2-final,v2.0.2-context-defaults-coverage-v1.0.0,STANDING_HAMSTRING_CALF_STRAP_STRETCH,REX-000094,"[""REX-000094""]",GYM,REX-000094,1,REPRESENTATIVE,,스트랩 햄스트링·종아리 스트레칭,"[""STRETCH_STRAP""]",[],COVERED_DRAFT,DOMAIN_APPROVED,[],false,대표운동을 1순위로 유지하고 같은 family의 Variant를 fallback으로 둔다.,USER_DIRECT_REVIEW_2026_08_29,COMPLETED
exercise-catalog-v2.0.2-final,v2.0.2-context-defaults-coverage-v1.0.0,STANDING_HAMSTRING_CALF_STRAP_STRETCH,REX-000094,"[""REX-000094""]",HOME,,,,,,[],[],UNAVAILABLE,DOMAIN_APPROVED,"[""LOCATION_NOT_DECLARED""]",false,context default를 확정하지 않고 review/blocker로 남긴다.,USER_DIRECT_REVIEW_2026_08_29,COMPLETED
exercise-catalog-v2.0.2-final,v2.0.2-context-defaults-coverage-v1.0.0,STANDING_LATERAL_STRETCH,REX-000095,"[""REX-000095""]",GYM,REX-000095,1,REPRESENTATIVE,,서서 옆구리 스트레칭,"[""BODYWEIGHT""]",[],COVERED_DRAFT,DOMAIN_APPROVED,[],false,대표운동을 1순위로 유지하고 같은 family의 Variant를 fallback으로 둔다.,USER_DIRECT_REVIEW_2026_08_29,COMPLETED
exercise-catalog-v2.0.2-final,v2.0.2-context-defaults-coverage-v1.0.0,STANDING_LATERAL_STRETCH,REX-000095,"[""REX-000095""]",HOME,REX-000095,1,REPRESENTATIVE,,서서 옆구리 스트레칭,"[""BODYWEIGHT""]",[],COVERED_DRAFT,DOMAIN_APPROVED,[],false,대표운동을 1순위로 유지하고 같은 family의 Variant를 fallback으로 둔다.,USER_DIRECT_REVIEW_2026_08_29,COMPLETED
exercise-catalog-v2.0.2-final,v2.0.2-context-defaults-coverage-v1.0.0,TRICEPS_STRETCH,REX-000096,"[""REX-000096""]",GYM,REX-000096,1,REPRESENTATIVE,,삼두근 스트레칭,"[""BODYWEIGHT""]",[],COVERED_DRAFT,DOMAIN_APPROVED,[],false,대표운동을 1순위로 유지하고 같은 family의 Variant를 fallback으로 둔다.,USER_DIRECT_REVIEW_2026_08_29,COMPLETED
exercise-catalog-v2.0.2-final,v2.0.2-context-defaults-coverage-v1.0.0,TRICEPS_STRETCH,REX-000096,"[""REX-000096""]",HOME,REX-000096,1,REPRESENTATIVE,,삼두근 스트레칭,"[""BODYWEIGHT""]",[],COVERED_DRAFT,DOMAIN_APPROVED,[],false,대표운동을 1순위로 유지하고 같은 family의 Variant를 fallback으로 둔다.,USER_DIRECT_REVIEW_2026_08_29,COMPLETED
exercise-catalog-v2.0.2-final,v2.0.2-context-defaults-coverage-v1.0.0,UPPER_BACK_STRETCH,REX-000098,"[""REX-000098""]",GYM,REX-000098,1,REPRESENTATIVE,,상부 등 스트레칭,"[""BODYWEIGHT""]",[],COVERED_DRAFT,DOMAIN_APPROVED,[],false,대표운동을 1순위로 유지하고 같은 family의 Variant를 fallback으로 둔다.,USER_DIRECT_REVIEW_2026_08_29,COMPLETED
exercise-catalog-v2.0.2-final,v2.0.2-context-defaults-coverage-v1.0.0,UPPER_BACK_STRETCH,REX-000098,"[""REX-000098""]",HOME,REX-000098,1,REPRESENTATIVE,,상부 등 스트레칭,"[""BODYWEIGHT""]",[],COVERED_DRAFT,DOMAIN_APPROVED,[],false,대표운동을 1순위로 유지하고 같은 family의 Variant를 fallback으로 둔다.,USER_DIRECT_REVIEW_2026_08_29,COMPLETED
exercise-catalog-v2.0.2-final,v2.0.2-context-defaults-coverage-v1.0.0,WALL_CALF_STRETCH,REX-000099,"[""REX-000099""]",GYM,REX-000099,1,REPRESENTATIVE,,벽 짚고 종아리 스트레칭,"[""BODYWEIGHT""]",[],COVERED_DRAFT,DOMAIN_APPROVED,[],false,대표운동을 1순위로 유지하고 같은 family의 Variant를 fallback으로 둔다.,USER_DIRECT_REVIEW_2026_08_29,COMPLETED
exercise-catalog-v2.0.2-final,v2.0.2-context-defaults-coverage-v1.0.0,WALL_CALF_STRETCH,REX-000099,"[""REX-000099""]",HOME,REX-000099,1,REPRESENTATIVE,,벽 짚고 종아리 스트레칭,"[""BODYWEIGHT""]",[],COVERED_DRAFT,DOMAIN_APPROVED,[],false,대표운동을 1순위로 유지하고 같은 family의 Variant를 fallback으로 둔다.,USER_DIRECT_REVIEW_2026_08_29,COMPLETED
exercise-catalog-v2.0.2-final,v2.0.2-context-defaults-coverage-v1.0.0,WORLD_GREATEST_STRETCH,REX-000100,"[""REX-000100""]",GYM,REX-000100,1,REPRESENTATIVE,,월드 그레이티스트 스트레칭,"[""BODYWEIGHT""]",[],COVERED_DRAFT,DOMAIN_APPROVED,[],false,대표운동을 1순위로 유지하고 같은 family의 Variant를 fallback으로 둔다.,USER_DIRECT_REVIEW_2026_08_29,COMPLETED
exercise-catalog-v2.0.2-final,v2.0.2-context-defaults-coverage-v1.0.0,WORLD_GREATEST_STRETCH,REX-000100,"[""REX-000100""]",HOME,REX-000100,1,REPRESENTATIVE,,월드 그레이티스트 스트레칭,"[""BODYWEIGHT""]",[],COVERED_DRAFT,DOMAIN_APPROVED,[],false,대표운동을 1순위로 유지하고 같은 family의 Variant를 fallback으로 둔다.,USER_DIRECT_REVIEW_2026_08_29,COMPLETED
exercise-catalog-v2.0.2-final,v2.0.2-context-defaults-coverage-v1.0.0,WRIST_CIRCLES,REX-000101,"[""REX-000101""]",GYM,REX-000101,1,REPRESENTATIVE,,손목 돌리기,"[""BODYWEIGHT""]",[],COVERED_DRAFT,DOMAIN_APPROVED,[],false,대표운동을 1순위로 유지하고 같은 family의 Variant를 fallback으로 둔다.,USER_DIRECT_REVIEW_2026_08_29,COMPLETED
exercise-catalog-v2.0.2-final,v2.0.2-context-defaults-coverage-v1.0.0,WRIST_CIRCLES,REX-000101,"[""REX-000101""]",HOME,REX-000101,1,REPRESENTATIVE,,손목 돌리기,"[""BODYWEIGHT""]",[],COVERED_DRAFT,DOMAIN_APPROVED,[],false,대표운동을 1순위로 유지하고 같은 family의 Variant를 fallback으로 둔다.,USER_DIRECT_REVIEW_2026_08_29,COMPLETED
