candidate_exercise_id,default_exercise_id,priority_rank,fallback_candidate,record_type,variant_type_code,name_ko,stable_code,equipment_codes,location_codes,difficulty_code,review_status_code,production_eligible,catalog_version_code,family_code,representative_exercise_id,context_code
REX-000001,REX-000001,1,false,REPRESENTATIVE,,누워서 복부 수축하기,abs_core_brace_core_brace_mat,"[""MAT""]","[""HOME"",""GYM""]",BEGINNER,DOMAIN_APPROVED,false,exercise-catalog-v2.0.2-final,ABS_CORE_BRACE,REX-000001,GYM
REX-000001,REX-000001,1,false,REPRESENTATIVE,,누워서 복부 수축하기,abs_core_brace_core_brace_mat,"[""MAT""]","[""HOME"",""GYM""]",BEGINNER,DOMAIN_APPROVED,false,exercise-catalog-v2.0.2-final,ABS_CORE_BRACE,REX-000001,HOME
REX-000002,REX-000002,1,false,REPRESENTATIVE,,네발기기 대퇴사두근 스트레칭,quadruped_quadriceps_stretch_mobility_stretch_bodyweight,"[""BODYWEIGHT""]","[""HOME"",""GYM""]",INTERMEDIATE,DOMAIN_APPROVED,false,exercise-catalog-v2.0.2-final,ALL_FOURS_SQUAT_STRETCH,REX-000002,GYM
REX-000002,REX-000002,1,false,REPRESENTATIVE,,네발기기 대퇴사두근 스트레칭,quadruped_quadriceps_stretch_mobility_stretch_bodyweight,"[""BODYWEIGHT""]","[""HOME"",""GYM""]",INTERMEDIATE,DOMAIN_APPROVED,false,exercise-catalog-v2.0.2-final,ALL_FOURS_SQUAT_STRETCH,REX-000002,HOME
REX-000003,REX-000003,1,false,REPRESENTATIVE,,발목 돌리기,ankle_circles_mobility_stretch_bodyweight,"[""BODYWEIGHT""]","[""HOME"",""GYM""]",BEGINNER,DOMAIN_APPROVED,false,exercise-catalog-v2.0.2-final,ANKLE_CIRCLES,REX-000003,GYM
REX-000003,REX-000003,1,false,REPRESENTATIVE,,발목 돌리기,ankle_circles_mobility_stretch_bodyweight,"[""BODYWEIGHT""]","[""HOME"",""GYM""]",BEGINNER,DOMAIN_APPROVED,false,exercise-catalog-v2.0.2-final,ANKLE_CIRCLES,REX-000003,HOME
REX-000004,REX-000004,1,false,REPRESENTATIVE,,데드리프트,barbell_deadlift_hip_dominant_barbell,"[""BARBELL""]","[""GYM""]",INTERMEDIATE,DOMAIN_APPROVED,false,exercise-catalog-v2.0.2-final,BARBELL_DEADLIFT,REX-000004,GYM
VEX-000003,REX-000004,2,true,VARIANT,PRIMARY_VARIANT,케틀벨 스모 데드리프트,kettlebell_sumo_deadlift_hip_dominant_kettlebell,"[""KETTLEBELL""]","[""GYM""]",BEGINNER,REVIEW_REQUIRED,false,exercise-catalog-v2.0.2-final,BARBELL_DEADLIFT,REX-000004,GYM
VEX-000001,REX-000004,3,true,VARIANT,PRIMARY_VARIANT,덤벨 데드리프트,dumbbell_deadlift_hip_dominant_dumbbell,"[""DUMBBELL""]","[""HOME"",""GYM""]",INTERMEDIATE,REVIEW_REQUIRED,false,exercise-catalog-v2.0.2-final,BARBELL_DEADLIFT,REX-000004,GYM
VEX-000002,REX-000004,4,true,VARIANT,PRIMARY_VARIANT,덤벨 데드리프트,dumbbell_deadlift_hip_dominant_dumbbell_nex_000186,"[""DUMBBELL""]","[""GYM""]",INTERMEDIATE,REVIEW_REQUIRED,false,exercise-catalog-v2.0.2-final,BARBELL_DEADLIFT,REX-000004,GYM
VEX-000001,VEX-000001,1,false,VARIANT,PRIMARY_VARIANT,덤벨 데드리프트,dumbbell_deadlift_hip_dominant_dumbbell,"[""DUMBBELL""]","[""HOME"",""GYM""]",INTERMEDIATE,REVIEW_REQUIRED,false,exercise-catalog-v2.0.2-final,BARBELL_DEADLIFT,REX-000004,HOME
REX-000005,REX-000005,1,false,REPRESENTATIVE,,프론트 레이즈,barbell_front_raise_isolation_barbell,"[""BARBELL""]","[""GYM""]",BEGINNER,DOMAIN_APPROVED,false,exercise-catalog-v2.0.2-final,BARBELL_FRONT_RAISE,REX-000005,GYM
VEX-000004,REX-000005,2,true,VARIANT,PRIMARY_VARIANT,덤벨 프론트 레이즈,dumbbell_front_raise_v_2_isolation_dumbbell,"[""DUMBBELL""]","[""HOME"",""GYM""]",BEGINNER,REVIEW_REQUIRED,false,exercise-catalog-v2.0.2-final,BARBELL_FRONT_RAISE,REX-000005,GYM
VEX-000005,REX-000005,3,true,VARIANT,PRIMARY_VARIANT,덤벨 프론트 레이즈,dumbbell_front_raise_isolation_dumbbell,"[""DUMBBELL""]","[""HOME"",""GYM""]",BEGINNER,REVIEW_REQUIRED,false,exercise-catalog-v2.0.2-final,BARBELL_FRONT_RAISE,REX-000005,GYM
VEX-000006,REX-000005,4,true,VARIANT,PRIMARY_VARIANT,덤벨 시티드 교대 프론트 레이즈,dumbbell_seated_alternate_front_raise_isolation_dumbbell,"[""DUMBBELL""]","[""HOME"",""GYM""]",BEGINNER,REVIEW_REQUIRED,false,exercise-catalog-v2.0.2-final,BARBELL_FRONT_RAISE,REX-000005,GYM
VEX-000007,REX-000005,5,true,VARIANT,PRIMARY_VARIANT,밴드 프론트 레이즈,band_front_raise_isolation_resistance_band,"[""RESISTANCE_BAND""]","[""HOME"",""GYM""]",BEGINNER,REVIEW_REQUIRED,false,exercise-catalog-v2.0.2-final,BARBELL_FRONT_RAISE,REX-000005,GYM
VEX-000004,VEX-000004,1,false,VARIANT,PRIMARY_VARIANT,덤벨 프론트 레이즈,dumbbell_front_raise_v_2_isolation_dumbbell,"[""DUMBBELL""]","[""HOME"",""GYM""]",BEGINNER,REVIEW_REQUIRED,false,exercise-catalog-v2.0.2-final,BARBELL_FRONT_RAISE,REX-000005,HOME
VEX-000005,VEX-000004,2,true,VARIANT,PRIMARY_VARIANT,덤벨 프론트 레이즈,dumbbell_front_raise_isolation_dumbbell,"[""DUMBBELL""]","[""HOME"",""GYM""]",BEGINNER,REVIEW_REQUIRED,false,exercise-catalog-v2.0.2-final,BARBELL_FRONT_RAISE,REX-000005,HOME
VEX-000006,VEX-000004,3,true,VARIANT,PRIMARY_VARIANT,덤벨 시티드 교대 프론트 레이즈,dumbbell_seated_alternate_front_raise_isolation_dumbbell,"[""DUMBBELL""]","[""HOME"",""GYM""]",BEGINNER,REVIEW_REQUIRED,false,exercise-catalog-v2.0.2-final,BARBELL_FRONT_RAISE,REX-000005,HOME
VEX-000007,VEX-000004,4,true,VARIANT,PRIMARY_VARIANT,밴드 프론트 레이즈,band_front_raise_isolation_resistance_band,"[""RESISTANCE_BAND""]","[""HOME"",""GYM""]",BEGINNER,REVIEW_REQUIRED,false,exercise-catalog-v2.0.2-final,BARBELL_FRONT_RAISE,REX-000005,HOME
REX-000006,REX-000006,1,false,REPRESENTATIVE,,풀오버,barbell_pullover_isolation_barbell,"[""BARBELL""]","[""GYM""]",INTERMEDIATE,DOMAIN_APPROVED,false,exercise-catalog-v2.0.2-final,BARBELL_PULLOVER,REX-000006,GYM
REX-000105,REX-000006,2,true,VARIANT,PRIMARY_VARIANT,케이블 라잉 익스텐션 풀오버,cable_lying_extension_pullover_with_rope_attachment_isolation_cable_machine,"[""CABLE_MACHINE"",""STRETCH_STRAP""]","[""GYM""]",INTERMEDIATE,REVIEW_REQUIRED,false,exercise-catalog-v2.0.2-final,BARBELL_PULLOVER,REX-000006,GYM
VEX-000008,REX-000006,3,true,VARIANT,PRIMARY_VARIANT,바벨 디클라인 와이드그립 풀오버,barbell_decline_wide_grip_pullover_isolation_barbell,"[""BARBELL""]","[""GYM""]",INTERMEDIATE,REVIEW_REQUIRED,false,exercise-catalog-v2.0.2-final,BARBELL_PULLOVER,REX-000006,GYM
REX-000007,REX-000007,1,false,REPRESENTATIVE,,루마니안 데드리프트,barbell_straight_leg_deadlift_hip_dominant_barbell,"[""BARBELL""]","[""GYM""]",INTERMEDIATE,DOMAIN_APPROVED,false,exercise-catalog-v2.0.2-final,BARBELL_STRAIGHT_LEG_DEADLIFT,REX-000007,GYM
VEX-000009,REX-000007,2,true,VARIANT,PRIMARY_VARIANT,덤벨 스티프 레그 데드리프트,dumbbell_stiff_leg_deadlift_hip_dominant_dumbbell,"[""DUMBBELL""]","[""HOME"",""GYM""]",INTERMEDIATE,REVIEW_REQUIRED,false,exercise-catalog-v2.0.2-final,BARBELL_STRAIGHT_LEG_DEADLIFT,REX-000007,GYM
VEX-000010,REX-000007,3,true,VARIANT,PRIMARY_VARIANT,덤벨 스트레이트 레그 데드리프트,dumbbell_straight_leg_deadlift_hip_dominant_dumbbell,"[""DUMBBELL""]","[""HOME"",""GYM""]",INTERMEDIATE,REVIEW_REQUIRED,false,exercise-catalog-v2.0.2-final,BARBELL_STRAIGHT_LEG_DEADLIFT,REX-000007,GYM
VEX-000011,REX-000007,4,true,VARIANT,PRIMARY_VARIANT,밴드 스티프 레그 데드리프트,band_stiff_leg_deadlift_hip_dominant_resistance_band,"[""RESISTANCE_BAND""]","[""HOME"",""GYM""]",INTERMEDIATE,REVIEW_REQUIRED,false,exercise-catalog-v2.0.2-final,BARBELL_STRAIGHT_LEG_DEADLIFT,REX-000007,GYM
VEX-000012,REX-000007,5,true,VARIANT,PRIMARY_VARIANT,밴드 스트레이트 등 스티프 레그 데드리프트,band_straight_back_stiff_leg_deadlift_hip_dominant_resistance_band,"[""RESISTANCE_BAND""]","[""HOME"",""GYM""]",INTERMEDIATE,REVIEW_REQUIRED,false,exercise-catalog-v2.0.2-final,BARBELL_STRAIGHT_LEG_DEADLIFT,REX-000007,GYM
VEX-000013,REX-000007,6,true,VARIANT,PRIMARY_VARIANT,덤벨 루마니안 데드리프트,dumbbell_romanian_deadlift_hip_dominant_dumbbell,"[""DUMBBELL""]","[""GYM""]",INTERMEDIATE,REVIEW_REQUIRED,false,exercise-catalog-v2.0.2-final,BARBELL_STRAIGHT_LEG_DEADLIFT,REX-000007,GYM
VEX-000014,REX-000007,7,true,VARIANT,PRIMARY_VARIANT,루마니안 데드리프트,romanian_deadlift_hip_dominant_barbell,"[""BARBELL""]","[""GYM""]",INTERMEDIATE,REVIEW_REQUIRED,false,exercise-catalog-v2.0.2-final,BARBELL_STRAIGHT_LEG_DEADLIFT,REX-000007,GYM
VEX-000009,VEX-000009,1,false,VARIANT,PRIMARY_VARIANT,덤벨 스티프 레그 데드리프트,dumbbell_stiff_leg_deadlift_hip_dominant_dumbbell,"[""DUMBBELL""]","[""HOME"",""GYM""]",INTERMEDIATE,REVIEW_REQUIRED,false,exercise-catalog-v2.0.2-final,BARBELL_STRAIGHT_LEG_DEADLIFT,REX-000007,HOME
VEX-000010,VEX-000009,2,true,VARIANT,PRIMARY_VARIANT,덤벨 스트레이트 레그 데드리프트,dumbbell_straight_leg_deadlift_hip_dominant_dumbbell,"[""DUMBBELL""]","[""HOME"",""GYM""]",INTERMEDIATE,REVIEW_REQUIRED,false,exercise-catalog-v2.0.2-final,BARBELL_STRAIGHT_LEG_DEADLIFT,REX-000007,HOME
VEX-000011,VEX-000009,3,true,VARIANT,PRIMARY_VARIANT,밴드 스티프 레그 데드리프트,band_stiff_leg_deadlift_hip_dominant_resistance_band,"[""RESISTANCE_BAND""]","[""HOME"",""GYM""]",INTERMEDIATE,REVIEW_REQUIRED,false,exercise-catalog-v2.0.2-final,BARBELL_STRAIGHT_LEG_DEADLIFT,REX-000007,HOME
VEX-000012,VEX-000009,4,true,VARIANT,PRIMARY_VARIANT,밴드 스트레이트 등 스티프 레그 데드리프트,band_straight_back_stiff_leg_deadlift_hip_dominant_resistance_band,"[""RESISTANCE_BAND""]","[""HOME"",""GYM""]",INTERMEDIATE,REVIEW_REQUIRED,false,exercise-catalog-v2.0.2-final,BARBELL_STRAIGHT_LEG_DEADLIFT,REX-000007,HOME
REX-000008,REX-000008,1,false,REPRESENTATIVE,,백 익스텐션,bodyweight_back_extension_hip_dominant_bodyweight,"[""BODYWEIGHT""]","[""HOME"",""GYM""]",INTERMEDIATE,DOMAIN_APPROVED,false,exercise-catalog-v2.0.2-final,BODYWEIGHT_BACK_EXTENSION,REX-000008,GYM
REX-000008,REX-000008,1,false,REPRESENTATIVE,,백 익스텐션,bodyweight_back_extension_hip_dominant_bodyweight,"[""BODYWEIGHT""]","[""HOME"",""GYM""]",INTERMEDIATE,DOMAIN_APPROVED,false,exercise-catalog-v2.0.2-final,BODYWEIGHT_BACK_EXTENSION,REX-000008,HOME
REX-000009,REX-000009,1,false,REPRESENTATIVE,,크런치,bodyweight_crunch_core_brace_bodyweight,"[""BODYWEIGHT""]","[""HOME"",""GYM""]",BEGINNER,DOMAIN_APPROVED,false,exercise-catalog-v2.0.2-final,BODYWEIGHT_CRUNCH,REX-000009,GYM
VEX-000015,REX-000009,2,true,VARIANT,PRIMARY_VARIANT,디클라인 크런치,decline_crunch_core_brace_bodyweight,"[""BODYWEIGHT""]","[""HOME"",""GYM""]",INTERMEDIATE,REVIEW_REQUIRED,false,exercise-catalog-v2.0.2-final,BODYWEIGHT_CRUNCH,REX-000009,GYM
REX-000009,REX-000009,1,false,REPRESENTATIVE,,크런치,bodyweight_crunch_core_brace_bodyweight,"[""BODYWEIGHT""]","[""HOME"",""GYM""]",BEGINNER,DOMAIN_APPROVED,false,exercise-catalog-v2.0.2-final,BODYWEIGHT_CRUNCH,REX-000009,HOME
VEX-000015,REX-000009,2,true,VARIANT,PRIMARY_VARIANT,디클라인 크런치,decline_crunch_core_brace_bodyweight,"[""BODYWEIGHT""]","[""HOME"",""GYM""]",INTERMEDIATE,REVIEW_REQUIRED,false,exercise-catalog-v2.0.2-final,BODYWEIGHT_CRUNCH,REX-000009,HOME
REX-000010,REX-000010,1,false,REPRESENTATIVE,,포워드 런지,bodyweight_forward_lunge_knee_dominant_bodyweight,"[""BODYWEIGHT""]","[""HOME"",""GYM""]",BEGINNER,DOMAIN_APPROVED,false,exercise-catalog-v2.0.2-final,BODYWEIGHT_FORWARD_LUNGE,REX-000010,GYM
VEX-000016,REX-000010,2,true,VARIANT,PRIMARY_VARIANT,덤벨 런지,dumbbell_lunge_knee_dominant_dumbbell,"[""DUMBBELL""]","[""HOME"",""GYM""]",INTERMEDIATE,REVIEW_REQUIRED,false,exercise-catalog-v2.0.2-final,BODYWEIGHT_FORWARD_LUNGE,REX-000010,GYM
VEX-000017,REX-000010,3,true,VARIANT,PRIMARY_VARIANT,덤벨 런지,dumbbell_rear_lunge_knee_dominant_dumbbell,"[""DUMBBELL""]","[""HOME"",""GYM""]",INTERMEDIATE,REVIEW_REQUIRED,false,exercise-catalog-v2.0.2-final,BODYWEIGHT_FORWARD_LUNGE,REX-000010,GYM
VEX-000018,REX-000010,4,true,VARIANT,PRIMARY_VARIANT,워킹 런지,walking_lunge_knee_dominant_bodyweight,"[""BODYWEIGHT""]","[""HOME"",""GYM""]",INTERMEDIATE,REVIEW_REQUIRED,false,exercise-catalog-v2.0.2-final,BODYWEIGHT_FORWARD_LUNGE,REX-000010,GYM
VEX-000019,REX-000010,5,true,VARIANT,PRIMARY_VARIANT,덤벨 크로스 런지,dumbbell_contralateral_forward_lunge_knee_dominant_dumbbell,"[""DUMBBELL""]","[""HOME"",""GYM""]",INTERMEDIATE,REVIEW_REQUIRED,false,exercise-catalog-v2.0.2-final,BODYWEIGHT_FORWARD_LUNGE,REX-000010,GYM
REX-000010,REX-000010,1,false,REPRESENTATIVE,,포워드 런지,bodyweight_forward_lunge_knee_dominant_bodyweight,"[""BODYWEIGHT""]","[""HOME"",""GYM""]",BEGINNER,DOMAIN_APPROVED,false,exercise-catalog-v2.0.2-final,BODYWEIGHT_FORWARD_LUNGE,REX-000010,HOME
VEX-000016,REX-000010,2,true,VARIANT,PRIMARY_VARIANT,덤벨 런지,dumbbell_lunge_knee_dominant_dumbbell,"[""DUMBBELL""]","[""HOME"",""GYM""]",INTERMEDIATE,REVIEW_REQUIRED,false,exercise-catalog-v2.0.2-final,BODYWEIGHT_FORWARD_LUNGE,REX-000010,HOME
VEX-000017,REX-000010,3,true,VARIANT,PRIMARY_VARIANT,덤벨 런지,dumbbell_rear_lunge_knee_dominant_dumbbell,"[""DUMBBELL""]","[""HOME"",""GYM""]",INTERMEDIATE,REVIEW_REQUIRED,false,exercise-catalog-v2.0.2-final,BODYWEIGHT_FORWARD_LUNGE,REX-000010,HOME
VEX-000018,REX-000010,4,true,VARIANT,PRIMARY_VARIANT,워킹 런지,walking_lunge_knee_dominant_bodyweight,"[""BODYWEIGHT""]","[""HOME"",""GYM""]",INTERMEDIATE,REVIEW_REQUIRED,false,exercise-catalog-v2.0.2-final,BODYWEIGHT_FORWARD_LUNGE,REX-000010,HOME
VEX-000019,REX-000010,5,true,VARIANT,PRIMARY_VARIANT,덤벨 크로스 런지,dumbbell_contralateral_forward_lunge_knee_dominant_dumbbell,"[""DUMBBELL""]","[""HOME"",""GYM""]",INTERMEDIATE,REVIEW_REQUIRED,false,exercise-catalog-v2.0.2-final,BODYWEIGHT_FORWARD_LUNGE,REX-000010,HOME
REX-000011,REX-000011,1,false,REPRESENTATIVE,,글루트 브리지,bodyweight_glute_bridge_hip_dominant_bodyweight,"[""BODYWEIGHT""]","[""HOME"",""GYM""]",BEGINNER,DOMAIN_APPROVED,false,exercise-catalog-v2.0.2-final,BODYWEIGHT_GLUTE_BRIDGE,REX-000011,GYM
REX-000011,REX-000011,1,false,REPRESENTATIVE,,글루트 브리지,bodyweight_glute_bridge_hip_dominant_bodyweight,"[""BODYWEIGHT""]","[""HOME"",""GYM""]",BEGINNER,DOMAIN_APPROVED,false,exercise-catalog-v2.0.2-final,BODYWEIGHT_GLUTE_BRIDGE,REX-000011,HOME
REX-000012,REX-000012,1,false,REPRESENTATIVE,,풀업,bodyweight_pull_up_biceps_vertical_pull_bodyweight_pull_up_bar,"[""BODYWEIGHT"",""PULL_UP_BAR""]","[""GYM""]",INTERMEDIATE,DOMAIN_APPROVED,false,exercise-catalog-v2.0.2-final,BODYWEIGHT_PULL_UP_BICEPS,REX-000012,GYM
REX-000013,REX-000013,1,false,REPRESENTATIVE,,리버스 크런치,bodyweight_reverse_crunch_core_brace_bodyweight,"[""BODYWEIGHT""]","[""HOME"",""GYM""]",INTERMEDIATE,DOMAIN_APPROVED,false,exercise-catalog-v2.0.2-final,BODYWEIGHT_REVERSE_CRUNCH,REX-000013,GYM
VEX-000020,REX-000013,2,true,VARIANT,PRIMARY_VARIANT,케이블 턱 리버스 크런치,cable_tuck_reverse_crunch_core_brace_cable_machine,"[""CABLE_MACHINE""]","[""GYM""]",INTERMEDIATE,REVIEW_REQUIRED,false,exercise-catalog-v2.0.2-final,BODYWEIGHT_REVERSE_CRUNCH,REX-000013,GYM
VEX-000021,REX-000013,3,true,VARIANT,PRIMARY_VARIANT,서스펜디드 리버스 크런치,suspended_reverse_crunch_core_brace_bodyweight_stretch_strap,"[""BODYWEIGHT"",""STRETCH_STRAP""]","[""GYM""]",INTERMEDIATE,REVIEW_REQUIRED,false,exercise-catalog-v2.0.2-final,BODYWEIGHT_REVERSE_CRUNCH,REX-000013,GYM
VEX-000022,REX-000013,4,true,VARIANT,PRIMARY_VARIANT,케이블 리버스 크런치,cable_reverse_crunch_core_brace_cable_machine,"[""CABLE_MACHINE""]","[""GYM""]",INTERMEDIATE,REVIEW_REQUIRED,false,exercise-catalog-v2.0.2-final,BODYWEIGHT_REVERSE_CRUNCH,REX-000013,GYM
VEX-000023,REX-000013,5,true,VARIANT,PRIMARY_VARIANT,폼롤러 리버스 크런치,roller_reverse_crunch_core_brace_foam_roller,"[""FOAM_ROLLER""]","[""HOME"",""GYM""]",INTERMEDIATE,REVIEW_REQUIRED,false,exercise-catalog-v2.0.2-final,BODYWEIGHT_REVERSE_CRUNCH,REX-000013,GYM
REX-000013,REX-000013,1,false,REPRESENTATIVE,,리버스 크런치,bodyweight_reverse_crunch_core_brace_bodyweight,"[""BODYWEIGHT""]","[""HOME"",""GYM""]",INTERMEDIATE,DOMAIN_APPROVED,false,exercise-catalog-v2.0.2-final,BODYWEIGHT_REVERSE_CRUNCH,REX-000013,HOME
VEX-000023,REX-000013,2,true,VARIANT,PRIMARY_VARIANT,폼롤러 리버스 크런치,roller_reverse_crunch_core_brace_foam_roller,"[""FOAM_ROLLER""]","[""HOME"",""GYM""]",INTERMEDIATE,REVIEW_REQUIRED,false,exercise-catalog-v2.0.2-final,BODYWEIGHT_REVERSE_CRUNCH,REX-000013,HOME
REX-000014,REX-000014,1,false,REPRESENTATIVE,,러시안 트위스트,bodyweight_russian_twist_core_brace_bodyweight,"[""BODYWEIGHT""]","[""HOME"",""GYM""]",INTERMEDIATE,DOMAIN_APPROVED,false,exercise-catalog-v2.0.2-final,BODYWEIGHT_RUSSIAN_TWIST,REX-000014,GYM
VEX-000024,REX-000014,2,true,VARIANT,PRIMARY_VARIANT,중량 러시안 트위스트(바닥 터치),weighted_russian_twist_core_brace_household_weight,"[""HOUSEHOLD_WEIGHT""]","[""GYM""]",INTERMEDIATE,REVIEW_REQUIRED,false,exercise-catalog-v2.0.2-final,BODYWEIGHT_RUSSIAN_TWIST,REX-000014,GYM
VEX-000025,REX-000014,3,true,VARIANT,PRIMARY_VARIANT,중량 러시안 트위스트,weighted_russian_twist_v_2_core_brace_household_weight,"[""HOUSEHOLD_WEIGHT""]","[""GYM""]",INTERMEDIATE,REVIEW_REQUIRED,false,exercise-catalog-v2.0.2-final,BODYWEIGHT_RUSSIAN_TWIST,REX-000014,GYM
REX-000014,REX-000014,1,false,REPRESENTATIVE,,러시안 트위스트,bodyweight_russian_twist_core_brace_bodyweight,"[""BODYWEIGHT""]","[""HOME"",""GYM""]",INTERMEDIATE,DOMAIN_APPROVED,false,exercise-catalog-v2.0.2-final,BODYWEIGHT_RUSSIAN_TWIST,REX-000014,HOME
REX-000015,REX-000015,1,false,REPRESENTATIVE,,스플릿 스쿼트,bodyweight_split_squat_knee_dominant_bodyweight,"[""BODYWEIGHT""]","[""HOME"",""GYM""]",INTERMEDIATE,DOMAIN_APPROVED,false,exercise-catalog-v2.0.2-final,BODYWEIGHT_SPLIT_SQUAT,REX-000015,GYM
REX-000015,REX-000015,1,false,REPRESENTATIVE,,스플릿 스쿼트,bodyweight_split_squat_knee_dominant_bodyweight,"[""BODYWEIGHT""]","[""HOME"",""GYM""]",INTERMEDIATE,DOMAIN_APPROVED,false,exercise-catalog-v2.0.2-final,BODYWEIGHT_SPLIT_SQUAT,REX-000015,HOME
REX-000016,REX-000016,1,false,REPRESENTATIVE,,스탠딩 카프 레이즈,bodyweight_standing_calf_raise_isolation_bodyweight,"[""BODYWEIGHT""]","[""HOME"",""GYM""]",BEGINNER,DOMAIN_APPROVED,false,exercise-catalog-v2.0.2-final,BODYWEIGHT_STANDING_CALF_RAISE,REX-000016,GYM
VEX-000026,REX-000016,2,true,VARIANT,PRIMARY_VARIANT,덤벨 싱글 레그 카프 레이즈,dumbbell_single_leg_calf_raise_isolation_dumbbell,"[""DUMBBELL""]","[""HOME"",""GYM""]",INTERMEDIATE,REVIEW_REQUIRED,false,exercise-catalog-v2.0.2-final,BODYWEIGHT_STANDING_CALF_RAISE,REX-000016,GYM
VEX-000027,REX-000016,3,true,VARIANT,PRIMARY_VARIANT,밴드 싱글 레그 카프 레이즈,band_single_leg_calf_raise_isolation_resistance_band,"[""RESISTANCE_BAND""]","[""HOME"",""GYM""]",INTERMEDIATE,REVIEW_REQUIRED,false,exercise-catalog-v2.0.2-final,BODYWEIGHT_STANDING_CALF_RAISE,REX-000016,GYM
VEX-000028,REX-000016,4,true,VARIANT,PRIMARY_VARIANT,한발 카프 레이즈,one_leg_floor_calf_raise_isolation_bodyweight,"[""BODYWEIGHT""]","[""HOME"",""GYM""]",INTERMEDIATE,REVIEW_REQUIRED,false,exercise-catalog-v2.0.2-final,BODYWEIGHT_STANDING_CALF_RAISE,REX-000016,GYM
REX-000016,REX-000016,1,false,REPRESENTATIVE,,스탠딩 카프 레이즈,bodyweight_standing_calf_raise_isolation_bodyweight,"[""BODYWEIGHT""]","[""HOME"",""GYM""]",BEGINNER,DOMAIN_APPROVED,false,exercise-catalog-v2.0.2-final,BODYWEIGHT_STANDING_CALF_RAISE,REX-000016,HOME
VEX-000026,REX-000016,2,true,VARIANT,PRIMARY_VARIANT,덤벨 싱글 레그 카프 레이즈,dumbbell_single_leg_calf_raise_isolation_dumbbell,"[""DUMBBELL""]","[""HOME"",""GYM""]",INTERMEDIATE,REVIEW_REQUIRED,false,exercise-catalog-v2.0.2-final,BODYWEIGHT_STANDING_CALF_RAISE,REX-000016,HOME
VEX-000027,REX-000016,3,true,VARIANT,PRIMARY_VARIANT,밴드 싱글 레그 카프 레이즈,band_single_leg_calf_raise_isolation_resistance_band,"[""RESISTANCE_BAND""]","[""HOME"",""GYM""]",INTERMEDIATE,REVIEW_REQUIRED,false,exercise-catalog-v2.0.2-final,BODYWEIGHT_STANDING_CALF_RAISE,REX-000016,HOME
VEX-000028,REX-000016,4,true,VARIANT,PRIMARY_VARIANT,한발 카프 레이즈,one_leg_floor_calf_raise_isolation_bodyweight,"[""BODYWEIGHT""]","[""HOME"",""GYM""]",INTERMEDIATE,REVIEW_REQUIRED,false,exercise-catalog-v2.0.2-final,BODYWEIGHT_STANDING_CALF_RAISE,REX-000016,HOME
REX-000017,REX-000017,1,false,REPRESENTATIVE,,버터플라이 스트레칭,butterfly_adductor_stretch_mobility_stretch_bodyweight,"[""BODYWEIGHT""]","[""HOME"",""GYM""]",BEGINNER,DOMAIN_APPROVED,false,exercise-catalog-v2.0.2-final,BUTTERFLY_ADDUCTOR_STRETCH,REX-000017,GYM
REX-000017,REX-000017,1,false,REPRESENTATIVE,,버터플라이 스트레칭,butterfly_adductor_stretch_mobility_stretch_bodyweight,"[""BODYWEIGHT""]","[""HOME"",""GYM""]",BEGINNER,DOMAIN_APPROVED,false,exercise-catalog-v2.0.2-final,BUTTERFLY_ADDUCTOR_STRETCH,REX-000017,HOME
REX-000018,REX-000018,1,false,REPRESENTATIVE,,케이블 플라이,cable_fly_isolation_cable_machine,"[""CABLE_MACHINE""]","[""GYM""]",INTERMEDIATE,DOMAIN_APPROVED,false,exercise-catalog-v2.0.2-final,CABLE_FLY,REX-000018,GYM
VEX-000029,REX-000018,2,true,VARIANT,PRIMARY_VARIANT,케이블 디클라인 플라이,cable_decline_fly_isolation_cable_machine,"[""CABLE_MACHINE""]","[""GYM""]",INTERMEDIATE,REVIEW_REQUIRED,false,exercise-catalog-v2.0.2-final,CABLE_FLY,REX-000018,GYM
VEX-000030,REX-000018,3,true,VARIANT,PRIMARY_VARIANT,케이블 인클라인 플라이,cable_incline_fly_isolation_cable_machine,"[""CABLE_MACHINE""]","[""GYM""]",INTERMEDIATE,REVIEW_REQUIRED,false,exercise-catalog-v2.0.2-final,CABLE_FLY,REX-000018,GYM
VEX-000031,REX-000018,4,true,VARIANT,PRIMARY_VARIANT,케이블 라잉 플라이,cable_lying_fly_isolation_cable_machine,"[""CABLE_MACHINE""]","[""GYM""]",INTERMEDIATE,REVIEW_REQUIRED,false,exercise-catalog-v2.0.2-final,CABLE_FLY,REX-000018,GYM
REX-000019,REX-000019,1,false,REPRESENTATIVE,,케이블 트라이셉스 푸시다운,cable_triceps_pushdown_isolation_cable_machine,"[""CABLE_MACHINE""]","[""GYM""]",INTERMEDIATE,DOMAIN_APPROVED,false,exercise-catalog-v2.0.2-final,CABLE_TRICEPS_PUSHDOWN,REX-000019,GYM
REX-000020,REX-000020,1,false,REPRESENTATIVE,,시티드 레그 익스텐션 스트레칭,chair_leg_extended_stretch_mobility_stretch_bodyweight,"[""BODYWEIGHT""]","[""HOME"",""GYM""]",BEGINNER,DOMAIN_APPROVED,false,exercise-catalog-v2.0.2-final,CHAIR_LEG_EXTENDED_STRETCH,REX-000020,GYM
REX-000020,REX-000020,1,false,REPRESENTATIVE,,시티드 레그 익스텐션 스트레칭,chair_leg_extended_stretch_mobility_stretch_bodyweight,"[""BODYWEIGHT""]","[""HOME"",""GYM""]",BEGINNER,DOMAIN_APPROVED,false,exercise-catalog-v2.0.2-final,CHAIR_LEG_EXTENDED_STRETCH,REX-000020,HOME
REX-000021,REX-000021,1,false,REPRESENTATIVE,,가슴·어깨 앞면 스트레칭,chest_front_shoulder_stretch_mobility_stretch_bodyweight,"[""BODYWEIGHT""]","[""HOME"",""GYM""]",BEGINNER,DOMAIN_APPROVED,false,exercise-catalog-v2.0.2-final,CHEST_FRONT_SHOULDER_STRETCH,REX-000021,GYM
REX-000021,REX-000021,1,false,REPRESENTATIVE,,가슴·어깨 앞면 스트레칭,chest_front_shoulder_stretch_mobility_stretch_bodyweight,"[""BODYWEIGHT""]","[""HOME"",""GYM""]",BEGINNER,DOMAIN_APPROVED,false,exercise-catalog-v2.0.2-final,CHEST_FRONT_SHOULDER_STRETCH,REX-000021,HOME
REX-000022,REX-000022,1,false,REPRESENTATIVE,,클로즈 그립 푸시업,close_grip_push_up_horizontal_push_bodyweight,"[""BODYWEIGHT""]","[""HOME"",""GYM""]",BEGINNER,DOMAIN_APPROVED,false,exercise-catalog-v2.0.2-final,CLOSE_GRIP_PUSH_UP,REX-000022,GYM
REX-000022,REX-000022,1,false,REPRESENTATIVE,,클로즈 그립 푸시업,close_grip_push_up_horizontal_push_bodyweight,"[""BODYWEIGHT""]","[""HOME"",""GYM""]",BEGINNER,DOMAIN_APPROVED,false,exercise-catalog-v2.0.2-final,CLOSE_GRIP_PUSH_UP,REX-000022,HOME
REX-000023,REX-000023,1,false,REPRESENTATIVE,,사이드 크런치,crunch_variant_core_brace_bodyweight,"[""BODYWEIGHT""]","[""HOME"",""GYM""]",INTERMEDIATE,DOMAIN_APPROVED,false,exercise-catalog-v2.0.2-final,CRUNCH_VARIANT,REX-000023,GYM
REX-000023,REX-000023,1,false,REPRESENTATIVE,,사이드 크런치,crunch_variant_core_brace_bodyweight,"[""BODYWEIGHT""]","[""HOME"",""GYM""]",INTERMEDIATE,DOMAIN_APPROVED,false,exercise-catalog-v2.0.2-final,CRUNCH_VARIANT,REX-000023,HOME
REX-000024,REX-000024,1,false,REPRESENTATIVE,,데드버그,dead_bug_core_brace_bodyweight,"[""BODYWEIGHT""]","[""HOME"",""GYM""]",BEGINNER,DOMAIN_APPROVED,false,exercise-catalog-v2.0.2-final,DEAD_BUG,REX-000024,GYM
REX-000024,REX-000024,1,false,REPRESENTATIVE,,데드버그,dead_bug_core_brace_bodyweight,"[""BODYWEIGHT""]","[""HOME"",""GYM""]",BEGINNER,DOMAIN_APPROVED,false,exercise-catalog-v2.0.2-final,DEAD_BUG,REX-000024,HOME
REX-000025,REX-000025,1,false,REPRESENTATIVE,,고블릿 스쿼트,dumbbell_goblet_squat_knee_dominant_dumbbell,"[""DUMBBELL""]","[""HOME"",""GYM""]",BEGINNER,DOMAIN_APPROVED,false,exercise-catalog-v2.0.2-final,DUMBBELL_GOBLET_SQUAT,REX-000025,GYM
REX-000025,REX-000025,1,false,REPRESENTATIVE,,고블릿 스쿼트,dumbbell_goblet_squat_knee_dominant_dumbbell,"[""DUMBBELL""]","[""HOME"",""GYM""]",BEGINNER,DOMAIN_APPROVED,false,exercise-catalog-v2.0.2-final,DUMBBELL_GOBLET_SQUAT,REX-000025,HOME
REX-000026,REX-000026,1,false,REPRESENTATIVE,,레터럴 레이즈,dumbbell_lateral_raise_isolation_dumbbell,"[""DUMBBELL""]","[""HOME"",""GYM""]",BEGINNER,DOMAIN_APPROVED,false,exercise-catalog-v2.0.2-final,DUMBBELL_LATERAL_RAISE,REX-000026,GYM
VEX-000032,REX-000026,2,true,VARIANT,PRIMARY_VARIANT,밴드 프론트 레터럴 레이즈,band_front_lateral_raise_isolation_resistance_band,"[""RESISTANCE_BAND""]","[""HOME"",""GYM""]",BEGINNER,REVIEW_REQUIRED,false,exercise-catalog-v2.0.2-final,DUMBBELL_LATERAL_RAISE,REX-000026,GYM
REX-000026,REX-000026,1,false,REPRESENTATIVE,,레터럴 레이즈,dumbbell_lateral_raise_isolation_dumbbell,"[""DUMBBELL""]","[""HOME"",""GYM""]",BEGINNER,DOMAIN_APPROVED,false,exercise-catalog-v2.0.2-final,DUMBBELL_LATERAL_RAISE,REX-000026,HOME
VEX-000032,REX-000026,2,true,VARIANT,PRIMARY_VARIANT,밴드 프론트 레터럴 레이즈,band_front_lateral_raise_isolation_resistance_band,"[""RESISTANCE_BAND""]","[""HOME"",""GYM""]",BEGINNER,REVIEW_REQUIRED,false,exercise-catalog-v2.0.2-final,DUMBBELL_LATERAL_RAISE,REX-000026,HOME
REX-000027,REX-000027,1,false,REPRESENTATIVE,,프리처 컬,dumbbell_preacher_curl_isolation_dumbbell,"[""DUMBBELL""]","[""HOME"",""GYM""]",BEGINNER,DOMAIN_APPROVED,false,exercise-catalog-v2.0.2-final,DUMBBELL_PREACHER_CURL,REX-000027,GYM
VEX-000033,REX-000027,2,true,VARIANT,PRIMARY_VARIANT,덤벨 시티드 프리처 컬,dumbbell_seated_preacher_curl_isolation_dumbbell,"[""DUMBBELL""]","[""HOME"",""GYM""]",BEGINNER,REVIEW_REQUIRED,false,exercise-catalog-v2.0.2-final,DUMBBELL_PREACHER_CURL,REX-000027,GYM
VEX-000034,REX-000027,3,true,VARIANT,PRIMARY_VARIANT,덤벨 스탠딩 프리처 컬,dumbbell_standing_preacher_curl_isolation_dumbbell,"[""DUMBBELL""]","[""HOME"",""GYM""]",BEGINNER,REVIEW_REQUIRED,false,exercise-catalog-v2.0.2-final,DUMBBELL_PREACHER_CURL,REX-000027,GYM
VEX-000035,REX-000027,4,true,VARIANT,PRIMARY_VARIANT,덤벨 프리처 컬,dumbbell_alternate_preacher_curl_isolation_dumbbell,"[""DUMBBELL""]","[""HOME"",""GYM""]",BEGINNER,REVIEW_REQUIRED,false,exercise-catalog-v2.0.2-final,DUMBBELL_PREACHER_CURL,REX-000027,GYM
VEX-000036,REX-000027,5,true,VARIANT,PRIMARY_VARIANT,덤벨 스탠딩 조트만 프리처 컬,dumbbell_standing_zottman_preacher_curl_isolation_dumbbell,"[""DUMBBELL""]","[""HOME"",""GYM""]",INTERMEDIATE,REVIEW_REQUIRED,false,exercise-catalog-v2.0.2-final,DUMBBELL_PREACHER_CURL,REX-000027,GYM
REX-000027,REX-000027,1,false,REPRESENTATIVE,,프리처 컬,dumbbell_preacher_curl_isolation_dumbbell,"[""DUMBBELL""]","[""HOME"",""GYM""]",BEGINNER,DOMAIN_APPROVED,false,exercise-catalog-v2.0.2-final,DUMBBELL_PREACHER_CURL,REX-000027,HOME
VEX-000033,REX-000027,2,true,VARIANT,PRIMARY_VARIANT,덤벨 시티드 프리처 컬,dumbbell_seated_preacher_curl_isolation_dumbbell,"[""DUMBBELL""]","[""HOME"",""GYM""]",BEGINNER,REVIEW_REQUIRED,false,exercise-catalog-v2.0.2-final,DUMBBELL_PREACHER_CURL,REX-000027,HOME
VEX-000034,REX-000027,3,true,VARIANT,PRIMARY_VARIANT,덤벨 스탠딩 프리처 컬,dumbbell_standing_preacher_curl_isolation_dumbbell,"[""DUMBBELL""]","[""HOME"",""GYM""]",BEGINNER,REVIEW_REQUIRED,false,exercise-catalog-v2.0.2-final,DUMBBELL_PREACHER_CURL,REX-000027,HOME
VEX-000035,REX-000027,4,true,VARIANT,PRIMARY_VARIANT,덤벨 프리처 컬,dumbbell_alternate_preacher_curl_isolation_dumbbell,"[""DUMBBELL""]","[""HOME"",""GYM""]",BEGINNER,REVIEW_REQUIRED,false,exercise-catalog-v2.0.2-final,DUMBBELL_PREACHER_CURL,REX-000027,HOME
VEX-000036,REX-000027,5,true,VARIANT,PRIMARY_VARIANT,덤벨 스탠딩 조트만 프리처 컬,dumbbell_standing_zottman_preacher_curl_isolation_dumbbell,"[""DUMBBELL""]","[""HOME"",""GYM""]",INTERMEDIATE,REVIEW_REQUIRED,false,exercise-catalog-v2.0.2-final,DUMBBELL_PREACHER_CURL,REX-000027,HOME
REX-000028,REX-000028,1,false,REPRESENTATIVE,,리어 델트 플라이,dumbbell_rear_fly_isolation_dumbbell,"[""DUMBBELL""]","[""HOME"",""GYM""]",BEGINNER,DOMAIN_APPROVED,false,exercise-catalog-v2.0.2-final,DUMBBELL_REAR_FLY,REX-000028,GYM
REX-000028,REX-000028,1,false,REPRESENTATIVE,,리어 델트 플라이,dumbbell_rear_fly_isolation_dumbbell,"[""DUMBBELL""]","[""HOME"",""GYM""]",BEGINNER,DOMAIN_APPROVED,false,exercise-catalog-v2.0.2-final,DUMBBELL_REAR_FLY,REX-000028,HOME
REX-000029,REX-000029,1,false,REPRESENTATIVE,,슈러그,dumbbell_shrug_isolation_dumbbell,"[""DUMBBELL""]","[""HOME"",""GYM""]",BEGINNER,DOMAIN_APPROVED,false,exercise-catalog-v2.0.2-final,DUMBBELL_SHRUG,REX-000029,GYM
VEX-000038,REX-000029,2,true,VARIANT,PRIMARY_VARIANT,덤벨 디클라인 슈러그,dumbbell_decline_shrug_v_2_isolation_dumbbell,"[""DUMBBELL""]","[""HOME"",""GYM""]",BEGINNER,REVIEW_REQUIRED,false,exercise-catalog-v2.0.2-final,DUMBBELL_SHRUG,REX-000029,GYM
VEX-000039,REX-000029,3,true,VARIANT,PRIMARY_VARIANT,덤벨 디클라인 슈러그,dumbbell_decline_shrug_isolation_dumbbell,"[""DUMBBELL""]","[""HOME"",""GYM""]",BEGINNER,REVIEW_REQUIRED,false,exercise-catalog-v2.0.2-final,DUMBBELL_SHRUG,REX-000029,GYM
VEX-000040,REX-000029,4,true,VARIANT,PRIMARY_VARIANT,덤벨 인클라인 슈러그,dumbbell_incline_shrug_isolation_dumbbell,"[""DUMBBELL""]","[""HOME"",""GYM""]",BEGINNER,REVIEW_REQUIRED,false,exercise-catalog-v2.0.2-final,DUMBBELL_SHRUG,REX-000029,GYM
VEX-000041,REX-000029,5,true,VARIANT,PRIMARY_VARIANT,밴드 슈러그,band_shrug_isolation_resistance_band,"[""RESISTANCE_BAND""]","[""HOME"",""GYM""]",BEGINNER,REVIEW_REQUIRED,false,exercise-catalog-v2.0.2-final,DUMBBELL_SHRUG,REX-000029,GYM
VEX-000037,REX-000029,6,true,VARIANT,PRIMARY_VARIANT,케이블 슈러그,cable_shrug_isolation_cable_machine,"[""CABLE_MACHINE""]","[""GYM""]",INTERMEDIATE,REVIEW_REQUIRED,false,exercise-catalog-v2.0.2-final,DUMBBELL_SHRUG,REX-000029,GYM
REX-000029,REX-000029,1,false,REPRESENTATIVE,,슈러그,dumbbell_shrug_isolation_dumbbell,"[""DUMBBELL""]","[""HOME"",""GYM""]",BEGINNER,DOMAIN_APPROVED,false,exercise-catalog-v2.0.2-final,DUMBBELL_SHRUG,REX-000029,HOME
VEX-000038,REX-000029,2,true,VARIANT,PRIMARY_VARIANT,덤벨 디클라인 슈러그,dumbbell_decline_shrug_v_2_isolation_dumbbell,"[""DUMBBELL""]","[""HOME"",""GYM""]",BEGINNER,REVIEW_REQUIRED,false,exercise-catalog-v2.0.2-final,DUMBBELL_SHRUG,REX-000029,HOME
VEX-000039,REX-000029,3,true,VARIANT,PRIMARY_VARIANT,덤벨 디클라인 슈러그,dumbbell_decline_shrug_isolation_dumbbell,"[""DUMBBELL""]","[""HOME"",""GYM""]",BEGINNER,REVIEW_REQUIRED,false,exercise-catalog-v2.0.2-final,DUMBBELL_SHRUG,REX-000029,HOME
VEX-000040,REX-000029,4,true,VARIANT,PRIMARY_VARIANT,덤벨 인클라인 슈러그,dumbbell_incline_shrug_isolation_dumbbell,"[""DUMBBELL""]","[""HOME"",""GYM""]",BEGINNER,REVIEW_REQUIRED,false,exercise-catalog-v2.0.2-final,DUMBBELL_SHRUG,REX-000029,HOME
VEX-000041,REX-000029,5,true,VARIANT,PRIMARY_VARIANT,밴드 슈러그,band_shrug_isolation_resistance_band,"[""RESISTANCE_BAND""]","[""HOME"",""GYM""]",BEGINNER,REVIEW_REQUIRED,false,exercise-catalog-v2.0.2-final,DUMBBELL_SHRUG,REX-000029,HOME
REX-000030,REX-000030,1,false,REPRESENTATIVE,,덤벨 바이셉스 컬,dumbbell_standing_curl_isolation_dumbbell,"[""DUMBBELL""]","[""HOME"",""GYM""]",BEGINNER,DOMAIN_APPROVED,false,exercise-catalog-v2.0.2-final,DUMBBELL_STANDING_CURL,REX-000030,GYM
REX-000030,REX-000030,1,false,REPRESENTATIVE,,덤벨 바이셉스 컬,dumbbell_standing_curl_isolation_dumbbell,"[""DUMBBELL""]","[""HOME"",""GYM""]",BEGINNER,DOMAIN_APPROVED,false,exercise-catalog-v2.0.2-final,DUMBBELL_STANDING_CURL,REX-000030,HOME
REX-000031,REX-000031,1,false,REPRESENTATIVE,,덤벨 스텝업 런지,dumbbell_step_up_lunge_knee_dominant_dumbbell_step_box,"[""DUMBBELL"",""STEP_BOX""]","[""GYM""]",INTERMEDIATE,DOMAIN_APPROVED,false,exercise-catalog-v2.0.2-final,DUMBBELL_STEP_UP_LUNGE,REX-000031,GYM
REX-000032,REX-000032,1,false,REPRESENTATIVE,,다이내믹 가슴 스트레칭,dynamic_chest_stretch_mobility_stretch_bodyweight,"[""BODYWEIGHT""]","[""HOME"",""GYM""]",BEGINNER,DOMAIN_APPROVED,false,exercise-catalog-v2.0.2-final,DYNAMIC_CHEST_STRETCH,REX-000032,GYM
REX-000032,REX-000032,1,false,REPRESENTATIVE,,다이내믹 가슴 스트레칭,dynamic_chest_stretch_mobility_stretch_bodyweight,"[""BODYWEIGHT""]","[""HOME"",""GYM""]",BEGINNER,DOMAIN_APPROVED,false,exercise-catalog-v2.0.2-final,DYNAMIC_CHEST_STRETCH,REX-000032,HOME
REX-000033,REX-000033,1,false,REPRESENTATIVE,,짐볼 고관절 스트레칭,exercise_ball_hip_flexor_stretch_mobility_stretch_stability_ball,"[""STABILITY_BALL""]","[""GYM""]",INTERMEDIATE,DOMAIN_APPROVED,false,exercise-catalog-v2.0.2-final,EXERCISE_BALL_HIP_FLEXOR_STRETCH,REX-000033,GYM
REX-000034,REX-000034,1,false,REPRESENTATIVE,,햄스트링 스트레칭,hamstring_stretch_mobility_stretch_bodyweight,"[""BODYWEIGHT""]","[""HOME"",""GYM""]",BEGINNER,DOMAIN_APPROVED,false,exercise-catalog-v2.0.2-final,HAMSTRING_STRETCH,REX-000034,GYM
REX-000034,REX-000034,1,false,REPRESENTATIVE,,햄스트링 스트레칭,hamstring_stretch_mobility_stretch_bodyweight,"[""BODYWEIGHT""]","[""HOME"",""GYM""]",BEGINNER,DOMAIN_APPROVED,false,exercise-catalog-v2.0.2-final,HAMSTRING_STRETCH,REX-000034,HOME
REX-000035,REX-000035,1,false,REPRESENTATIVE,,손 악력 쥐기,hand_grip_squeeze_isolation_household_weight,"[""HOUSEHOLD_WEIGHT""]","[""HOME"",""GYM""]",BEGINNER,DOMAIN_APPROVED,false,exercise-catalog-v2.0.2-final,HAND_GRIP_SQUEEZE,REX-000035,GYM
REX-000035,REX-000035,1,false,REPRESENTATIVE,,손 악력 쥐기,hand_grip_squeeze_isolation_household_weight,"[""HOUSEHOLD_WEIGHT""]","[""HOME"",""GYM""]",BEGINNER,DOMAIN_APPROVED,false,exercise-catalog-v2.0.2-final,HAND_GRIP_SQUEEZE,REX-000035,HOME
REX-000036,REX-000036,1,false,REPRESENTATIVE,,고관절 굴근·대퇴사두근 스트레칭,hip_flexor_quadriceps_stretch_mobility_stretch_stretch_strap,"[""STRETCH_STRAP""]","[""GYM""]",INTERMEDIATE,DOMAIN_APPROVED,false,exercise-catalog-v2.0.2-final,HIP_FLEXOR_QUADRICEPS_STRETCH,REX-000036,GYM
REX-000037,REX-000037,1,false,REPRESENTATIVE,,인클라인 Y 레이즈,incline_y_raise_isolation_dumbbell,"[""DUMBBELL""]","[""HOME"",""GYM""]",INTERMEDIATE,DOMAIN_APPROVED,false,exercise-catalog-v2.0.2-final,INCLINE_Y_RAISE,REX-000037,GYM
REX-000037,REX-000037,1,false,REPRESENTATIVE,,인클라인 Y 레이즈,incline_y_raise_isolation_dumbbell,"[""DUMBBELL""]","[""HOME"",""GYM""]",INTERMEDIATE,DOMAIN_APPROVED,false,exercise-catalog-v2.0.2-final,INCLINE_Y_RAISE,REX-000037,HOME
REX-000038,REX-000038,1,false,REPRESENTATIVE,,인버티드 로우,inverted_row_horizontal_pull_bodyweight,"[""BODYWEIGHT""]","[""HOME"",""GYM""]",INTERMEDIATE,DOMAIN_APPROVED,false,exercise-catalog-v2.0.2-final,INVERTED_ROW,REX-000038,GYM
VEX-000042,REX-000038,2,true,VARIANT,PRIMARY_VARIANT,인버티드 로우 온 벤치,inverted_row_on_bench_horizontal_pull_bodyweight,"[""BODYWEIGHT""]","[""HOME"",""GYM""]",INTERMEDIATE,REVIEW_REQUIRED,false,exercise-catalog-v2.0.2-final,INVERTED_ROW,REX-000038,GYM
REX-000038,REX-000038,1,false,REPRESENTATIVE,,인버티드 로우,inverted_row_horizontal_pull_bodyweight,"[""BODYWEIGHT""]","[""HOME"",""GYM""]",INTERMEDIATE,DOMAIN_APPROVED,false,exercise-catalog-v2.0.2-final,INVERTED_ROW,REX-000038,HOME
VEX-000042,REX-000038,2,true,VARIANT,PRIMARY_VARIANT,인버티드 로우 온 벤치,inverted_row_on_bench_horizontal_pull_bodyweight,"[""BODYWEIGHT""]","[""HOME"",""GYM""]",INTERMEDIATE,REVIEW_REQUIRED,false,exercise-catalog-v2.0.2-final,INVERTED_ROW,REX-000038,HOME
REX-000039,REX-000039,1,false,REPRESENTATIVE,,무릎 꿇고 광배근 스트레칭,kneeling_lat_stretch_mobility_stretch_bodyweight,"[""BODYWEIGHT""]","[""HOME"",""GYM""]",BEGINNER,DOMAIN_APPROVED,false,exercise-catalog-v2.0.2-final,KNEELING_LAT_STRETCH,REX-000039,GYM
REX-000039,REX-000039,1,false,REPRESENTATIVE,,무릎 꿇고 광배근 스트레칭,kneeling_lat_stretch_mobility_stretch_bodyweight,"[""BODYWEIGHT""]","[""HOME"",""GYM""]",BEGINNER,DOMAIN_APPROVED,false,exercise-catalog-v2.0.2-final,KNEELING_LAT_STRETCH,REX-000039,HOME
REX-000040,REX-000040,1,false,REPRESENTATIVE,,랫풀다운,lat_pulldown_vertical_pull_cable_machine,"[""CABLE_MACHINE""]","[""GYM""]",INTERMEDIATE,DOMAIN_APPROVED,false,exercise-catalog-v2.0.2-final,LAT_PULLDOWN,REX-000040,GYM
VEX-000043,REX-000040,2,true,VARIANT,PRIMARY_VARIANT,하프 니링 원암 랫풀다운,1_arm_half_kneeling_lat_pulldown_vertical_pull_cable_machine,"[""CABLE_MACHINE""]","[""GYM""]",INTERMEDIATE,REVIEW_REQUIRED,false,exercise-catalog-v2.0.2-final,LAT_PULLDOWN,REX-000040,GYM
VEX-000066,REX-000040,3,true,VARIANT,SECONDARY_VARIANT,뉴트럴 그립 랫풀다운,neutral_grip_lat_pulldown_vertical_pull_cable_machine,"[""CABLE_MACHINE""]","[""GYM""]",INTERMEDIATE,REVIEW_REQUIRED,false,exercise-catalog-v2.0.2-final,LAT_PULLDOWN,REX-000040,GYM
REX-000041,REX-000041,1,false,REPRESENTATIVE,,레그 프레스,leg_press_knee_dominant_machine,"[""MACHINE""]","[""GYM""]",BEGINNER,DOMAIN_APPROVED,false,exercise-catalog-v2.0.2-final,LEG_PRESS,REX-000041,GYM
REX-000043,REX-000043,1,false,REPRESENTATIVE,,로어 백 컬,lower_back_curl_core_brace_bodyweight,"[""BODYWEIGHT""]","[""HOME"",""GYM""]",INTERMEDIATE,DOMAIN_APPROVED,false,exercise-catalog-v2.0.2-final,LOWER_BACK_CURL,REX-000043,GYM
REX-000043,REX-000043,1,false,REPRESENTATIVE,,로어 백 컬,lower_back_curl_core_brace_bodyweight,"[""BODYWEIGHT""]","[""HOME"",""GYM""]",INTERMEDIATE,DOMAIN_APPROVED,false,exercise-catalog-v2.0.2-final,LOWER_BACK_CURL,REX-000043,HOME
REX-000044,REX-000044,1,false,REPRESENTATIVE,,레그 익스텐션,machine_leg_extension_isolation_machine,"[""MACHINE""]","[""GYM""]",BEGINNER,DOMAIN_APPROVED,false,exercise-catalog-v2.0.2-final,MACHINE_LEG_EXTENSION,REX-000044,GYM
VEX-000044,REX-000044,2,true,VARIANT,PRIMARY_VARIANT,레그 익스텐션,leg_extension_isolation_machine,"[""MACHINE""]","[""GYM""]",BEGINNER,REVIEW_REQUIRED,false,exercise-catalog-v2.0.2-final,MACHINE_LEG_EXTENSION,REX-000044,GYM
REX-000066,REX-000066,1,false,REPRESENTATIVE,,한발 서기 균형,mobility_balance_bodyweight,"[""BODYWEIGHT""]","[""HOME"",""GYM""]",BEGINNER,DOMAIN_APPROVED,false,exercise-catalog-v2.0.2-final,MOBILITY,REX-000066,GYM
REX-000066,REX-000066,1,false,REPRESENTATIVE,,한발 서기 균형,mobility_balance_bodyweight,"[""BODYWEIGHT""]","[""HOME"",""GYM""]",BEGINNER,DOMAIN_APPROVED,false,exercise-catalog-v2.0.2-final,MOBILITY,REX-000066,HOME
REX-000045,REX-000045,1,false,REPRESENTATIVE,,목 옆면 스트레칭,neck_lateral_stretch_mobility_stretch_bodyweight,"[""BODYWEIGHT""]","[""HOME"",""GYM""]",BEGINNER,DOMAIN_APPROVED,false,exercise-catalog-v2.0.2-final,NECK_LATERAL_STRETCH,REX-000045,GYM
VEX-000045,REX-000045,2,true,VARIANT,PRIMARY_VARIANT,사이드 푸시 목 스트레칭,side_push_neck_stretch_mobility_stretch_bodyweight,"[""BODYWEIGHT""]","[""HOME"",""GYM""]",BEGINNER,REVIEW_REQUIRED,false,exercise-catalog-v2.0.2-final,NECK_LATERAL_STRETCH,REX-000045,GYM
REX-000045,REX-000045,1,false,REPRESENTATIVE,,목 옆면 스트레칭,neck_lateral_stretch_mobility_stretch_bodyweight,"[""BODYWEIGHT""]","[""HOME"",""GYM""]",BEGINNER,DOMAIN_APPROVED,false,exercise-catalog-v2.0.2-final,NECK_LATERAL_STRETCH,REX-000045,HOME
VEX-000045,REX-000045,2,true,VARIANT,PRIMARY_VARIANT,사이드 푸시 목 스트레칭,side_push_neck_stretch_mobility_stretch_bodyweight,"[""BODYWEIGHT""]","[""HOME"",""GYM""]",BEGINNER,REVIEW_REQUIRED,false,exercise-catalog-v2.0.2-final,NECK_LATERAL_STRETCH,REX-000045,HOME
REX-000046,REX-000046,1,false,REPRESENTATIVE,,벽 짚고 한 팔 광배근 스트레칭,one_arm_wall_lats_isolation_bodyweight,"[""BODYWEIGHT""]","[""HOME"",""GYM""]",BEGINNER,DOMAIN_APPROVED,false,exercise-catalog-v2.0.2-final,ONE_ARM_WALL_LATS,REX-000046,GYM
REX-000046,REX-000046,1,false,REPRESENTATIVE,,벽 짚고 한 팔 광배근 스트레칭,one_arm_wall_lats_isolation_bodyweight,"[""BODYWEIGHT""]","[""HOME"",""GYM""]",BEGINNER,DOMAIN_APPROVED,false,exercise-catalog-v2.0.2-final,ONE_ARM_WALL_LATS,REX-000046,HOME
REX-000047,REX-000047,1,false,REPRESENTATIVE,,오버헤드 트라이셉스 익스텐션,overhead_triceps_extension_isolation_barbell,"[""BARBELL""]","[""GYM""]",BEGINNER,DOMAIN_APPROVED,false,exercise-catalog-v2.0.2-final,OVERHEAD_TRICEPS_EXTENSION,REX-000047,GYM
REX-000048,REX-000048,1,false,REPRESENTATIVE,,오버헤드 삼두근 스트레칭,overhead_triceps_stretch_mobility_stretch_bodyweight,"[""BODYWEIGHT""]","[""HOME"",""GYM""]",BEGINNER,DOMAIN_APPROVED,false,exercise-catalog-v2.0.2-final,OVERHEAD_TRICEPS_STRETCH,REX-000048,GYM
REX-000048,REX-000048,1,false,REPRESENTATIVE,,오버헤드 삼두근 스트레칭,overhead_triceps_stretch_mobility_stretch_bodyweight,"[""BODYWEIGHT""]","[""HOME"",""GYM""]",BEGINNER,DOMAIN_APPROVED,false,exercise-catalog-v2.0.2-final,OVERHEAD_TRICEPS_STRETCH,REX-000048,HOME
REX-000049,REX-000049,1,false,REPRESENTATIVE,,체스트 프레스,pectorals_horizontal_push_horizontal_push_machine,"[""MACHINE""]","[""GYM""]",BEGINNER,DOMAIN_APPROVED,false,exercise-catalog-v2.0.2-final,PECTORALS_HORIZONTAL_PUSH,REX-000049,GYM
VEX-000046,REX-000049,2,true,VARIANT,PRIMARY_VARIANT,스탠딩 케이블 체스트 프레스,cable_chest_press_decline_horizontal_push_cable_machine,"[""CABLE_MACHINE""]","[""GYM""]",INTERMEDIATE,REVIEW_REQUIRED,false,exercise-catalog-v2.0.2-final,PECTORALS_HORIZONTAL_PUSH,REX-000049,GYM
VEX-000047,REX-000049,3,true,VARIANT,PRIMARY_VARIANT,인클라인 덤벨 벤치프레스,incline_bench_press_dumbbell_horizontal_push_dumbbell,"[""DUMBBELL""]","[""GYM""]",INTERMEDIATE,REVIEW_REQUIRED,false,exercise-catalog-v2.0.2-final,PECTORALS_HORIZONTAL_PUSH,REX-000049,GYM
REX-000050,REX-000050,1,false,REPRESENTATIVE,,종아리 바깥쪽 스트레칭,peroneal_stretch_mobility_stretch_stretch_strap,"[""STRETCH_STRAP""]","[""GYM""]",INTERMEDIATE,DOMAIN_APPROVED,false,exercise-catalog-v2.0.2-final,PERONEAL_STRETCH,REX-000050,GYM
REX-000051,REX-000051,1,false,REPRESENTATIVE,,플랭크 로테이션,plank_rotation_core_brace_bodyweight,"[""BODYWEIGHT""]","[""HOME"",""GYM""]",INTERMEDIATE,DOMAIN_APPROVED,false,exercise-catalog-v2.0.2-final,PLANK_ROTATION,REX-000051,GYM
REX-000051,REX-000051,1,false,REPRESENTATIVE,,플랭크 로테이션,plank_rotation_core_brace_bodyweight,"[""BODYWEIGHT""]","[""HOME"",""GYM""]",INTERMEDIATE,DOMAIN_APPROVED,false,exercise-catalog-v2.0.2-final,PLANK_ROTATION,REX-000051,HOME
REX-000052,REX-000052,1,false,REPRESENTATIVE,,푸시업,push_up_horizontal_push_bodyweight,"[""BODYWEIGHT""]","[""HOME"",""GYM""]",BEGINNER,DOMAIN_APPROVED,false,exercise-catalog-v2.0.2-final,PUSH_UP,REX-000052,GYM
REX-000052,REX-000052,1,false,REPRESENTATIVE,,푸시업,push_up_horizontal_push_bodyweight,"[""BODYWEIGHT""]","[""HOME"",""GYM""]",BEGINNER,DOMAIN_APPROVED,false,exercise-catalog-v2.0.2-final,PUSH_UP,REX-000052,HOME
REX-000053,REX-000053,1,false,REPRESENTATIVE,,후면 어깨 스트레칭,rear_deltoid_stretch_mobility_stretch_bodyweight,"[""BODYWEIGHT""]","[""HOME"",""GYM""]",BEGINNER,DOMAIN_APPROVED,false,exercise-catalog-v2.0.2-final,REAR_DELTOID_STRETCH,REX-000053,GYM
REX-000053,REX-000053,1,false,REPRESENTATIVE,,후면 어깨 스트레칭,rear_deltoid_stretch_mobility_stretch_bodyweight,"[""BODYWEIGHT""]","[""HOME"",""GYM""]",BEGINNER,DOMAIN_APPROVED,false,exercise-catalog-v2.0.2-final,REAR_DELTOID_STRETCH,REX-000053,HOME
REX-000054,REX-000054,1,false,REPRESENTATIVE,,리버스 카프 레이즈,reverse_calf_raise_isolation_resistance_band,"[""RESISTANCE_BAND""]","[""HOME"",""GYM""]",INTERMEDIATE,DOMAIN_APPROVED,false,exercise-catalog-v2.0.2-final,REVERSE_CALF_RAISE,REX-000054,GYM
REX-000054,REX-000054,1,false,REPRESENTATIVE,,리버스 카프 레이즈,reverse_calf_raise_isolation_resistance_band,"[""RESISTANCE_BAND""]","[""HOME"",""GYM""]",INTERMEDIATE,DOMAIN_APPROVED,false,exercise-catalog-v2.0.2-final,REVERSE_CALF_RAISE,REX-000054,HOME
REX-000055,REX-000055,1,false,REPRESENTATIVE,,리버스 리스트 컬,reverse_wrist_curl_isolation_barbell,"[""BARBELL""]","[""GYM""]",BEGINNER,DOMAIN_APPROVED,false,exercise-catalog-v2.0.2-final,REVERSE_WRIST_CURL,REX-000055,GYM
VEX-000048,REX-000055,2,true,VARIANT,PRIMARY_VARIANT,덤벨 리버스 리스트 컬,dumbbell_reverse_wrist_curl_isolation_dumbbell,"[""DUMBBELL""]","[""HOME"",""GYM""]",BEGINNER,REVIEW_REQUIRED,false,exercise-catalog-v2.0.2-final,REVERSE_WRIST_CURL,REX-000055,GYM
VEX-000049,REX-000055,3,true,VARIANT,PRIMARY_VARIANT,밴드 리버스 리스트 컬,band_reverse_wrist_curl_isolation_resistance_band,"[""RESISTANCE_BAND""]","[""HOME"",""GYM""]",BEGINNER,REVIEW_REQUIRED,false,exercise-catalog-v2.0.2-final,REVERSE_WRIST_CURL,REX-000055,GYM
VEX-000048,VEX-000048,1,false,VARIANT,PRIMARY_VARIANT,덤벨 리버스 리스트 컬,dumbbell_reverse_wrist_curl_isolation_dumbbell,"[""DUMBBELL""]","[""HOME"",""GYM""]",BEGINNER,REVIEW_REQUIRED,false,exercise-catalog-v2.0.2-final,REVERSE_WRIST_CURL,REX-000055,HOME
VEX-000049,VEX-000048,2,true,VARIANT,PRIMARY_VARIANT,밴드 리버스 리스트 컬,band_reverse_wrist_curl_isolation_resistance_band,"[""RESISTANCE_BAND""]","[""HOME"",""GYM""]",BEGINNER,REVIEW_REQUIRED,false,exercise-catalog-v2.0.2-final,REVERSE_WRIST_CURL,REX-000055,HOME
REX-000073,REX-000073,1,false,REPRESENTATIVE,,롤러 등 스트레칭,roller_back_stretch_mobility_stretch_foam_roller,"[""FOAM_ROLLER""]","[""HOME"",""GYM""]",INTERMEDIATE,DOMAIN_APPROVED,false,exercise-catalog-v2.0.2-final,ROLLER_BACK_STRETCH,REX-000073,GYM
REX-000073,REX-000073,1,false,REPRESENTATIVE,,롤러 등 스트레칭,roller_back_stretch_mobility_stretch_foam_roller,"[""FOAM_ROLLER""]","[""HOME"",""GYM""]",INTERMEDIATE,DOMAIN_APPROVED,false,exercise-catalog-v2.0.2-final,ROLLER_BACK_STRETCH,REX-000073,HOME
REX-000074,REX-000074,1,false,REPRESENTATIVE,,롤러 둔근 스트레칭,roller_hip_stretch_mobility_stretch_foam_roller,"[""FOAM_ROLLER""]","[""HOME"",""GYM""]",INTERMEDIATE,DOMAIN_APPROVED,false,exercise-catalog-v2.0.2-final,ROLLER_HIP_STRETCH,REX-000074,GYM
REX-000074,REX-000074,1,false,REPRESENTATIVE,,롤러 둔근 스트레칭,roller_hip_stretch_mobility_stretch_foam_roller,"[""FOAM_ROLLER""]","[""HOME"",""GYM""]",INTERMEDIATE,DOMAIN_APPROVED,false,exercise-catalog-v2.0.2-final,ROLLER_HIP_STRETCH,REX-000074,HOME
REX-000075,REX-000075,1,false,REPRESENTATIVE,,회전형 크런치,rotation_variant_core_brace_cable_machine,"[""CABLE_MACHINE""]","[""GYM""]",INTERMEDIATE,DOMAIN_APPROVED,false,exercise-catalog-v2.0.2-final,ROTATION_VARIANT,REX-000075,GYM
REX-000076,REX-000076,1,false,REPRESENTATIVE,,로우,row_variant_horizontal_pull_cable_machine,"[""CABLE_MACHINE""]","[""GYM""]",INTERMEDIATE,DOMAIN_APPROVED,false,exercise-catalog-v2.0.2-final,ROW_VARIANT,REX-000076,GYM
VEX-000050,REX-000076,2,true,VARIANT,PRIMARY_VARIANT,머신 시티드 로우,seated_row_machine_horizontal_pull_machine,"[""MACHINE""]","[""GYM""]",BEGINNER,REVIEW_REQUIRED,false,exercise-catalog-v2.0.2-final,ROW_VARIANT,REX-000076,GYM
REX-000077,REX-000077,1,false,REPRESENTATIVE,,러너스 스트레칭,runners_stretch_mobility_stretch_bodyweight,"[""BODYWEIGHT""]","[""HOME"",""GYM""]",BEGINNER,DOMAIN_APPROVED,false,exercise-catalog-v2.0.2-final,RUNNERS_STRETCH,REX-000077,GYM
REX-000077,REX-000077,1,false,REPRESENTATIVE,,러너스 스트레칭,runners_stretch_mobility_stretch_bodyweight,"[""BODYWEIGHT""]","[""HOME"",""GYM""]",BEGINNER,DOMAIN_APPROVED,false,exercise-catalog-v2.0.2-final,RUNNERS_STRETCH,REX-000077,HOME
REX-000078,REX-000078,1,false,REPRESENTATIVE,,스캐풀라 풀업,scapular_pull_up_vertical_pull_bodyweight_pull_up_bar,"[""BODYWEIGHT"",""PULL_UP_BAR""]","[""GYM""]",INTERMEDIATE,DOMAIN_APPROVED,false,exercise-catalog-v2.0.2-final,SCAPULAR_PULL_UP,REX-000078,GYM
REX-000079,REX-000079,1,false,REPRESENTATIVE,,시티드 케이블 로우,seated_cable_row_horizontal_pull_cable_machine,"[""CABLE_MACHINE""]","[""GYM""]",INTERMEDIATE,DOMAIN_APPROVED,false,exercise-catalog-v2.0.2-final,SEATED_CABLE_ROW,REX-000079,GYM
VEX-000051,REX-000079,2,true,VARIANT,PRIMARY_VARIANT,케이블 디클라인 시티드 와이드그립 로우,cable_decline_seated_wide_grip_row_horizontal_pull_cable_machine,"[""CABLE_MACHINE""]","[""GYM""]",INTERMEDIATE,REVIEW_REQUIRED,false,exercise-catalog-v2.0.2-final,SEATED_CABLE_ROW,REX-000079,GYM
VEX-000052,REX-000079,3,true,VARIANT,PRIMARY_VARIANT,케이블 바닥 시티드 와이드그립 로우,cable_floor_seated_wide_grip_row_horizontal_pull_cable_machine,"[""CABLE_MACHINE""]","[""GYM""]",INTERMEDIATE,REVIEW_REQUIRED,false,exercise-catalog-v2.0.2-final,SEATED_CABLE_ROW,REX-000079,GYM
VEX-000053,REX-000079,4,true,VARIANT,PRIMARY_VARIANT,케이블 하이 로우(니링),cable_high_row_kneeling_horizontal_pull_cable_machine,"[""CABLE_MACHINE""]","[""GYM""]",INTERMEDIATE,REVIEW_REQUIRED,false,exercise-catalog-v2.0.2-final,SEATED_CABLE_ROW,REX-000079,GYM
VEX-000067,REX-000079,5,true,VARIANT,SECONDARY_VARIANT,케이블 시티드 와이드그립 로우,cable_seated_wide_grip_row_horizontal_pull_cable_machine,"[""CABLE_MACHINE""]","[""GYM""]",INTERMEDIATE,REVIEW_REQUIRED,false,exercise-catalog-v2.0.2-final,SEATED_CABLE_ROW,REX-000079,GYM
REX-000080,REX-000080,1,false,REPRESENTATIVE,,시티드 카프 레이즈,seated_calf_raise_isolation_barbell,"[""BARBELL""]","[""GYM""]",BEGINNER,DOMAIN_APPROVED,false,exercise-catalog-v2.0.2-final,SEATED_CALF_RAISE,REX-000080,GYM
VEX-000054,REX-000080,2,true,VARIANT,PRIMARY_VARIANT,시티드 카프 레이즈,lever_seated_calf_raise_isolation_machine,"[""MACHINE""]","[""GYM""]",BEGINNER,REVIEW_REQUIRED,false,exercise-catalog-v2.0.2-final,SEATED_CALF_RAISE,REX-000080,GYM
VEX-000055,REX-000080,3,true,VARIANT,PRIMARY_VARIANT,덤벨 시티드 카프 레이즈,dumbbell_seated_calf_raise_isolation_dumbbell,"[""DUMBBELL""]","[""HOME"",""GYM""]",BEGINNER,REVIEW_REQUIRED,false,exercise-catalog-v2.0.2-final,SEATED_CALF_RAISE,REX-000080,GYM
VEX-000055,VEX-000055,1,false,VARIANT,PRIMARY_VARIANT,덤벨 시티드 카프 레이즈,dumbbell_seated_calf_raise_isolation_dumbbell,"[""DUMBBELL""]","[""HOME"",""GYM""]",BEGINNER,REVIEW_REQUIRED,false,exercise-catalog-v2.0.2-final,SEATED_CALF_RAISE,REX-000080,HOME
REX-000081,REX-000081,1,false,REPRESENTATIVE,,앉아서 종아리 스트레칭,seated_calf_stretch_mobility_stretch_bodyweight,"[""BODYWEIGHT""]","[""HOME"",""GYM""]",BEGINNER,DOMAIN_APPROVED,false,exercise-catalog-v2.0.2-final,SEATED_CALF_STRETCH,REX-000081,GYM
REX-000081,REX-000081,1,false,REPRESENTATIVE,,앉아서 종아리 스트레칭,seated_calf_stretch_mobility_stretch_bodyweight,"[""BODYWEIGHT""]","[""HOME"",""GYM""]",BEGINNER,DOMAIN_APPROVED,false,exercise-catalog-v2.0.2-final,SEATED_CALF_STRETCH,REX-000081,HOME
REX-000082,REX-000082,1,false,REPRESENTATIVE,,앉아서 둔근 스트레칭,seated_glute_stretch_mobility_stretch_bodyweight,"[""BODYWEIGHT""]","[""HOME"",""GYM""]",BEGINNER,DOMAIN_APPROVED,false,exercise-catalog-v2.0.2-final,SEATED_GLUTE_STRETCH,REX-000082,GYM
REX-000082,REX-000082,1,false,REPRESENTATIVE,,앉아서 둔근 스트레칭,seated_glute_stretch_mobility_stretch_bodyweight,"[""BODYWEIGHT""]","[""HOME"",""GYM""]",BEGINNER,DOMAIN_APPROVED,false,exercise-catalog-v2.0.2-final,SEATED_GLUTE_STRETCH,REX-000082,HOME
REX-000083,REX-000083,1,false,REPRESENTATIVE,,레그 컬,seated_leg_curl_knee_flexion_machine,"[""MACHINE""]","[""GYM""]",BEGINNER,DOMAIN_APPROVED,false,exercise-catalog-v2.0.2-final,SEATED_LEG_CURL,REX-000083,GYM
VEX-000057,REX-000083,2,true,VARIANT,PRIMARY_VARIANT,레그컬,leg_curl_knee_flexion_machine,"[""MACHINE""]","[""GYM""]",BEGINNER,REVIEW_REQUIRED,false,exercise-catalog-v2.0.2-final,SEATED_LEG_CURL,REX-000083,GYM
VEX-000056,REX-000083,3,true,VARIANT,PRIMARY_VARIANT,싱글 레그 컬,standing_single_leg_curl_knee_flexion_bodyweight,"[""BODYWEIGHT""]","[""HOME"",""GYM""]",INTERMEDIATE,REVIEW_REQUIRED,false,exercise-catalog-v2.0.2-final,SEATED_LEG_CURL,REX-000083,GYM
VEX-000056,VEX-000056,1,false,VARIANT,PRIMARY_VARIANT,싱글 레그 컬,standing_single_leg_curl_knee_flexion_bodyweight,"[""BODYWEIGHT""]","[""HOME"",""GYM""]",INTERMEDIATE,REVIEW_REQUIRED,false,exercise-catalog-v2.0.2-final,SEATED_LEG_CURL,REX-000083,HOME
REX-000084,REX-000084,1,false,REPRESENTATIVE,,앉아서 허리 스트레칭,seated_lower_back_stretch_mobility_stretch_bodyweight,"[""BODYWEIGHT""]","[""HOME"",""GYM""]",BEGINNER,DOMAIN_APPROVED,false,exercise-catalog-v2.0.2-final,SEATED_LOWER_BACK_STRETCH,REX-000084,GYM
REX-000084,REX-000084,1,false,REPRESENTATIVE,,앉아서 허리 스트레칭,seated_lower_back_stretch_mobility_stretch_bodyweight,"[""BODYWEIGHT""]","[""HOME"",""GYM""]",BEGINNER,DOMAIN_APPROVED,false,exercise-catalog-v2.0.2-final,SEATED_LOWER_BACK_STRETCH,REX-000084,HOME
REX-000085,REX-000085,1,false,REPRESENTATIVE,,앉아서 이상근 스트레칭,seated_piriformis_stretch_mobility_stretch_bodyweight,"[""BODYWEIGHT""]","[""HOME"",""GYM""]",BEGINNER,DOMAIN_APPROVED,false,exercise-catalog-v2.0.2-final,SEATED_PIRIFORMIS_STRETCH,REX-000085,GYM
REX-000085,REX-000085,1,false,REPRESENTATIVE,,앉아서 이상근 스트레칭,seated_piriformis_stretch_mobility_stretch_bodyweight,"[""BODYWEIGHT""]","[""HOME"",""GYM""]",BEGINNER,DOMAIN_APPROVED,false,exercise-catalog-v2.0.2-final,SEATED_PIRIFORMIS_STRETCH,REX-000085,HOME
REX-000086,REX-000086,1,false,REPRESENTATIVE,,숄더 프레스,seated_shoulder_press_vertical_push_dumbbell,"[""DUMBBELL""]","[""HOME"",""GYM""]",INTERMEDIATE,DOMAIN_APPROVED,false,exercise-catalog-v2.0.2-final,SEATED_SHOULDER_PRESS,REX-000086,GYM
VEX-000059,REX-000086,2,true,VARIANT,PRIMARY_VARIANT,밴드 숄더 프레스,band_shoulder_press_vertical_push_resistance_band,"[""RESISTANCE_BAND""]","[""HOME"",""GYM""]",BEGINNER,REVIEW_REQUIRED,false,exercise-catalog-v2.0.2-final,SEATED_SHOULDER_PRESS,REX-000086,GYM
VEX-000060,REX-000086,3,true,VARIANT,PRIMARY_VARIANT,밴드 시티드 숄더 프레스,resistance_band_seated_shoulder_press_vertical_push_resistance_band,"[""RESISTANCE_BAND""]","[""HOME"",""GYM""]",BEGINNER,REVIEW_REQUIRED,false,exercise-catalog-v2.0.2-final,SEATED_SHOULDER_PRESS,REX-000086,GYM
VEX-000063,REX-000086,4,true,VARIANT,PRIMARY_VARIANT,머신 숄더프레스,shoulder_press_on_machine_vertical_push_machine,"[""MACHINE""]","[""GYM""]",BEGINNER,REVIEW_REQUIRED,false,exercise-catalog-v2.0.2-final,SEATED_SHOULDER_PRESS,REX-000086,GYM
VEX-000058,REX-000086,5,true,VARIANT,PRIMARY_VARIANT,덤벨 시티드 숄더 프레스,dumbbell_seated_shoulder_press_parallel_grip_vertical_push_dumbbell,"[""DUMBBELL""]","[""HOME"",""GYM""]",INTERMEDIATE,REVIEW_REQUIRED,false,exercise-catalog-v2.0.2-final,SEATED_SHOULDER_PRESS,REX-000086,GYM
VEX-000061,REX-000086,6,true,VARIANT,PRIMARY_VARIANT,바벨 오버헤드 프레스,overhead_barbell_press_vertical_push_barbell,"[""BARBELL""]","[""GYM""]",INTERMEDIATE,REVIEW_REQUIRED,false,exercise-catalog-v2.0.2-final,SEATED_SHOULDER_PRESS,REX-000086,GYM
VEX-000062,REX-000086,7,true,VARIANT,PRIMARY_VARIANT,덤벨 아놀드 프레스,arnold_shoulder_press_vertical_push_dumbbell,"[""DUMBBELL""]","[""GYM""]",INTERMEDIATE,REVIEW_REQUIRED,false,exercise-catalog-v2.0.2-final,SEATED_SHOULDER_PRESS,REX-000086,GYM
VEX-000068,REX-000086,8,true,VARIANT,SECONDARY_VARIANT,원암 덤벨 숄더 프레스,dumbbell_one_arm_shoulder_press_v_2_vertical_push_dumbbell,"[""DUMBBELL""]","[""HOME"",""GYM""]",INTERMEDIATE,REVIEW_REQUIRED,false,exercise-catalog-v2.0.2-final,SEATED_SHOULDER_PRESS,REX-000086,GYM
VEX-000069,REX-000086,9,true,VARIANT,SECONDARY_VARIANT,원암 덤벨 숄더 프레스,dumbbell_one_arm_shoulder_press_vertical_push_dumbbell,"[""DUMBBELL""]","[""HOME"",""GYM""]",INTERMEDIATE,REVIEW_REQUIRED,false,exercise-catalog-v2.0.2-final,SEATED_SHOULDER_PRESS,REX-000086,GYM
REX-000086,REX-000086,1,false,REPRESENTATIVE,,숄더 프레스,seated_shoulder_press_vertical_push_dumbbell,"[""DUMBBELL""]","[""HOME"",""GYM""]",INTERMEDIATE,DOMAIN_APPROVED,false,exercise-catalog-v2.0.2-final,SEATED_SHOULDER_PRESS,REX-000086,HOME
VEX-000059,REX-000086,2,true,VARIANT,PRIMARY_VARIANT,밴드 숄더 프레스,band_shoulder_press_vertical_push_resistance_band,"[""RESISTANCE_BAND""]","[""HOME"",""GYM""]",BEGINNER,REVIEW_REQUIRED,false,exercise-catalog-v2.0.2-final,SEATED_SHOULDER_PRESS,REX-000086,HOME
VEX-000060,REX-000086,3,true,VARIANT,PRIMARY_VARIANT,밴드 시티드 숄더 프레스,resistance_band_seated_shoulder_press_vertical_push_resistance_band,"[""RESISTANCE_BAND""]","[""HOME"",""GYM""]",BEGINNER,REVIEW_REQUIRED,false,exercise-catalog-v2.0.2-final,SEATED_SHOULDER_PRESS,REX-000086,HOME
VEX-000058,REX-000086,4,true,VARIANT,PRIMARY_VARIANT,덤벨 시티드 숄더 프레스,dumbbell_seated_shoulder_press_parallel_grip_vertical_push_dumbbell,"[""DUMBBELL""]","[""HOME"",""GYM""]",INTERMEDIATE,REVIEW_REQUIRED,false,exercise-catalog-v2.0.2-final,SEATED_SHOULDER_PRESS,REX-000086,HOME
VEX-000068,REX-000086,5,true,VARIANT,SECONDARY_VARIANT,원암 덤벨 숄더 프레스,dumbbell_one_arm_shoulder_press_v_2_vertical_push_dumbbell,"[""DUMBBELL""]","[""HOME"",""GYM""]",INTERMEDIATE,REVIEW_REQUIRED,false,exercise-catalog-v2.0.2-final,SEATED_SHOULDER_PRESS,REX-000086,HOME
VEX-000069,REX-000086,6,true,VARIANT,SECONDARY_VARIANT,원암 덤벨 숄더 프레스,dumbbell_one_arm_shoulder_press_vertical_push_dumbbell,"[""DUMBBELL""]","[""HOME"",""GYM""]",INTERMEDIATE,REVIEW_REQUIRED,false,exercise-catalog-v2.0.2-final,SEATED_SHOULDER_PRESS,REX-000086,HOME
REX-000087,REX-000087,1,false,REPRESENTATIVE,,시티드 와이드 앵글 스트레칭,seated_wide_angle_stretch_mobility_stretch_bodyweight,"[""BODYWEIGHT""]","[""HOME"",""GYM""]",INTERMEDIATE,DOMAIN_APPROVED,false,exercise-catalog-v2.0.2-final,SEATED_WIDE_ANGLE_STRETCH,REX-000087,GYM
REX-000087,REX-000087,1,false,REPRESENTATIVE,,시티드 와이드 앵글 스트레칭,seated_wide_angle_stretch_mobility_stretch_bodyweight,"[""BODYWEIGHT""]","[""HOME"",""GYM""]",INTERMEDIATE,DOMAIN_APPROVED,false,exercise-catalog-v2.0.2-final,SEATED_WIDE_ANGLE_STRETCH,REX-000087,HOME
REX-000088,REX-000088,1,false,REPRESENTATIVE,,옆으로 누워 대퇴사두근 스트레칭,side_lying_quadriceps_stretch_mobility_stretch_bodyweight,"[""BODYWEIGHT""]","[""HOME"",""GYM""]",BEGINNER,DOMAIN_APPROVED,false,exercise-catalog-v2.0.2-final,SIDE_LYING_QUADRICEPS_STRETCH,REX-000088,GYM
REX-000088,REX-000088,1,false,REPRESENTATIVE,,옆으로 누워 대퇴사두근 스트레칭,side_lying_quadriceps_stretch_mobility_stretch_bodyweight,"[""BODYWEIGHT""]","[""HOME"",""GYM""]",BEGINNER,DOMAIN_APPROVED,false,exercise-catalog-v2.0.2-final,SIDE_LYING_QUADRICEPS_STRETCH,REX-000088,HOME
REX-000089,REX-000089,1,false,REPRESENTATIVE,,손목 당기기 스트레칭,side_wrist_pull_stretch_mobility_stretch_bodyweight,"[""BODYWEIGHT""]","[""HOME"",""GYM""]",BEGINNER,DOMAIN_APPROVED,false,exercise-catalog-v2.0.2-final,SIDE_WRIST_PULL_STRETCH,REX-000089,GYM
REX-000089,REX-000089,1,false,REPRESENTATIVE,,손목 당기기 스트레칭,side_wrist_pull_stretch_mobility_stretch_bodyweight,"[""BODYWEIGHT""]","[""HOME"",""GYM""]",BEGINNER,DOMAIN_APPROVED,false,exercise-catalog-v2.0.2-final,SIDE_WRIST_PULL_STRETCH,REX-000089,HOME
REX-000090,REX-000090,1,false,REPRESENTATIVE,,버드독,spine_core_brace_core_brace_mat,"[""MAT""]","[""HOME"",""GYM""]",BEGINNER,DOMAIN_APPROVED,false,exercise-catalog-v2.0.2-final,SPINE_CORE_BRACE,REX-000090,GYM
REX-000090,REX-000090,1,false,REPRESENTATIVE,,버드독,spine_core_brace_core_brace_mat,"[""MAT""]","[""HOME"",""GYM""]",BEGINNER,DOMAIN_APPROVED,false,exercise-catalog-v2.0.2-final,SPINE_CORE_BRACE,REX-000090,HOME
REX-000091,REX-000091,1,false,REPRESENTATIVE,,척추 스트레칭,spine_stretch_mobility_stretch_bodyweight,"[""BODYWEIGHT""]","[""HOME"",""GYM""]",BEGINNER,DOMAIN_APPROVED,false,exercise-catalog-v2.0.2-final,SPINE_STRETCH,REX-000091,GYM
REX-000091,REX-000091,1,false,REPRESENTATIVE,,척추 스트레칭,spine_stretch_mobility_stretch_bodyweight,"[""BODYWEIGHT""]","[""HOME"",""GYM""]",BEGINNER,DOMAIN_APPROVED,false,exercise-catalog-v2.0.2-final,SPINE_STRETCH,REX-000091,HOME
REX-000092,REX-000092,1,false,REPRESENTATIVE,,척추 비틀기,spine_twist_mobility_stretch_bodyweight,"[""BODYWEIGHT""]","[""HOME"",""GYM""]",BEGINNER,DOMAIN_APPROVED,false,exercise-catalog-v2.0.2-final,SPINE_TWIST,REX-000092,GYM
REX-000092,REX-000092,1,false,REPRESENTATIVE,,척추 비틀기,spine_twist_mobility_stretch_bodyweight,"[""BODYWEIGHT""]","[""HOME"",""GYM""]",BEGINNER,DOMAIN_APPROVED,false,exercise-catalog-v2.0.2-final,SPINE_TWIST,REX-000092,HOME
REX-000093,REX-000093,1,false,REPRESENTATIVE,,스쿼트,squat_variant_knee_dominant_barbell,"[""BARBELL""]","[""GYM""]",INTERMEDIATE,DOMAIN_APPROVED,false,exercise-catalog-v2.0.2-final,SQUAT_VARIANT,REX-000093,GYM
REX-000094,REX-000094,1,false,REPRESENTATIVE,,스트랩 햄스트링·종아리 스트레칭,standing_hamstring_calf_strap_stretch_mobility_stretch_stretch_strap,"[""STRETCH_STRAP""]","[""GYM""]",BEGINNER,DOMAIN_APPROVED,false,exercise-catalog-v2.0.2-final,STANDING_HAMSTRING_CALF_STRAP_STRETCH,REX-000094,GYM
REX-000095,REX-000095,1,false,REPRESENTATIVE,,서서 옆구리 스트레칭,standing_lateral_stretch_mobility_stretch_bodyweight,"[""BODYWEIGHT""]","[""HOME"",""GYM""]",BEGINNER,DOMAIN_APPROVED,false,exercise-catalog-v2.0.2-final,STANDING_LATERAL_STRETCH,REX-000095,GYM
REX-000095,REX-000095,1,false,REPRESENTATIVE,,서서 옆구리 스트레칭,standing_lateral_stretch_mobility_stretch_bodyweight,"[""BODYWEIGHT""]","[""HOME"",""GYM""]",BEGINNER,DOMAIN_APPROVED,false,exercise-catalog-v2.0.2-final,STANDING_LATERAL_STRETCH,REX-000095,HOME
REX-000096,REX-000096,1,false,REPRESENTATIVE,,삼두근 스트레칭,triceps_stretch_mobility_stretch_bodyweight,"[""BODYWEIGHT""]","[""HOME"",""GYM""]",BEGINNER,DOMAIN_APPROVED,false,exercise-catalog-v2.0.2-final,TRICEPS_STRETCH,REX-000096,GYM
REX-000096,REX-000096,1,false,REPRESENTATIVE,,삼두근 스트레칭,triceps_stretch_mobility_stretch_bodyweight,"[""BODYWEIGHT""]","[""HOME"",""GYM""]",BEGINNER,DOMAIN_APPROVED,false,exercise-catalog-v2.0.2-final,TRICEPS_STRETCH,REX-000096,HOME
REX-000097,REX-000097,1,false,REPRESENTATIVE,,시티드 밴드 풀어파트,upper_back_isolation_isolation_resistance_band,"[""RESISTANCE_BAND""]","[""HOME"",""GYM""]",BEGINNER,DOMAIN_APPROVED,false,exercise-catalog-v2.0.2-final,UPPER_BACK_ISOLATION,REX-000097,GYM
REX-000097,REX-000097,1,false,REPRESENTATIVE,,시티드 밴드 풀어파트,upper_back_isolation_isolation_resistance_band,"[""RESISTANCE_BAND""]","[""HOME"",""GYM""]",BEGINNER,DOMAIN_APPROVED,false,exercise-catalog-v2.0.2-final,UPPER_BACK_ISOLATION,REX-000097,HOME
REX-000098,REX-000098,1,false,REPRESENTATIVE,,상부 등 스트레칭,upper_back_stretch_mobility_stretch_bodyweight,"[""BODYWEIGHT""]","[""HOME"",""GYM""]",BEGINNER,DOMAIN_APPROVED,false,exercise-catalog-v2.0.2-final,UPPER_BACK_STRETCH,REX-000098,GYM
REX-000098,REX-000098,1,false,REPRESENTATIVE,,상부 등 스트레칭,upper_back_stretch_mobility_stretch_bodyweight,"[""BODYWEIGHT""]","[""HOME"",""GYM""]",BEGINNER,DOMAIN_APPROVED,false,exercise-catalog-v2.0.2-final,UPPER_BACK_STRETCH,REX-000098,HOME
REX-000099,REX-000099,1,false,REPRESENTATIVE,,벽 짚고 종아리 스트레칭,wall_calf_stretch_mobility_stretch_bodyweight,"[""BODYWEIGHT""]","[""HOME"",""GYM""]",BEGINNER,DOMAIN_APPROVED,false,exercise-catalog-v2.0.2-final,WALL_CALF_STRETCH,REX-000099,GYM
REX-000099,REX-000099,1,false,REPRESENTATIVE,,벽 짚고 종아리 스트레칭,wall_calf_stretch_mobility_stretch_bodyweight,"[""BODYWEIGHT""]","[""HOME"",""GYM""]",BEGINNER,DOMAIN_APPROVED,false,exercise-catalog-v2.0.2-final,WALL_CALF_STRETCH,REX-000099,HOME
REX-000100,REX-000100,1,false,REPRESENTATIVE,,월드 그레이티스트 스트레칭,world_greatest_stretch_mobility_stretch_bodyweight,"[""BODYWEIGHT""]","[""HOME"",""GYM""]",INTERMEDIATE,DOMAIN_APPROVED,false,exercise-catalog-v2.0.2-final,WORLD_GREATEST_STRETCH,REX-000100,GYM
REX-000100,REX-000100,1,false,REPRESENTATIVE,,월드 그레이티스트 스트레칭,world_greatest_stretch_mobility_stretch_bodyweight,"[""BODYWEIGHT""]","[""HOME"",""GYM""]",INTERMEDIATE,DOMAIN_APPROVED,false,exercise-catalog-v2.0.2-final,WORLD_GREATEST_STRETCH,REX-000100,HOME
REX-000101,REX-000101,1,false,REPRESENTATIVE,,손목 돌리기,wrist_circles_mobility_stretch_bodyweight,"[""BODYWEIGHT""]","[""HOME"",""GYM""]",BEGINNER,DOMAIN_APPROVED,false,exercise-catalog-v2.0.2-final,WRIST_CIRCLES,REX-000101,GYM
REX-000101,REX-000101,1,false,REPRESENTATIVE,,손목 돌리기,wrist_circles_mobility_stretch_bodyweight,"[""BODYWEIGHT""]","[""HOME"",""GYM""]",BEGINNER,DOMAIN_APPROVED,false,exercise-catalog-v2.0.2-final,WRIST_CIRCLES,REX-000101,HOME
REX-000102,REX-000102,1,false,REPRESENTATIVE,,리스트 컬,wrist_curl_isolation_barbell,"[""BARBELL""]","[""GYM""]",BEGINNER,DOMAIN_APPROVED,false,exercise-catalog-v2.0.2-final,WRIST_CURL,REX-000102,GYM
VEX-000064,REX-000102,2,true,VARIANT,PRIMARY_VARIANT,덤벨 오버 벤치 리스트 컬,dumbbell_over_bench_wrist_curl_isolation_dumbbell,"[""DUMBBELL""]","[""HOME"",""GYM""]",BEGINNER,REVIEW_REQUIRED,false,exercise-catalog-v2.0.2-final,WRIST_CURL,REX-000102,GYM
VEX-000065,REX-000102,3,true,VARIANT,PRIMARY_VARIANT,밴드 리스트 컬,band_wrist_curl_isolation_resistance_band,"[""RESISTANCE_BAND""]","[""HOME"",""GYM""]",BEGINNER,REVIEW_REQUIRED,false,exercise-catalog-v2.0.2-final,WRIST_CURL,REX-000102,GYM
VEX-000064,VEX-000064,1,false,VARIANT,PRIMARY_VARIANT,덤벨 오버 벤치 리스트 컬,dumbbell_over_bench_wrist_curl_isolation_dumbbell,"[""DUMBBELL""]","[""HOME"",""GYM""]",BEGINNER,REVIEW_REQUIRED,false,exercise-catalog-v2.0.2-final,WRIST_CURL,REX-000102,HOME
VEX-000065,VEX-000064,2,true,VARIANT,PRIMARY_VARIANT,밴드 리스트 컬,band_wrist_curl_isolation_resistance_band,"[""RESISTANCE_BAND""]","[""HOME"",""GYM""]",BEGINNER,REVIEW_REQUIRED,false,exercise-catalog-v2.0.2-final,WRIST_CURL,REX-000102,HOME
