catalog_version_code,family_code,representative_exercise_id,representative_exercise_ids,context_code,context_coverage_status_code,representative_context_eligible,raw_context_candidate_count,context_candidate_count,primary_variant_context_candidate_count,secondary_variant_context_candidate_count,default_exercise_id,default_priority_rank,default_record_type,default_variant_type_code,default_name_ko,default_equipment_codes,fallback_candidate_ids,goal_codes,goal_coverage_status_code,training_type_codes,movement_pattern_codes,primary_body_area_codes,difficulty_codes,phase_codes,review_status_code,review_reason_codes,production_eligible,user_review_decision_code,user_review_status
exercise-catalog-v2.0.2-final,ALL_FOURS_SQUAT_STRETCH,REX-000002,"[""REX-000002""]",GYM,REVIEW_REQUIRED,true,1,1,0,0,REX-000002,1,REPRESENTATIVE,,네발기기 대퇴사두근 스트레칭,"[""BODYWEIGHT""]",[],[],REVIEW_REQUIRED,"[""MOBILITY""]","[""MOBILITY_STRETCH""]","[""HIP"",""KNEE""]","[""INTERMEDIATE""]","[""WARMUP"",""COOLDOWN""]",DOMAIN_APPROVED,"[""GOAL_LINK_NOT_FOUND"",""PRESCRIPTION_LINK_NOT_FOUND""]",false,USER_DIRECT_REVIEW_2026_08_29,COMPLETED
exercise-catalog-v2.0.2-final,ALL_FOURS_SQUAT_STRETCH,REX-000002,"[""REX-000002""]",HOME,REVIEW_REQUIRED,true,1,1,0,0,REX-000002,1,REPRESENTATIVE,,네발기기 대퇴사두근 스트레칭,"[""BODYWEIGHT""]",[],[],REVIEW_REQUIRED,"[""MOBILITY""]","[""MOBILITY_STRETCH""]","[""HIP"",""KNEE""]","[""INTERMEDIATE""]","[""WARMUP"",""COOLDOWN""]",DOMAIN_APPROVED,"[""GOAL_LINK_NOT_FOUND"",""PRESCRIPTION_LINK_NOT_FOUND""]",false,USER_DIRECT_REVIEW_2026_08_29,COMPLETED
exercise-catalog-v2.0.2-final,BARBELL_FRONT_RAISE,REX-000005,"[""REX-000005""]",GYM,COVERED_DRAFT,true,5,5,4,0,REX-000005,1,REPRESENTATIVE,,프론트 레이즈,"[""BARBELL""]","[""VEX-000004"",""VEX-000005"",""VEX-000006"",""VEX-000007""]","[""GENERAL_FITNESS""]",COVERED,"[""STRENGTH""]","[""ISOLATION""]","[""SHOULDER""]","[""BEGINNER""]","[""MAIN""]",DOMAIN_APPROVED,[],false,USER_DIRECT_REVIEW_2026_08_29,COMPLETED
exercise-catalog-v2.0.2-final,BARBELL_FRONT_RAISE,REX-000005,"[""REX-000005""]",HOME,REVIEW_REQUIRED,false,4,4,4,0,VEX-000004,1,VARIANT,PRIMARY_VARIANT,덤벨 프론트 레이즈,"[""DUMBBELL""]","[""VEX-000005"",""VEX-000006"",""VEX-000007""]","[""GENERAL_FITNESS""]",COVERED,"[""STRENGTH""]","[""ISOLATION""]","[""SHOULDER""]","[""BEGINNER""]","[""MAIN""]",DOMAIN_APPROVED,"[""DEFAULT_VARIANT_RELATION_REVIEW_REQUIRED""]",false,USER_DIRECT_REVIEW_2026_08_29,COMPLETED
exercise-catalog-v2.0.2-final,BODYWEIGHT_STANDING_CALF_RAISE,REX-000016,"[""REX-000016""]",GYM,COVERED_DRAFT,true,4,4,3,0,REX-000016,1,REPRESENTATIVE,,스탠딩 카프 레이즈,"[""BODYWEIGHT""]","[""VEX-000026"",""VEX-000027"",""VEX-000028""]","[""GENERAL_FITNESS""]",COVERED,"[""STRENGTH""]","[""ISOLATION""]","[""ANKLE_FOOT""]","[""BEGINNER"",""INTERMEDIATE""]","[""MAIN""]",DOMAIN_APPROVED,[],false,USER_DIRECT_REVIEW_2026_08_29,COMPLETED
exercise-catalog-v2.0.2-final,BODYWEIGHT_STANDING_CALF_RAISE,REX-000016,"[""REX-000016""]",HOME,COVERED_DRAFT,true,4,4,3,0,REX-000016,1,REPRESENTATIVE,,스탠딩 카프 레이즈,"[""BODYWEIGHT""]","[""VEX-000026"",""VEX-000027"",""VEX-000028""]","[""GENERAL_FITNESS""]",COVERED,"[""STRENGTH""]","[""ISOLATION""]","[""ANKLE_FOOT""]","[""BEGINNER"",""INTERMEDIATE""]","[""MAIN""]",DOMAIN_APPROVED,[],false,USER_DIRECT_REVIEW_2026_08_29,COMPLETED
exercise-catalog-v2.0.2-final,BUTTERFLY_ADDUCTOR_STRETCH,REX-000017,"[""REX-000017""]",GYM,COVERED_DRAFT,true,1,1,0,0,REX-000017,1,REPRESENTATIVE,,버터플라이 스트레칭,"[""BODYWEIGHT""]",[],"[""GENERAL_FITNESS""]",COVERED,"[""MOBILITY""]","[""MOBILITY_STRETCH""]","[""HIP""]","[""BEGINNER""]","[""WARMUP"",""COOLDOWN""]",DOMAIN_APPROVED,[],false,USER_DIRECT_REVIEW_2026_08_29,COMPLETED
exercise-catalog-v2.0.2-final,BUTTERFLY_ADDUCTOR_STRETCH,REX-000017,"[""REX-000017""]",HOME,COVERED_DRAFT,true,1,1,0,0,REX-000017,1,REPRESENTATIVE,,버터플라이 스트레칭,"[""BODYWEIGHT""]",[],"[""GENERAL_FITNESS""]",COVERED,"[""MOBILITY""]","[""MOBILITY_STRETCH""]","[""HIP""]","[""BEGINNER""]","[""WARMUP"",""COOLDOWN""]",DOMAIN_APPROVED,[],false,USER_DIRECT_REVIEW_2026_08_29,COMPLETED
exercise-catalog-v2.0.2-final,CARDIO,,"[""REX-000059"",""REX-000060"",""REX-000067"",""REX-000072""]",GYM,REVIEW_REQUIRED,false,4,0,0,0,,,,,,[],[],[],REVIEW_REQUIRED,"[""CARDIO""]","[""CYCLING"",""ELLIPTICAL"",""JUMP_PLYOMETRIC""]","[""ANKLE_FOOT"",""HIP"",""KNEE""]","[""BEGINNER"",""INTERMEDIATE""]","[""MAIN""]",DOMAIN_APPROVED,"[""MULTIPLE_REPRESENTATIVES_IN_FAMILY""]",false,USER_DIRECT_REVIEW_2026_08_29,COMPLETED
exercise-catalog-v2.0.2-final,CARDIO,,"[""REX-000059"",""REX-000060"",""REX-000067"",""REX-000072""]",HOME,REVIEW_REQUIRED,false,2,0,0,0,,,,,,[],[],[],REVIEW_REQUIRED,"[""CARDIO""]","[""JUMP_PLYOMETRIC""]","[""ANKLE_FOOT"",""KNEE""]","[""BEGINNER"",""INTERMEDIATE""]","[""MAIN""]",DOMAIN_APPROVED,"[""MULTIPLE_REPRESENTATIVES_IN_FAMILY""]",false,USER_DIRECT_REVIEW_2026_08_29,COMPLETED
exercise-catalog-v2.0.2-final,CHAIR_LEG_EXTENDED_STRETCH,REX-000020,"[""REX-000020""]",GYM,COVERED_DRAFT,true,1,1,0,0,REX-000020,1,REPRESENTATIVE,,시티드 레그 익스텐션 스트레칭,"[""BODYWEIGHT""]",[],"[""GENERAL_FITNESS""]",COVERED,"[""MOBILITY""]","[""MOBILITY_STRETCH""]","[""KNEE""]","[""BEGINNER""]","[""WARMUP"",""COOLDOWN""]",DOMAIN_APPROVED,[],false,USER_DIRECT_REVIEW_2026_08_29,COMPLETED
exercise-catalog-v2.0.2-final,CHAIR_LEG_EXTENDED_STRETCH,REX-000020,"[""REX-000020""]",HOME,COVERED_DRAFT,true,1,1,0,0,REX-000020,1,REPRESENTATIVE,,시티드 레그 익스텐션 스트레칭,"[""BODYWEIGHT""]",[],"[""GENERAL_FITNESS""]",COVERED,"[""MOBILITY""]","[""MOBILITY_STRETCH""]","[""KNEE""]","[""BEGINNER""]","[""WARMUP"",""COOLDOWN""]",DOMAIN_APPROVED,[],false,USER_DIRECT_REVIEW_2026_08_29,COMPLETED
exercise-catalog-v2.0.2-final,CHEST_FRONT_SHOULDER_STRETCH,REX-000021,"[""REX-000021""]",GYM,COVERED_DRAFT,true,1,1,0,0,REX-000021,1,REPRESENTATIVE,,가슴·어깨 앞면 스트레칭,"[""BODYWEIGHT""]",[],"[""GENERAL_FITNESS""]",COVERED,"[""MOBILITY""]","[""MOBILITY_STRETCH""]","[""CHEST"",""SHOULDER""]","[""BEGINNER""]","[""WARMUP"",""COOLDOWN""]",DOMAIN_APPROVED,[],false,USER_DIRECT_REVIEW_2026_08_29,COMPLETED
exercise-catalog-v2.0.2-final,CHEST_FRONT_SHOULDER_STRETCH,REX-000021,"[""REX-000021""]",HOME,COVERED_DRAFT,true,1,1,0,0,REX-000021,1,REPRESENTATIVE,,가슴·어깨 앞면 스트레칭,"[""BODYWEIGHT""]",[],"[""GENERAL_FITNESS""]",COVERED,"[""MOBILITY""]","[""MOBILITY_STRETCH""]","[""CHEST"",""SHOULDER""]","[""BEGINNER""]","[""WARMUP"",""COOLDOWN""]",DOMAIN_APPROVED,[],false,USER_DIRECT_REVIEW_2026_08_29,COMPLETED
exercise-catalog-v2.0.2-final,DUMBBELL_SHRUG,REX-000029,"[""REX-000029""]",GYM,COVERED_DRAFT,true,6,6,5,0,REX-000029,1,REPRESENTATIVE,,슈러그,"[""DUMBBELL""]","[""VEX-000037"",""VEX-000038"",""VEX-000039"",""VEX-000040"",""VEX-000041""]","[""GENERAL_FITNESS""]",COVERED,"[""STRENGTH""]","[""ISOLATION""]","[""UPPER_BACK""]","[""BEGINNER""]","[""MAIN""]",DOMAIN_APPROVED,[],false,USER_DIRECT_REVIEW_2026_08_29,COMPLETED
exercise-catalog-v2.0.2-final,DUMBBELL_SHRUG,REX-000029,"[""REX-000029""]",HOME,COVERED_DRAFT,true,5,5,4,0,REX-000029,1,REPRESENTATIVE,,슈러그,"[""DUMBBELL""]","[""VEX-000038"",""VEX-000039"",""VEX-000040"",""VEX-000041""]","[""GENERAL_FITNESS""]",COVERED,"[""STRENGTH""]","[""ISOLATION""]","[""UPPER_BACK""]","[""BEGINNER""]","[""MAIN""]",DOMAIN_APPROVED,[],false,USER_DIRECT_REVIEW_2026_08_29,COMPLETED
exercise-catalog-v2.0.2-final,DUMBBELL_STANDING_CURL,REX-000030,"[""REX-000030""]",GYM,COVERED_DRAFT,true,1,1,0,0,REX-000030,1,REPRESENTATIVE,,덤벨 바이셉스 컬,"[""DUMBBELL""]",[],"[""GENERAL_FITNESS""]",COVERED,"[""STRENGTH""]","[""ISOLATION""]","[""ELBOW""]","[""BEGINNER""]","[""MAIN""]",DOMAIN_APPROVED,[],false,USER_DIRECT_REVIEW_2026_08_29,COMPLETED
exercise-catalog-v2.0.2-final,DUMBBELL_STANDING_CURL,REX-000030,"[""REX-000030""]",HOME,COVERED_DRAFT,true,1,1,0,0,REX-000030,1,REPRESENTATIVE,,덤벨 바이셉스 컬,"[""DUMBBELL""]",[],"[""GENERAL_FITNESS""]",COVERED,"[""STRENGTH""]","[""ISOLATION""]","[""ELBOW""]","[""BEGINNER""]","[""MAIN""]",DOMAIN_APPROVED,[],false,USER_DIRECT_REVIEW_2026_08_29,COMPLETED
exercise-catalog-v2.0.2-final,DYNAMIC_CHEST_STRETCH,REX-000032,"[""REX-000032""]",GYM,COVERED_DRAFT,true,1,1,0,0,REX-000032,1,REPRESENTATIVE,,다이내믹 가슴 스트레칭,"[""BODYWEIGHT""]",[],"[""GENERAL_FITNESS""]",COVERED,"[""MOBILITY""]","[""MOBILITY_STRETCH""]","[""CHEST""]","[""BEGINNER""]","[""WARMUP"",""COOLDOWN""]",DOMAIN_APPROVED,[],false,USER_DIRECT_REVIEW_2026_08_29,COMPLETED
exercise-catalog-v2.0.2-final,DYNAMIC_CHEST_STRETCH,REX-000032,"[""REX-000032""]",HOME,COVERED_DRAFT,true,1,1,0,0,REX-000032,1,REPRESENTATIVE,,다이내믹 가슴 스트레칭,"[""BODYWEIGHT""]",[],"[""GENERAL_FITNESS""]",COVERED,"[""MOBILITY""]","[""MOBILITY_STRETCH""]","[""CHEST""]","[""BEGINNER""]","[""WARMUP"",""COOLDOWN""]",DOMAIN_APPROVED,[],false,USER_DIRECT_REVIEW_2026_08_29,COMPLETED
exercise-catalog-v2.0.2-final,EXERCISE_BALL_HIP_FLEXOR_STRETCH,REX-000033,"[""REX-000033""]",GYM,COVERED_DRAFT,true,1,1,0,0,REX-000033,1,REPRESENTATIVE,,짐볼 고관절 스트레칭,"[""STABILITY_BALL""]",[],"[""GENERAL_FITNESS""]",COVERED,"[""MOBILITY""]","[""MOBILITY_STRETCH""]","[""HIP""]","[""INTERMEDIATE""]","[""WARMUP"",""COOLDOWN""]",DOMAIN_APPROVED,[],false,USER_DIRECT_REVIEW_2026_08_29,COMPLETED
exercise-catalog-v2.0.2-final,EXERCISE_BALL_HIP_FLEXOR_STRETCH,REX-000033,"[""REX-000033""]",HOME,UNAVAILABLE,false,0,0,0,0,,,,,,[],[],"[""GENERAL_FITNESS""]",COVERED,[],[],[],[],[],DOMAIN_APPROVED,"[""LOCATION_NOT_DECLARED""]",false,USER_DIRECT_REVIEW_2026_08_29,COMPLETED
exercise-catalog-v2.0.2-final,HAMSTRING_STRETCH,REX-000034,"[""REX-000034""]",GYM,COVERED_DRAFT,true,1,1,0,0,REX-000034,1,REPRESENTATIVE,,햄스트링 스트레칭,"[""BODYWEIGHT""]",[],"[""GENERAL_FITNESS""]",COVERED,"[""MOBILITY""]","[""MOBILITY_STRETCH""]","[""KNEE""]","[""BEGINNER""]","[""WARMUP"",""COOLDOWN""]",DOMAIN_APPROVED,[],false,USER_DIRECT_REVIEW_2026_08_29,COMPLETED
exercise-catalog-v2.0.2-final,HAMSTRING_STRETCH,REX-000034,"[""REX-000034""]",HOME,COVERED_DRAFT,true,1,1,0,0,REX-000034,1,REPRESENTATIVE,,햄스트링 스트레칭,"[""BODYWEIGHT""]",[],"[""GENERAL_FITNESS""]",COVERED,"[""MOBILITY""]","[""MOBILITY_STRETCH""]","[""KNEE""]","[""BEGINNER""]","[""WARMUP"",""COOLDOWN""]",DOMAIN_APPROVED,[],false,USER_DIRECT_REVIEW_2026_08_29,COMPLETED
exercise-catalog-v2.0.2-final,HIP_FLEXOR_QUADRICEPS_STRETCH,REX-000036,"[""REX-000036""]",GYM,COVERED_DRAFT,true,1,1,0,0,REX-000036,1,REPRESENTATIVE,,고관절 굴근·대퇴사두근 스트레칭,"[""STRETCH_STRAP""]",[],"[""GENERAL_FITNESS""]",COVERED,"[""MOBILITY""]","[""MOBILITY_STRETCH""]","[""KNEE""]","[""INTERMEDIATE""]","[""WARMUP"",""COOLDOWN""]",DOMAIN_APPROVED,[],false,USER_DIRECT_REVIEW_2026_08_29,COMPLETED
exercise-catalog-v2.0.2-final,HIP_FLEXOR_QUADRICEPS_STRETCH,REX-000036,"[""REX-000036""]",HOME,UNAVAILABLE,false,0,0,0,0,,,,,,[],[],"[""GENERAL_FITNESS""]",COVERED,[],[],[],[],[],DOMAIN_APPROVED,"[""LOCATION_NOT_DECLARED""]",false,USER_DIRECT_REVIEW_2026_08_29,COMPLETED
exercise-catalog-v2.0.2-final,KNEELING_LAT_STRETCH,REX-000039,"[""REX-000039""]",GYM,COVERED_DRAFT,true,1,1,0,0,REX-000039,1,REPRESENTATIVE,,무릎 꿇고 광배근 스트레칭,"[""BODYWEIGHT""]",[],"[""GENERAL_FITNESS""]",COVERED,"[""MOBILITY""]","[""MOBILITY_STRETCH""]","[""UPPER_BACK""]","[""BEGINNER""]","[""WARMUP"",""COOLDOWN""]",DOMAIN_APPROVED,[],false,USER_DIRECT_REVIEW_2026_08_29,COMPLETED
exercise-catalog-v2.0.2-final,KNEELING_LAT_STRETCH,REX-000039,"[""REX-000039""]",HOME,COVERED_DRAFT,true,1,1,0,0,REX-000039,1,REPRESENTATIVE,,무릎 꿇고 광배근 스트레칭,"[""BODYWEIGHT""]",[],"[""GENERAL_FITNESS""]",COVERED,"[""MOBILITY""]","[""MOBILITY_STRETCH""]","[""UPPER_BACK""]","[""BEGINNER""]","[""WARMUP"",""COOLDOWN""]",DOMAIN_APPROVED,[],false,USER_DIRECT_REVIEW_2026_08_29,COMPLETED
exercise-catalog-v2.0.2-final,NECK_LATERAL_STRETCH,REX-000045,"[""REX-000045""]",GYM,COVERED_DRAFT,true,2,2,1,0,REX-000045,1,REPRESENTATIVE,,목 옆면 스트레칭,"[""BODYWEIGHT""]","[""VEX-000045""]","[""GENERAL_FITNESS""]",COVERED,"[""MOBILITY""]","[""MOBILITY_STRETCH""]","[""NECK"",""SHOULDER""]","[""BEGINNER""]","[""WARMUP"",""COOLDOWN""]",DOMAIN_APPROVED,[],false,USER_DIRECT_REVIEW_2026_08_29,COMPLETED
exercise-catalog-v2.0.2-final,NECK_LATERAL_STRETCH,REX-000045,"[""REX-000045""]",HOME,COVERED_DRAFT,true,2,2,1,0,REX-000045,1,REPRESENTATIVE,,목 옆면 스트레칭,"[""BODYWEIGHT""]","[""VEX-000045""]","[""GENERAL_FITNESS""]",COVERED,"[""MOBILITY""]","[""MOBILITY_STRETCH""]","[""NECK"",""SHOULDER""]","[""BEGINNER""]","[""WARMUP"",""COOLDOWN""]",DOMAIN_APPROVED,[],false,USER_DIRECT_REVIEW_2026_08_29,COMPLETED
exercise-catalog-v2.0.2-final,ONE_ARM_WALL_LATS,REX-000046,"[""REX-000046""]",GYM,COVERED_DRAFT,true,1,1,0,0,REX-000046,1,REPRESENTATIVE,,벽 짚고 한 팔 광배근 스트레칭,"[""BODYWEIGHT""]",[],"[""GENERAL_FITNESS""]",COVERED,"[""STRENGTH""]","[""ISOLATION""]","[""UPPER_BACK""]","[""BEGINNER""]","[""MAIN""]",DOMAIN_APPROVED,[],false,USER_DIRECT_REVIEW_2026_08_29,COMPLETED
exercise-catalog-v2.0.2-final,ONE_ARM_WALL_LATS,REX-000046,"[""REX-000046""]",HOME,COVERED_DRAFT,true,1,1,0,0,REX-000046,1,REPRESENTATIVE,,벽 짚고 한 팔 광배근 스트레칭,"[""BODYWEIGHT""]",[],"[""GENERAL_FITNESS""]",COVERED,"[""STRENGTH""]","[""ISOLATION""]","[""UPPER_BACK""]","[""BEGINNER""]","[""MAIN""]",DOMAIN_APPROVED,[],false,USER_DIRECT_REVIEW_2026_08_29,COMPLETED
exercise-catalog-v2.0.2-final,OVERHEAD_TRICEPS_STRETCH,REX-000048,"[""REX-000048""]",GYM,COVERED_DRAFT,true,1,1,0,0,REX-000048,1,REPRESENTATIVE,,오버헤드 삼두근 스트레칭,"[""BODYWEIGHT""]",[],"[""GENERAL_FITNESS""]",COVERED,"[""MOBILITY""]","[""MOBILITY_STRETCH""]","[""ELBOW""]","[""BEGINNER""]","[""WARMUP"",""COOLDOWN""]",DOMAIN_APPROVED,[],false,USER_DIRECT_REVIEW_2026_08_29,COMPLETED
exercise-catalog-v2.0.2-final,OVERHEAD_TRICEPS_STRETCH,REX-000048,"[""REX-000048""]",HOME,COVERED_DRAFT,true,1,1,0,0,REX-000048,1,REPRESENTATIVE,,오버헤드 삼두근 스트레칭,"[""BODYWEIGHT""]",[],"[""GENERAL_FITNESS""]",COVERED,"[""MOBILITY""]","[""MOBILITY_STRETCH""]","[""ELBOW""]","[""BEGINNER""]","[""WARMUP"",""COOLDOWN""]",DOMAIN_APPROVED,[],false,USER_DIRECT_REVIEW_2026_08_29,COMPLETED
exercise-catalog-v2.0.2-final,PERONEAL_STRETCH,REX-000050,"[""REX-000050""]",GYM,COVERED_DRAFT,true,1,1,0,0,REX-000050,1,REPRESENTATIVE,,종아리 바깥쪽 스트레칭,"[""STRETCH_STRAP""]",[],"[""GENERAL_FITNESS""]",COVERED,"[""MOBILITY""]","[""MOBILITY_STRETCH""]","[""ANKLE_FOOT""]","[""INTERMEDIATE""]","[""WARMUP"",""COOLDOWN""]",DOMAIN_APPROVED,[],false,USER_DIRECT_REVIEW_2026_08_29,COMPLETED
exercise-catalog-v2.0.2-final,PERONEAL_STRETCH,REX-000050,"[""REX-000050""]",HOME,UNAVAILABLE,false,0,0,0,0,,,,,,[],[],"[""GENERAL_FITNESS""]",COVERED,[],[],[],[],[],DOMAIN_APPROVED,"[""LOCATION_NOT_DECLARED""]",false,USER_DIRECT_REVIEW_2026_08_29,COMPLETED
exercise-catalog-v2.0.2-final,REAR_DELTOID_STRETCH,REX-000053,"[""REX-000053""]",GYM,COVERED_DRAFT,true,1,1,0,0,REX-000053,1,REPRESENTATIVE,,후면 어깨 스트레칭,"[""BODYWEIGHT""]",[],"[""GENERAL_FITNESS""]",COVERED,"[""MOBILITY""]","[""MOBILITY_STRETCH""]","[""SHOULDER""]","[""BEGINNER""]","[""WARMUP"",""COOLDOWN""]",DOMAIN_APPROVED,[],false,USER_DIRECT_REVIEW_2026_08_29,COMPLETED
exercise-catalog-v2.0.2-final,REAR_DELTOID_STRETCH,REX-000053,"[""REX-000053""]",HOME,COVERED_DRAFT,true,1,1,0,0,REX-000053,1,REPRESENTATIVE,,후면 어깨 스트레칭,"[""BODYWEIGHT""]",[],"[""GENERAL_FITNESS""]",COVERED,"[""MOBILITY""]","[""MOBILITY_STRETCH""]","[""SHOULDER""]","[""BEGINNER""]","[""WARMUP"",""COOLDOWN""]",DOMAIN_APPROVED,[],false,USER_DIRECT_REVIEW_2026_08_29,COMPLETED
exercise-catalog-v2.0.2-final,REVERSE_CALF_RAISE,REX-000054,"[""REX-000054""]",GYM,COVERED_DRAFT,true,1,1,0,0,REX-000054,1,REPRESENTATIVE,,리버스 카프 레이즈,"[""RESISTANCE_BAND""]",[],"[""GENERAL_FITNESS""]",COVERED,"[""STRENGTH""]","[""ISOLATION""]","[""ANKLE_FOOT""]","[""INTERMEDIATE""]","[""MAIN""]",DOMAIN_APPROVED,[],false,USER_DIRECT_REVIEW_2026_08_29,COMPLETED
exercise-catalog-v2.0.2-final,REVERSE_CALF_RAISE,REX-000054,"[""REX-000054""]",HOME,COVERED_DRAFT,true,1,1,0,0,REX-000054,1,REPRESENTATIVE,,리버스 카프 레이즈,"[""RESISTANCE_BAND""]",[],"[""GENERAL_FITNESS""]",COVERED,"[""STRENGTH""]","[""ISOLATION""]","[""ANKLE_FOOT""]","[""INTERMEDIATE""]","[""MAIN""]",DOMAIN_APPROVED,[],false,USER_DIRECT_REVIEW_2026_08_29,COMPLETED
exercise-catalog-v2.0.2-final,ROLLER_BACK_STRETCH,REX-000073,"[""REX-000073""]",GYM,COVERED_DRAFT,true,1,1,0,0,REX-000073,1,REPRESENTATIVE,,롤러 등 스트레칭,"[""FOAM_ROLLER""]",[],"[""GENERAL_FITNESS""]",COVERED,"[""MOBILITY""]","[""MOBILITY_STRETCH""]","[""UPPER_BACK""]","[""INTERMEDIATE""]","[""WARMUP"",""COOLDOWN""]",DOMAIN_APPROVED,[],false,USER_DIRECT_REVIEW_2026_08_29,COMPLETED
exercise-catalog-v2.0.2-final,ROLLER_BACK_STRETCH,REX-000073,"[""REX-000073""]",HOME,COVERED_DRAFT,true,1,1,0,0,REX-000073,1,REPRESENTATIVE,,롤러 등 스트레칭,"[""FOAM_ROLLER""]",[],"[""GENERAL_FITNESS""]",COVERED,"[""MOBILITY""]","[""MOBILITY_STRETCH""]","[""UPPER_BACK""]","[""INTERMEDIATE""]","[""WARMUP"",""COOLDOWN""]",DOMAIN_APPROVED,[],false,USER_DIRECT_REVIEW_2026_08_29,COMPLETED
exercise-catalog-v2.0.2-final,ROLLER_HIP_STRETCH,REX-000074,"[""REX-000074""]",GYM,COVERED_DRAFT,true,1,1,0,0,REX-000074,1,REPRESENTATIVE,,롤러 둔근 스트레칭,"[""FOAM_ROLLER""]",[],"[""GENERAL_FITNESS""]",COVERED,"[""MOBILITY""]","[""MOBILITY_STRETCH""]","[""HIP""]","[""INTERMEDIATE""]","[""WARMUP"",""COOLDOWN""]",DOMAIN_APPROVED,[],false,USER_DIRECT_REVIEW_2026_08_29,COMPLETED
exercise-catalog-v2.0.2-final,ROLLER_HIP_STRETCH,REX-000074,"[""REX-000074""]",HOME,COVERED_DRAFT,true,1,1,0,0,REX-000074,1,REPRESENTATIVE,,롤러 둔근 스트레칭,"[""FOAM_ROLLER""]",[],"[""GENERAL_FITNESS""]",COVERED,"[""MOBILITY""]","[""MOBILITY_STRETCH""]","[""HIP""]","[""INTERMEDIATE""]","[""WARMUP"",""COOLDOWN""]",DOMAIN_APPROVED,[],false,USER_DIRECT_REVIEW_2026_08_29,COMPLETED
exercise-catalog-v2.0.2-final,RUNNERS_STRETCH,REX-000077,"[""REX-000077""]",GYM,COVERED_DRAFT,true,1,1,0,0,REX-000077,1,REPRESENTATIVE,,러너스 스트레칭,"[""BODYWEIGHT""]",[],"[""GENERAL_FITNESS""]",COVERED,"[""MOBILITY""]","[""MOBILITY_STRETCH""]","[""ANKLE_FOOT"",""KNEE""]","[""BEGINNER""]","[""WARMUP"",""COOLDOWN""]",DOMAIN_APPROVED,[],false,USER_DIRECT_REVIEW_2026_08_29,COMPLETED
exercise-catalog-v2.0.2-final,RUNNERS_STRETCH,REX-000077,"[""REX-000077""]",HOME,COVERED_DRAFT,true,1,1,0,0,REX-000077,1,REPRESENTATIVE,,러너스 스트레칭,"[""BODYWEIGHT""]",[],"[""GENERAL_FITNESS""]",COVERED,"[""MOBILITY""]","[""MOBILITY_STRETCH""]","[""ANKLE_FOOT"",""KNEE""]","[""BEGINNER""]","[""WARMUP"",""COOLDOWN""]",DOMAIN_APPROVED,[],false,USER_DIRECT_REVIEW_2026_08_29,COMPLETED
exercise-catalog-v2.0.2-final,SEATED_CALF_RAISE,REX-000080,"[""REX-000080""]",GYM,COVERED_DRAFT,true,3,3,2,0,REX-000080,1,REPRESENTATIVE,,시티드 카프 레이즈,"[""BARBELL""]","[""VEX-000054"",""VEX-000055""]","[""GENERAL_FITNESS""]",COVERED,"[""STRENGTH""]","[""ISOLATION""]","[""ANKLE_FOOT""]","[""BEGINNER""]","[""MAIN""]",DOMAIN_APPROVED,[],false,USER_DIRECT_REVIEW_2026_08_29,COMPLETED
exercise-catalog-v2.0.2-final,SEATED_CALF_RAISE,REX-000080,"[""REX-000080""]",HOME,REVIEW_REQUIRED,false,1,1,1,0,VEX-000055,1,VARIANT,PRIMARY_VARIANT,덤벨 시티드 카프 레이즈,"[""DUMBBELL""]",[],"[""GENERAL_FITNESS""]",COVERED,"[""STRENGTH""]","[""ISOLATION""]","[""ANKLE_FOOT""]","[""BEGINNER""]","[""MAIN""]",DOMAIN_APPROVED,"[""DEFAULT_VARIANT_RELATION_REVIEW_REQUIRED""]",false,USER_DIRECT_REVIEW_2026_08_29,COMPLETED
exercise-catalog-v2.0.2-final,SEATED_CALF_STRETCH,REX-000081,"[""REX-000081""]",GYM,COVERED_DRAFT,true,1,1,0,0,REX-000081,1,REPRESENTATIVE,,앉아서 종아리 스트레칭,"[""BODYWEIGHT""]",[],"[""GENERAL_FITNESS""]",COVERED,"[""MOBILITY""]","[""MOBILITY_STRETCH""]","[""ANKLE_FOOT""]","[""BEGINNER""]","[""WARMUP"",""COOLDOWN""]",DOMAIN_APPROVED,[],false,USER_DIRECT_REVIEW_2026_08_29,COMPLETED
exercise-catalog-v2.0.2-final,SEATED_CALF_STRETCH,REX-000081,"[""REX-000081""]",HOME,COVERED_DRAFT,true,1,1,0,0,REX-000081,1,REPRESENTATIVE,,앉아서 종아리 스트레칭,"[""BODYWEIGHT""]",[],"[""GENERAL_FITNESS""]",COVERED,"[""MOBILITY""]","[""MOBILITY_STRETCH""]","[""ANKLE_FOOT""]","[""BEGINNER""]","[""WARMUP"",""COOLDOWN""]",DOMAIN_APPROVED,[],false,USER_DIRECT_REVIEW_2026_08_29,COMPLETED
exercise-catalog-v2.0.2-final,SEATED_GLUTE_STRETCH,REX-000082,"[""REX-000082""]",GYM,COVERED_DRAFT,true,1,1,0,0,REX-000082,1,REPRESENTATIVE,,앉아서 둔근 스트레칭,"[""BODYWEIGHT""]",[],"[""GENERAL_FITNESS""]",COVERED,"[""MOBILITY""]","[""MOBILITY_STRETCH""]","[""HIP""]","[""BEGINNER""]","[""WARMUP"",""COOLDOWN""]",DOMAIN_APPROVED,[],false,USER_DIRECT_REVIEW_2026_08_29,COMPLETED
exercise-catalog-v2.0.2-final,SEATED_GLUTE_STRETCH,REX-000082,"[""REX-000082""]",HOME,COVERED_DRAFT,true,1,1,0,0,REX-000082,1,REPRESENTATIVE,,앉아서 둔근 스트레칭,"[""BODYWEIGHT""]",[],"[""GENERAL_FITNESS""]",COVERED,"[""MOBILITY""]","[""MOBILITY_STRETCH""]","[""HIP""]","[""BEGINNER""]","[""WARMUP"",""COOLDOWN""]",DOMAIN_APPROVED,[],false,USER_DIRECT_REVIEW_2026_08_29,COMPLETED
exercise-catalog-v2.0.2-final,SEATED_LOWER_BACK_STRETCH,REX-000084,"[""REX-000084""]",GYM,COVERED_DRAFT,true,1,1,0,0,REX-000084,1,REPRESENTATIVE,,앉아서 허리 스트레칭,"[""BODYWEIGHT""]",[],"[""GENERAL_FITNESS""]",COVERED,"[""MOBILITY""]","[""MOBILITY_STRETCH""]","[""LOWER_BACK""]","[""BEGINNER""]","[""WARMUP"",""COOLDOWN""]",DOMAIN_APPROVED,[],false,USER_DIRECT_REVIEW_2026_08_29,COMPLETED
exercise-catalog-v2.0.2-final,SEATED_LOWER_BACK_STRETCH,REX-000084,"[""REX-000084""]",HOME,COVERED_DRAFT,true,1,1,0,0,REX-000084,1,REPRESENTATIVE,,앉아서 허리 스트레칭,"[""BODYWEIGHT""]",[],"[""GENERAL_FITNESS""]",COVERED,"[""MOBILITY""]","[""MOBILITY_STRETCH""]","[""LOWER_BACK""]","[""BEGINNER""]","[""WARMUP"",""COOLDOWN""]",DOMAIN_APPROVED,[],false,USER_DIRECT_REVIEW_2026_08_29,COMPLETED
exercise-catalog-v2.0.2-final,SEATED_PIRIFORMIS_STRETCH,REX-000085,"[""REX-000085""]",GYM,COVERED_DRAFT,true,1,1,0,0,REX-000085,1,REPRESENTATIVE,,앉아서 이상근 스트레칭,"[""BODYWEIGHT""]",[],"[""GENERAL_FITNESS""]",COVERED,"[""MOBILITY""]","[""MOBILITY_STRETCH""]","[""HIP""]","[""BEGINNER""]","[""WARMUP"",""COOLDOWN""]",DOMAIN_APPROVED,[],false,USER_DIRECT_REVIEW_2026_08_29,COMPLETED
exercise-catalog-v2.0.2-final,SEATED_PIRIFORMIS_STRETCH,REX-000085,"[""REX-000085""]",HOME,COVERED_DRAFT,true,1,1,0,0,REX-000085,1,REPRESENTATIVE,,앉아서 이상근 스트레칭,"[""BODYWEIGHT""]",[],"[""GENERAL_FITNESS""]",COVERED,"[""MOBILITY""]","[""MOBILITY_STRETCH""]","[""HIP""]","[""BEGINNER""]","[""WARMUP"",""COOLDOWN""]",DOMAIN_APPROVED,[],false,USER_DIRECT_REVIEW_2026_08_29,COMPLETED
exercise-catalog-v2.0.2-final,SEATED_WIDE_ANGLE_STRETCH,REX-000087,"[""REX-000087""]",GYM,COVERED_DRAFT,true,1,1,0,0,REX-000087,1,REPRESENTATIVE,,시티드 와이드 앵글 스트레칭,"[""BODYWEIGHT""]",[],"[""GENERAL_FITNESS""]",COVERED,"[""MOBILITY""]","[""MOBILITY_STRETCH""]","[""HIP"",""KNEE""]","[""INTERMEDIATE""]","[""WARMUP"",""COOLDOWN""]",DOMAIN_APPROVED,[],false,USER_DIRECT_REVIEW_2026_08_29,COMPLETED
exercise-catalog-v2.0.2-final,SEATED_WIDE_ANGLE_STRETCH,REX-000087,"[""REX-000087""]",HOME,COVERED_DRAFT,true,1,1,0,0,REX-000087,1,REPRESENTATIVE,,시티드 와이드 앵글 스트레칭,"[""BODYWEIGHT""]",[],"[""GENERAL_FITNESS""]",COVERED,"[""MOBILITY""]","[""MOBILITY_STRETCH""]","[""HIP"",""KNEE""]","[""INTERMEDIATE""]","[""WARMUP"",""COOLDOWN""]",DOMAIN_APPROVED,[],false,USER_DIRECT_REVIEW_2026_08_29,COMPLETED
exercise-catalog-v2.0.2-final,SIDE_LYING_QUADRICEPS_STRETCH,REX-000088,"[""REX-000088""]",GYM,COVERED_DRAFT,true,1,1,0,0,REX-000088,1,REPRESENTATIVE,,옆으로 누워 대퇴사두근 스트레칭,"[""BODYWEIGHT""]",[],"[""GENERAL_FITNESS""]",COVERED,"[""MOBILITY""]","[""MOBILITY_STRETCH""]","[""KNEE""]","[""BEGINNER""]","[""WARMUP"",""COOLDOWN""]",DOMAIN_APPROVED,[],false,USER_DIRECT_REVIEW_2026_08_29,COMPLETED
exercise-catalog-v2.0.2-final,SIDE_LYING_QUADRICEPS_STRETCH,REX-000088,"[""REX-000088""]",HOME,COVERED_DRAFT,true,1,1,0,0,REX-000088,1,REPRESENTATIVE,,옆으로 누워 대퇴사두근 스트레칭,"[""BODYWEIGHT""]",[],"[""GENERAL_FITNESS""]",COVERED,"[""MOBILITY""]","[""MOBILITY_STRETCH""]","[""KNEE""]","[""BEGINNER""]","[""WARMUP"",""COOLDOWN""]",DOMAIN_APPROVED,[],false,USER_DIRECT_REVIEW_2026_08_29,COMPLETED
exercise-catalog-v2.0.2-final,SIDE_WRIST_PULL_STRETCH,REX-000089,"[""REX-000089""]",GYM,COVERED_DRAFT,true,1,1,0,0,REX-000089,1,REPRESENTATIVE,,손목 당기기 스트레칭,"[""BODYWEIGHT""]",[],"[""GENERAL_FITNESS""]",COVERED,"[""MOBILITY""]","[""MOBILITY_STRETCH""]","[""WRIST_HAND""]","[""BEGINNER""]","[""WARMUP"",""COOLDOWN""]",DOMAIN_APPROVED,[],false,USER_DIRECT_REVIEW_2026_08_29,COMPLETED
exercise-catalog-v2.0.2-final,SIDE_WRIST_PULL_STRETCH,REX-000089,"[""REX-000089""]",HOME,COVERED_DRAFT,true,1,1,0,0,REX-000089,1,REPRESENTATIVE,,손목 당기기 스트레칭,"[""BODYWEIGHT""]",[],"[""GENERAL_FITNESS""]",COVERED,"[""MOBILITY""]","[""MOBILITY_STRETCH""]","[""WRIST_HAND""]","[""BEGINNER""]","[""WARMUP"",""COOLDOWN""]",DOMAIN_APPROVED,[],false,USER_DIRECT_REVIEW_2026_08_29,COMPLETED
exercise-catalog-v2.0.2-final,SPINE_STRETCH,REX-000091,"[""REX-000091""]",GYM,COVERED_DRAFT,true,1,1,0,0,REX-000091,1,REPRESENTATIVE,,척추 스트레칭,"[""BODYWEIGHT""]",[],"[""GENERAL_FITNESS""]",COVERED,"[""MOBILITY""]","[""MOBILITY_STRETCH""]","[""LOWER_BACK"",""UPPER_BACK""]","[""BEGINNER""]","[""WARMUP"",""COOLDOWN""]",DOMAIN_APPROVED,[],false,USER_DIRECT_REVIEW_2026_08_29,COMPLETED
exercise-catalog-v2.0.2-final,SPINE_STRETCH,REX-000091,"[""REX-000091""]",HOME,COVERED_DRAFT,true,1,1,0,0,REX-000091,1,REPRESENTATIVE,,척추 스트레칭,"[""BODYWEIGHT""]",[],"[""GENERAL_FITNESS""]",COVERED,"[""MOBILITY""]","[""MOBILITY_STRETCH""]","[""LOWER_BACK"",""UPPER_BACK""]","[""BEGINNER""]","[""WARMUP"",""COOLDOWN""]",DOMAIN_APPROVED,[],false,USER_DIRECT_REVIEW_2026_08_29,COMPLETED
exercise-catalog-v2.0.2-final,STANDING_HAMSTRING_CALF_STRAP_STRETCH,REX-000094,"[""REX-000094""]",GYM,COVERED_DRAFT,true,1,1,0,0,REX-000094,1,REPRESENTATIVE,,스트랩 햄스트링·종아리 스트레칭,"[""STRETCH_STRAP""]",[],"[""GENERAL_FITNESS""]",COVERED,"[""MOBILITY""]","[""MOBILITY_STRETCH""]","[""ANKLE_FOOT"",""KNEE""]","[""BEGINNER""]","[""WARMUP"",""COOLDOWN""]",DOMAIN_APPROVED,[],false,USER_DIRECT_REVIEW_2026_08_29,COMPLETED
exercise-catalog-v2.0.2-final,STANDING_HAMSTRING_CALF_STRAP_STRETCH,REX-000094,"[""REX-000094""]",HOME,UNAVAILABLE,false,0,0,0,0,,,,,,[],[],"[""GENERAL_FITNESS""]",COVERED,[],[],[],[],[],DOMAIN_APPROVED,"[""LOCATION_NOT_DECLARED""]",false,USER_DIRECT_REVIEW_2026_08_29,COMPLETED
exercise-catalog-v2.0.2-final,STANDING_LATERAL_STRETCH,REX-000095,"[""REX-000095""]",GYM,COVERED_DRAFT,true,1,1,0,0,REX-000095,1,REPRESENTATIVE,,서서 옆구리 스트레칭,"[""BODYWEIGHT""]",[],"[""GENERAL_FITNESS""]",COVERED,"[""MOBILITY""]","[""MOBILITY_STRETCH""]","[""UPPER_BACK""]","[""BEGINNER""]","[""WARMUP"",""COOLDOWN""]",DOMAIN_APPROVED,[],false,USER_DIRECT_REVIEW_2026_08_29,COMPLETED
exercise-catalog-v2.0.2-final,STANDING_LATERAL_STRETCH,REX-000095,"[""REX-000095""]",HOME,COVERED_DRAFT,true,1,1,0,0,REX-000095,1,REPRESENTATIVE,,서서 옆구리 스트레칭,"[""BODYWEIGHT""]",[],"[""GENERAL_FITNESS""]",COVERED,"[""MOBILITY""]","[""MOBILITY_STRETCH""]","[""UPPER_BACK""]","[""BEGINNER""]","[""WARMUP"",""COOLDOWN""]",DOMAIN_APPROVED,[],false,USER_DIRECT_REVIEW_2026_08_29,COMPLETED
exercise-catalog-v2.0.2-final,TRICEPS_STRETCH,REX-000096,"[""REX-000096""]",GYM,COVERED_DRAFT,true,1,1,0,0,REX-000096,1,REPRESENTATIVE,,삼두근 스트레칭,"[""BODYWEIGHT""]",[],"[""GENERAL_FITNESS""]",COVERED,"[""MOBILITY""]","[""MOBILITY_STRETCH""]","[""ELBOW""]","[""BEGINNER""]","[""WARMUP"",""COOLDOWN""]",DOMAIN_APPROVED,[],false,USER_DIRECT_REVIEW_2026_08_29,COMPLETED
exercise-catalog-v2.0.2-final,TRICEPS_STRETCH,REX-000096,"[""REX-000096""]",HOME,COVERED_DRAFT,true,1,1,0,0,REX-000096,1,REPRESENTATIVE,,삼두근 스트레칭,"[""BODYWEIGHT""]",[],"[""GENERAL_FITNESS""]",COVERED,"[""MOBILITY""]","[""MOBILITY_STRETCH""]","[""ELBOW""]","[""BEGINNER""]","[""WARMUP"",""COOLDOWN""]",DOMAIN_APPROVED,[],false,USER_DIRECT_REVIEW_2026_08_29,COMPLETED
exercise-catalog-v2.0.2-final,UPPER_BACK_STRETCH,REX-000098,"[""REX-000098""]",GYM,COVERED_DRAFT,true,1,1,0,0,REX-000098,1,REPRESENTATIVE,,상부 등 스트레칭,"[""BODYWEIGHT""]",[],"[""GENERAL_FITNESS""]",COVERED,"[""MOBILITY""]","[""MOBILITY_STRETCH""]","[""UPPER_BACK""]","[""BEGINNER""]","[""WARMUP"",""COOLDOWN""]",DOMAIN_APPROVED,[],false,USER_DIRECT_REVIEW_2026_08_29,COMPLETED
exercise-catalog-v2.0.2-final,UPPER_BACK_STRETCH,REX-000098,"[""REX-000098""]",HOME,COVERED_DRAFT,true,1,1,0,0,REX-000098,1,REPRESENTATIVE,,상부 등 스트레칭,"[""BODYWEIGHT""]",[],"[""GENERAL_FITNESS""]",COVERED,"[""MOBILITY""]","[""MOBILITY_STRETCH""]","[""UPPER_BACK""]","[""BEGINNER""]","[""WARMUP"",""COOLDOWN""]",DOMAIN_APPROVED,[],false,USER_DIRECT_REVIEW_2026_08_29,COMPLETED
exercise-catalog-v2.0.2-final,WALL_CALF_STRETCH,REX-000099,"[""REX-000099""]",GYM,COVERED_DRAFT,true,1,1,0,0,REX-000099,1,REPRESENTATIVE,,벽 짚고 종아리 스트레칭,"[""BODYWEIGHT""]",[],"[""GENERAL_FITNESS""]",COVERED,"[""MOBILITY""]","[""MOBILITY_STRETCH""]","[""ANKLE_FOOT""]","[""BEGINNER""]","[""WARMUP"",""COOLDOWN""]",DOMAIN_APPROVED,[],false,USER_DIRECT_REVIEW_2026_08_29,COMPLETED
exercise-catalog-v2.0.2-final,WALL_CALF_STRETCH,REX-000099,"[""REX-000099""]",HOME,COVERED_DRAFT,true,1,1,0,0,REX-000099,1,REPRESENTATIVE,,벽 짚고 종아리 스트레칭,"[""BODYWEIGHT""]",[],"[""GENERAL_FITNESS""]",COVERED,"[""MOBILITY""]","[""MOBILITY_STRETCH""]","[""ANKLE_FOOT""]","[""BEGINNER""]","[""WARMUP"",""COOLDOWN""]",DOMAIN_APPROVED,[],false,USER_DIRECT_REVIEW_2026_08_29,COMPLETED
exercise-catalog-v2.0.2-final,WORLD_GREATEST_STRETCH,REX-000100,"[""REX-000100""]",GYM,COVERED_DRAFT,true,1,1,0,0,REX-000100,1,REPRESENTATIVE,,월드 그레이티스트 스트레칭,"[""BODYWEIGHT""]",[],"[""GENERAL_FITNESS""]",COVERED,"[""MOBILITY""]","[""MOBILITY_STRETCH""]","[""HIP"",""KNEE""]","[""INTERMEDIATE""]","[""WARMUP"",""COOLDOWN""]",DOMAIN_APPROVED,[],false,USER_DIRECT_REVIEW_2026_08_29,COMPLETED
exercise-catalog-v2.0.2-final,WORLD_GREATEST_STRETCH,REX-000100,"[""REX-000100""]",HOME,COVERED_DRAFT,true,1,1,0,0,REX-000100,1,REPRESENTATIVE,,월드 그레이티스트 스트레칭,"[""BODYWEIGHT""]",[],"[""GENERAL_FITNESS""]",COVERED,"[""MOBILITY""]","[""MOBILITY_STRETCH""]","[""HIP"",""KNEE""]","[""INTERMEDIATE""]","[""WARMUP"",""COOLDOWN""]",DOMAIN_APPROVED,[],false,USER_DIRECT_REVIEW_2026_08_29,COMPLETED
exercise-catalog-v2.0.2-final,WRIST_CIRCLES,REX-000101,"[""REX-000101""]",GYM,COVERED_DRAFT,true,1,1,0,0,REX-000101,1,REPRESENTATIVE,,손목 돌리기,"[""BODYWEIGHT""]",[],"[""GENERAL_FITNESS""]",COVERED,"[""MOBILITY""]","[""MOBILITY_STRETCH""]","[""WRIST_HAND""]","[""BEGINNER""]","[""WARMUP"",""COOLDOWN""]",DOMAIN_APPROVED,[],false,USER_DIRECT_REVIEW_2026_08_29,COMPLETED
exercise-catalog-v2.0.2-final,WRIST_CIRCLES,REX-000101,"[""REX-000101""]",HOME,COVERED_DRAFT,true,1,1,0,0,REX-000101,1,REPRESENTATIVE,,손목 돌리기,"[""BODYWEIGHT""]",[],"[""GENERAL_FITNESS""]",COVERED,"[""MOBILITY""]","[""MOBILITY_STRETCH""]","[""WRIST_HAND""]","[""BEGINNER""]","[""WARMUP"",""COOLDOWN""]",DOMAIN_APPROVED,[],false,USER_DIRECT_REVIEW_2026_08_29,COMPLETED
