representative_id,exercise_name_ko,taxonomy_review_status,review_required_codes,content_description_required_present,content_description_resolution,safety_rule_required_present,safety_rule_resolution,content_review_status,safety_review_status,unresolved_review_required_codes,source_ids
REX-000001,복부 브레이싱,TAXONOMY_APPROVED,ALTERNATIVE_RELATION_REVIEW_REQUIRED|BEGINNER_SUITABILITY_REVIEW_REQUIRED|DOMAIN_SAFETY_REVIEW_REQUIRED|EXECUTION_DOSAGE_REVIEW_REQUIRED|EXERCISE_TAXONOMY_MAPPING_REQUIRED|INSTRUCTION_CONTENT_REVIEW_REQUIRED|MEDIA_RIGHTS_REVIEW_REQUIRED|SOURCE_DOSAGE_UNSPECIFIED,false,NOT_PRESENT,false,NOT_PRESENT,GENERATED_CONTENT_REVIEW_REQUIRED,DOMAIN_REVIEW_REQUIRED,ALTERNATIVE_RELATION_REVIEW_REQUIRED|BEGINNER_SUITABILITY_REVIEW_REQUIRED|DOMAIN_SAFETY_REVIEW_REQUIRED|EXECUTION_DOSAGE_REVIEW_REQUIRED|EXERCISE_TAXONOMY_MAPPING_REQUIRED|INSTRUCTION_CONTENT_REVIEW_REQUIRED|MEDIA_RIGHTS_REVIEW_REQUIRED|SOURCE_DOSAGE_UNSPECIFIED,kspo:9cbed9e85b778b40b4786394c774c081fcfb39e3cf13df612476c9d0bf56c9e7
REX-000002,네발기기 스쿼트 스트레칭,TAXONOMY_APPROVED,ALTERNATIVE_RELATION_REVIEW_REQUIRED|BEGINNER_SUITABILITY_REVIEW_REQUIRED|DOMAIN_SAFETY_REVIEW_REQUIRED|EXECUTION_DOSAGE_REVIEW_REQUIRED|LOAD_PROFILE_REVIEW_REQUIRED|MEDIA_RIGHTS_REVIEW_REQUIRED,false,NOT_PRESENT,false,NOT_PRESENT,GENERATED_CONTENT_REVIEW_REQUIRED,DOMAIN_REVIEW_REQUIRED,ALTERNATIVE_RELATION_REVIEW_REQUIRED|BEGINNER_SUITABILITY_REVIEW_REQUIRED|DOMAIN_SAFETY_REVIEW_REQUIRED|EXECUTION_DOSAGE_REVIEW_REQUIRED|LOAD_PROFILE_REVIEW_REQUIRED|MEDIA_RIGHTS_REVIEW_REQUIRED,gymvisual:1512
REX-000003,발목 돌리기,TAXONOMY_APPROVED,ALTERNATIVE_RELATION_REVIEW_REQUIRED|BEGINNER_SUITABILITY_REVIEW_REQUIRED|DOMAIN_SAFETY_REVIEW_REQUIRED|EXECUTION_DOSAGE_REVIEW_REQUIRED|LOAD_PROFILE_REVIEW_REQUIRED|MEDIA_RIGHTS_REVIEW_REQUIRED,false,NOT_PRESENT,false,NOT_PRESENT,GENERATED_CONTENT_REVIEW_REQUIRED,DOMAIN_REVIEW_REQUIRED,ALTERNATIVE_RELATION_REVIEW_REQUIRED|BEGINNER_SUITABILITY_REVIEW_REQUIRED|DOMAIN_SAFETY_REVIEW_REQUIRED|EXECUTION_DOSAGE_REVIEW_REQUIRED|LOAD_PROFILE_REVIEW_REQUIRED|MEDIA_RIGHTS_REVIEW_REQUIRED,gymvisual:1368
REX-000004,데드리프트,TAXONOMY_APPROVED,EXERCISE_FAMILY_BOUNDARY_REVIEW|HUMAN_REPRESENTATIVE_SELECTION_REVIEW|BEGINNER_SUITABILITY_REVIEW|BEGINNER_SUITABILITY_REVIEW_REQUIRED|DOMAIN_SAFETY_REVIEW_REQUIRED|EXECUTION_DOSAGE_REVIEW_REQUIRED|EXERCISE_TAXONOMY_MAPPING_REQUIRED|INSTRUCTION_CONTENT_REVIEW_REQUIRED|KOREAN_LOCALIZATION_REVIEW_REQUIRED|MEDIA_RIGHTS_REVIEW_REQUIRED|SOURCE_LICENSE_REVIEW_REQUIRED,false,NOT_PRESENT,false,NOT_PRESENT,GENERATED_CONTENT_REVIEW_REQUIRED,DOMAIN_REVIEW_REQUIRED,BEGINNER_SUITABILITY_REVIEW|BEGINNER_SUITABILITY_REVIEW_REQUIRED|DOMAIN_SAFETY_REVIEW_REQUIRED|EXECUTION_DOSAGE_REVIEW_REQUIRED|EXERCISE_FAMILY_BOUNDARY_REVIEW|EXERCISE_TAXONOMY_MAPPING_REQUIRED|HUMAN_REPRESENTATIVE_SELECTION_REVIEW|INSTRUCTION_CONTENT_REVIEW_REQUIRED|KOREAN_LOCALIZATION_REVIEW_REQUIRED|MEDIA_RIGHTS_REVIEW_REQUIRED|SOURCE_LICENSE_REVIEW_REQUIRED,gymvisual:0032|gymvisual:0300|wger:1370|wger:1612
REX-000005,프론트 레이즈,TAXONOMY_APPROVED,EXERCISE_FAMILY_BOUNDARY_REVIEW|HUMAN_REPRESENTATIVE_SELECTION_REVIEW|BEGINNER_SUITABILITY_REVIEW,false,NOT_PRESENT,false,NOT_PRESENT,GENERATED_CONTENT_REVIEW_REQUIRED,DOMAIN_REVIEW_REQUIRED,BEGINNER_SUITABILITY_REVIEW|EXERCISE_FAMILY_BOUNDARY_REVIEW|HUMAN_REPRESENTATIVE_SELECTION_REVIEW,gymvisual:0041|gymvisual:0309|gymvisual:0310|gymvisual:0335|gymvisual:0387|gymvisual:0978
REX-000006,풀오버,TAXONOMY_APPROVED,EXERCISE_FAMILY_BOUNDARY_REVIEW|HUMAN_REPRESENTATIVE_SELECTION_REVIEW|BEGINNER_SUITABILITY_REVIEW,false,NOT_PRESENT,false,NOT_PRESENT,GENERATED_CONTENT_REVIEW_REQUIRED,DOMAIN_REVIEW_REQUIRED,BEGINNER_SUITABILITY_REVIEW|EXERCISE_FAMILY_BOUNDARY_REVIEW|HUMAN_REPRESENTATIVE_SELECTION_REVIEW,gymvisual:0034|gymvisual:0037|gymvisual:0073|gymvisual:0184|gymvisual:2285|gymvisual:3010
REX-000007,루마니안 데드리프트,TAXONOMY_APPROVED,EXERCISE_FAMILY_BOUNDARY_REVIEW|HUMAN_REPRESENTATIVE_SELECTION_REVIEW|BEGINNER_SUITABILITY_REVIEW|BEGINNER_SUITABILITY_REVIEW_REQUIRED|DOMAIN_SAFETY_REVIEW_REQUIRED|EXECUTION_DOSAGE_REVIEW_REQUIRED|EXERCISE_TAXONOMY_MAPPING_REQUIRED|INSTRUCTION_CONTENT_REVIEW_REQUIRED|KOREAN_LOCALIZATION_REVIEW_REQUIRED|MEDIA_RIGHTS_REVIEW_REQUIRED|SOURCE_LICENSE_REVIEW_REQUIRED,false,NOT_PRESENT,false,NOT_PRESENT,GENERATED_CONTENT_REVIEW_REQUIRED,DOMAIN_REVIEW_REQUIRED,BEGINNER_SUITABILITY_REVIEW|BEGINNER_SUITABILITY_REVIEW_REQUIRED|DOMAIN_SAFETY_REVIEW_REQUIRED|EXECUTION_DOSAGE_REVIEW_REQUIRED|EXERCISE_FAMILY_BOUNDARY_REVIEW|EXERCISE_TAXONOMY_MAPPING_REQUIRED|HUMAN_REPRESENTATIVE_SELECTION_REVIEW|INSTRUCTION_CONTENT_REVIEW_REQUIRED|KOREAN_LOCALIZATION_REVIEW_REQUIRED|MEDIA_RIGHTS_REVIEW_REQUIRED|SOURCE_LICENSE_REVIEW_REQUIRED,gymvisual:0116|gymvisual:0432|gymvisual:0434|gymvisual:1009|gymvisual:1023|wger:1652|wger:507
REX-000008,백 익스텐션,TAXONOMY_APPROVED,EXERCISE_FAMILY_BOUNDARY_REVIEW|HUMAN_REPRESENTATIVE_SELECTION_REVIEW|BEGINNER_SUITABILITY_REVIEW,false,NOT_PRESENT,false,NOT_PRESENT,GENERATED_CONTENT_REVIEW_REQUIRED,DOMAIN_REVIEW_REQUIRED,BEGINNER_SUITABILITY_REVIEW|EXERCISE_FAMILY_BOUNDARY_REVIEW|HUMAN_REPRESENTATIVE_SELECTION_REVIEW,gymvisual:0489
REX-000009,크런치,TAXONOMY_APPROVED,EXERCISE_FAMILY_BOUNDARY_REVIEW|HUMAN_REPRESENTATIVE_SELECTION_REVIEW|BEGINNER_SUITABILITY_REVIEW,false,NOT_PRESENT,false,NOT_PRESENT,GENERATED_CONTENT_REVIEW_REQUIRED,DOMAIN_REVIEW_REQUIRED,BEGINNER_SUITABILITY_REVIEW|EXERCISE_FAMILY_BOUNDARY_REVIEW|HUMAN_REPRESENTATIVE_SELECTION_REVIEW,gymvisual:0274|gymvisual:0277
REX-000010,포워드 런지,TAXONOMY_APPROVED,EXERCISE_FAMILY_BOUNDARY_REVIEW|HUMAN_REPRESENTATIVE_SELECTION_REVIEW|BEGINNER_SUITABILITY_REVIEW,false,NOT_PRESENT,false,NOT_PRESENT,GENERATED_CONTENT_REVIEW_REQUIRED,DOMAIN_REVIEW_REQUIRED,BEGINNER_SUITABILITY_REVIEW|EXERCISE_FAMILY_BOUNDARY_REVIEW|HUMAN_REPRESENTATIVE_SELECTION_REVIEW,gymvisual:0336|gymvisual:0381|gymvisual:0536|gymvisual:1460|gymvisual:3470|gymvisual:3635
REX-000011,글루트 브리지,TAXONOMY_APPROVED,EXERCISE_FAMILY_BOUNDARY_REVIEW|HUMAN_REPRESENTATIVE_SELECTION_REVIEW|BEGINNER_SUITABILITY_REVIEW,false,NOT_PRESENT,false,NOT_PRESENT,GENERATED_CONTENT_REVIEW_REQUIRED,DOMAIN_REVIEW_REQUIRED,BEGINNER_SUITABILITY_REVIEW|EXERCISE_FAMILY_BOUNDARY_REVIEW|HUMAN_REPRESENTATIVE_SELECTION_REVIEW,gymvisual:3013
REX-000012,풀업,TAXONOMY_APPROVED,EXERCISE_FAMILY_BOUNDARY_REVIEW|HUMAN_REPRESENTATIVE_SELECTION_REVIEW|BEGINNER_SUITABILITY_REVIEW,false,NOT_PRESENT,false,NOT_PRESENT,GENERATED_CONTENT_REVIEW_REQUIRED,DOMAIN_REVIEW_REQUIRED,BEGINNER_SUITABILITY_REVIEW|EXERCISE_FAMILY_BOUNDARY_REVIEW|HUMAN_REPRESENTATIVE_SELECTION_REVIEW,gymvisual:0140
REX-000013,리버스 크런치,TAXONOMY_APPROVED,EXERCISE_FAMILY_BOUNDARY_REVIEW|HUMAN_REPRESENTATIVE_SELECTION_REVIEW|BEGINNER_SUITABILITY_REVIEW,false,NOT_PRESENT,false,NOT_PRESENT,GENERATED_CONTENT_REVIEW_REQUIRED,DOMAIN_REVIEW_REQUIRED,BEGINNER_SUITABILITY_REVIEW|EXERCISE_FAMILY_BOUNDARY_REVIEW|HUMAN_REPRESENTATIVE_SELECTION_REVIEW,gymvisual:0242|gymvisual:0807|gymvisual:0872|gymvisual:0873|gymvisual:2206
REX-000014,러시안 트위스트,TAXONOMY_APPROVED,EXERCISE_FAMILY_BOUNDARY_REVIEW|HUMAN_REPRESENTATIVE_SELECTION_REVIEW|BEGINNER_SUITABILITY_REVIEW,false,NOT_PRESENT,false,NOT_PRESENT,GENERATED_CONTENT_REVIEW_REQUIRED,DOMAIN_REVIEW_REQUIRED,BEGINNER_SUITABILITY_REVIEW|EXERCISE_FAMILY_BOUNDARY_REVIEW|HUMAN_REPRESENTATIVE_SELECTION_REVIEW,gymvisual:0211|gymvisual:0687|gymvisual:0845|gymvisual:0846|gymvisual:2371
REX-000015,스플릿 스쿼트,TAXONOMY_APPROVED,EXERCISE_FAMILY_BOUNDARY_REVIEW|HUMAN_REPRESENTATIVE_SELECTION_REVIEW|BEGINNER_SUITABILITY_REVIEW|BEGINNER_SUITABILITY_REVIEW_REQUIRED|DOMAIN_SAFETY_REVIEW_REQUIRED|EXECUTION_DOSAGE_REVIEW_REQUIRED|EXERCISE_TAXONOMY_MAPPING_REQUIRED|INSTRUCTION_CONTENT_REVIEW_REQUIRED|KOREAN_LOCALIZATION_REVIEW_REQUIRED|MEDIA_RIGHTS_REVIEW_REQUIRED|SOURCE_LICENSE_REVIEW_REQUIRED,false,NOT_PRESENT,false,NOT_PRESENT,GENERATED_CONTENT_REVIEW_REQUIRED,DOMAIN_REVIEW_REQUIRED,BEGINNER_SUITABILITY_REVIEW|BEGINNER_SUITABILITY_REVIEW_REQUIRED|DOMAIN_SAFETY_REVIEW_REQUIRED|EXECUTION_DOSAGE_REVIEW_REQUIRED|EXERCISE_FAMILY_BOUNDARY_REVIEW|EXERCISE_TAXONOMY_MAPPING_REQUIRED|HUMAN_REPRESENTATIVE_SELECTION_REVIEW|INSTRUCTION_CONTENT_REVIEW_REQUIRED|KOREAN_LOCALIZATION_REVIEW_REQUIRED|MEDIA_RIGHTS_REVIEW_REQUIRED|SOURCE_LICENSE_REVIEW_REQUIRED,gymvisual:2368|wger:1706
REX-000016,스탠딩 카프 레이즈,TAXONOMY_APPROVED,EXERCISE_FAMILY_BOUNDARY_REVIEW|HUMAN_REPRESENTATIVE_SELECTION_REVIEW|BEGINNER_SUITABILITY_REVIEW,false,NOT_PRESENT,false,NOT_PRESENT,GENERATED_CONTENT_REVIEW_REQUIRED,DOMAIN_REVIEW_REQUIRED,BEGINNER_SUITABILITY_REVIEW|EXERCISE_FAMILY_BOUNDARY_REVIEW|HUMAN_REPRESENTATIVE_SELECTION_REVIEW,gymvisual:0409|gymvisual:0999|gymvisual:1369|gymvisual:1373|gymvisual:1386|gymvisual:1387
REX-000017,버터플라이 스트레칭,TAXONOMY_APPROVED,ALTERNATIVE_RELATION_REVIEW_REQUIRED|BEGINNER_SUITABILITY_REVIEW_REQUIRED|DOMAIN_SAFETY_REVIEW_REQUIRED|EXECUTION_DOSAGE_REVIEW_REQUIRED|LOAD_PROFILE_REVIEW_REQUIRED|MEDIA_RIGHTS_REVIEW_REQUIRED,false,NOT_PRESENT,false,NOT_PRESENT,GENERATED_CONTENT_REVIEW_REQUIRED,DOMAIN_REVIEW_REQUIRED,ALTERNATIVE_RELATION_REVIEW_REQUIRED|BEGINNER_SUITABILITY_REVIEW_REQUIRED|DOMAIN_SAFETY_REVIEW_REQUIRED|EXECUTION_DOSAGE_REVIEW_REQUIRED|LOAD_PROFILE_REVIEW_REQUIRED|MEDIA_RIGHTS_REVIEW_REQUIRED,gymvisual:1494
REX-000018,케이블 플라이,TAXONOMY_APPROVED,EXERCISE_FAMILY_BOUNDARY_REVIEW|HUMAN_REPRESENTATIVE_SELECTION_REVIEW|BEGINNER_SUITABILITY_REVIEW,false,NOT_PRESENT,false,NOT_PRESENT,GENERATED_CONTENT_REVIEW_REQUIRED,DOMAIN_REVIEW_REQUIRED,BEGINNER_SUITABILITY_REVIEW|EXERCISE_FAMILY_BOUNDARY_REVIEW|HUMAN_REPRESENTATIVE_SELECTION_REVIEW,gymvisual:0158|gymvisual:0170|gymvisual:0171|gymvisual:0185|gymvisual:0227|gymvisual:1262
REX-000019,케이블 트라이셉스 푸시다운,TAXONOMY_APPROVED,EXERCISE_FAMILY_BOUNDARY_REVIEW|HUMAN_REPRESENTATIVE_SELECTION_REVIEW|BEGINNER_SUITABILITY_REVIEW,false,NOT_PRESENT,false,NOT_PRESENT,GENERATED_CONTENT_REVIEW_REQUIRED,DOMAIN_REVIEW_REQUIRED,BEGINNER_SUITABILITY_REVIEW|EXERCISE_FAMILY_BOUNDARY_REVIEW|HUMAN_REPRESENTATIVE_SELECTION_REVIEW,gymvisual:0201
REX-000020,의자 다리 스트레칭,TAXONOMY_APPROVED,ALTERNATIVE_RELATION_REVIEW_REQUIRED|BEGINNER_SUITABILITY_REVIEW_REQUIRED|DOMAIN_SAFETY_REVIEW_REQUIRED|EXECUTION_DOSAGE_REVIEW_REQUIRED|LOAD_PROFILE_REVIEW_REQUIRED|MEDIA_RIGHTS_REVIEW_REQUIRED,false,NOT_PRESENT,false,NOT_PRESENT,GENERATED_CONTENT_REVIEW_REQUIRED,DOMAIN_REVIEW_REQUIRED,ALTERNATIVE_RELATION_REVIEW_REQUIRED|BEGINNER_SUITABILITY_REVIEW_REQUIRED|DOMAIN_SAFETY_REVIEW_REQUIRED|EXECUTION_DOSAGE_REVIEW_REQUIRED|LOAD_PROFILE_REVIEW_REQUIRED|MEDIA_RIGHTS_REVIEW_REQUIRED,gymvisual:1548
REX-000021,가슴·어깨 앞면 스트레칭,TAXONOMY_APPROVED,ALTERNATIVE_RELATION_REVIEW_REQUIRED|BEGINNER_SUITABILITY_REVIEW_REQUIRED|DOMAIN_SAFETY_REVIEW_REQUIRED|EXECUTION_DOSAGE_REVIEW_REQUIRED|LOAD_PROFILE_REVIEW_REQUIRED|MEDIA_RIGHTS_REVIEW_REQUIRED,false,NOT_PRESENT,false,NOT_PRESENT,GENERATED_CONTENT_REVIEW_REQUIRED,DOMAIN_REVIEW_REQUIRED,ALTERNATIVE_RELATION_REVIEW_REQUIRED|BEGINNER_SUITABILITY_REVIEW_REQUIRED|DOMAIN_SAFETY_REVIEW_REQUIRED|EXECUTION_DOSAGE_REVIEW_REQUIRED|LOAD_PROFILE_REVIEW_REQUIRED|MEDIA_RIGHTS_REVIEW_REQUIRED,gymvisual:1271
REX-000022,클로즈 그립 푸시업,TAXONOMY_APPROVED,EXERCISE_FAMILY_BOUNDARY_REVIEW|HUMAN_REPRESENTATIVE_SELECTION_REVIEW|BEGINNER_SUITABILITY_REVIEW,false,NOT_PRESENT,false,NOT_PRESENT,GENERATED_CONTENT_REVIEW_REQUIRED,DOMAIN_REVIEW_REQUIRED,BEGINNER_SUITABILITY_REVIEW|EXERCISE_FAMILY_BOUNDARY_REVIEW|HUMAN_REPRESENTATIVE_SELECTION_REVIEW,gymvisual:0259
REX-000023,사이드 크런치,TAXONOMY_APPROVED,,false,NOT_PRESENT,false,NOT_PRESENT,GENERATED_CONTENT_REVIEW_REQUIRED,DOMAIN_REVIEW_REQUIRED,,gymvisual:0691
REX-000024,데드버그,TAXONOMY_APPROVED,EXERCISE_FAMILY_BOUNDARY_REVIEW|HUMAN_REPRESENTATIVE_SELECTION_REVIEW|BEGINNER_SUITABILITY_REVIEW,false,NOT_PRESENT,false,NOT_PRESENT,GENERATED_CONTENT_REVIEW_REQUIRED,DOMAIN_REVIEW_REQUIRED,BEGINNER_SUITABILITY_REVIEW|EXERCISE_FAMILY_BOUNDARY_REVIEW|HUMAN_REPRESENTATIVE_SELECTION_REVIEW,gymvisual:0276
REX-000025,고블릿 스쿼트,TAXONOMY_APPROVED,EXERCISE_FAMILY_BOUNDARY_REVIEW|HUMAN_REPRESENTATIVE_SELECTION_REVIEW|BEGINNER_SUITABILITY_REVIEW|BEGINNER_SUITABILITY_REVIEW_REQUIRED|DOMAIN_SAFETY_REVIEW_REQUIRED|EXECUTION_DOSAGE_REVIEW_REQUIRED|EXERCISE_TAXONOMY_MAPPING_REQUIRED|INSTRUCTION_CONTENT_REVIEW_REQUIRED|KOREAN_LOCALIZATION_REVIEW_REQUIRED|MEDIA_RIGHTS_REVIEW_REQUIRED|SOURCE_LICENSE_REVIEW_REQUIRED,false,NOT_PRESENT,false,NOT_PRESENT,GENERATED_CONTENT_REVIEW_REQUIRED,DOMAIN_REVIEW_REQUIRED,BEGINNER_SUITABILITY_REVIEW|BEGINNER_SUITABILITY_REVIEW_REQUIRED|DOMAIN_SAFETY_REVIEW_REQUIRED|EXECUTION_DOSAGE_REVIEW_REQUIRED|EXERCISE_FAMILY_BOUNDARY_REVIEW|EXERCISE_TAXONOMY_MAPPING_REQUIRED|HUMAN_REPRESENTATIVE_SELECTION_REVIEW|INSTRUCTION_CONTENT_REVIEW_REQUIRED|KOREAN_LOCALIZATION_REVIEW_REQUIRED|MEDIA_RIGHTS_REVIEW_REQUIRED|SOURCE_LICENSE_REVIEW_REQUIRED,gymvisual:1760|wger:203
REX-000026,레터럴 레이즈,TAXONOMY_APPROVED,EXERCISE_FAMILY_BOUNDARY_REVIEW|HUMAN_REPRESENTATIVE_SELECTION_REVIEW|BEGINNER_SUITABILITY_REVIEW,false,NOT_PRESENT,false,NOT_PRESENT,GENERATED_CONTENT_REVIEW_REQUIRED,DOMAIN_REVIEW_REQUIRED,BEGINNER_SUITABILITY_REVIEW|EXERCISE_FAMILY_BOUNDARY_REVIEW|HUMAN_REPRESENTATIVE_SELECTION_REVIEW,gymvisual:0334|gymvisual:0977
REX-000027,프리처 컬,TAXONOMY_APPROVED,EXERCISE_FAMILY_BOUNDARY_REVIEW|HUMAN_REPRESENTATIVE_SELECTION_REVIEW|BEGINNER_SUITABILITY_REVIEW,false,NOT_PRESENT,false,NOT_PRESENT,GENERATED_CONTENT_REVIEW_REQUIRED,DOMAIN_REVIEW_REQUIRED,BEGINNER_SUITABILITY_REVIEW|EXERCISE_FAMILY_BOUNDARY_REVIEW|HUMAN_REPRESENTATIVE_SELECTION_REVIEW,gymvisual:0372|gymvisual:0402|gymvisual:0428|gymvisual:1646|gymvisual:1647|gymvisual:2293
REX-000028,리어 델트 플라이,TAXONOMY_APPROVED,EXERCISE_FAMILY_BOUNDARY_REVIEW|HUMAN_REPRESENTATIVE_SELECTION_REVIEW|BEGINNER_SUITABILITY_REVIEW,false,NOT_PRESENT,false,NOT_PRESENT,GENERATED_CONTENT_REVIEW_REQUIRED,DOMAIN_REVIEW_REQUIRED,BEGINNER_SUITABILITY_REVIEW|EXERCISE_FAMILY_BOUNDARY_REVIEW|HUMAN_REPRESENTATIVE_SELECTION_REVIEW,gymvisual:0326|gymvisual:0348|gymvisual:0378|gymvisual:0379|gymvisual:0380
REX-000029,슈러그,TAXONOMY_APPROVED,EXERCISE_FAMILY_BOUNDARY_REVIEW|HUMAN_REPRESENTATIVE_SELECTION_REVIEW|BEGINNER_SUITABILITY_REVIEW,false,NOT_PRESENT,false,NOT_PRESENT,GENERATED_CONTENT_REVIEW_REQUIRED,DOMAIN_REVIEW_REQUIRED,BEGINNER_SUITABILITY_REVIEW|EXERCISE_FAMILY_BOUNDARY_REVIEW|HUMAN_REPRESENTATIVE_SELECTION_REVIEW,gymvisual:0220|gymvisual:0304|gymvisual:0305|gymvisual:0329|gymvisual:0406|gymvisual:1018
REX-000030,덤벨 바이셉스 컬,TAXONOMY_APPROVED,EXERCISE_FAMILY_BOUNDARY_REVIEW|HUMAN_REPRESENTATIVE_SELECTION_REVIEW|BEGINNER_SUITABILITY_REVIEW,false,NOT_PRESENT,false,NOT_PRESENT,GENERATED_CONTENT_REVIEW_REQUIRED,DOMAIN_REVIEW_REQUIRED,BEGINNER_SUITABILITY_REVIEW|EXERCISE_FAMILY_BOUNDARY_REVIEW|HUMAN_REPRESENTATIVE_SELECTION_REVIEW,gymvisual:0416
REX-000031,덤벨 스텝업 런지,TAXONOMY_APPROVED,EXERCISE_FAMILY_BOUNDARY_REVIEW|HUMAN_REPRESENTATIVE_SELECTION_REVIEW|BEGINNER_SUITABILITY_REVIEW,false,NOT_PRESENT,false,NOT_PRESENT,GENERATED_CONTENT_REVIEW_REQUIRED,DOMAIN_REVIEW_REQUIRED,BEGINNER_SUITABILITY_REVIEW|EXERCISE_FAMILY_BOUNDARY_REVIEW|HUMAN_REPRESENTATIVE_SELECTION_REVIEW,gymvisual:2796
REX-000032,다이내믹 가슴 스트레칭,TAXONOMY_APPROVED,ALTERNATIVE_RELATION_REVIEW_REQUIRED|BEGINNER_SUITABILITY_REVIEW_REQUIRED|DOMAIN_SAFETY_REVIEW_REQUIRED|EXECUTION_DOSAGE_REVIEW_REQUIRED|LOAD_PROFILE_REVIEW_REQUIRED|MEDIA_RIGHTS_REVIEW_REQUIRED,false,NOT_PRESENT,false,NOT_PRESENT,GENERATED_CONTENT_REVIEW_REQUIRED,DOMAIN_REVIEW_REQUIRED,ALTERNATIVE_RELATION_REVIEW_REQUIRED|BEGINNER_SUITABILITY_REVIEW_REQUIRED|DOMAIN_SAFETY_REVIEW_REQUIRED|EXECUTION_DOSAGE_REVIEW_REQUIRED|LOAD_PROFILE_REVIEW_REQUIRED|MEDIA_RIGHTS_REVIEW_REQUIRED,gymvisual:1167
REX-000033,짐볼 고관절 굴근 스트레칭,TAXONOMY_APPROVED,ALTERNATIVE_RELATION_REVIEW_REQUIRED|BEGINNER_SUITABILITY_REVIEW_REQUIRED|DOMAIN_SAFETY_REVIEW_REQUIRED|EXECUTION_DOSAGE_REVIEW_REQUIRED|LOAD_PROFILE_REVIEW_REQUIRED|MEDIA_RIGHTS_REVIEW_REQUIRED,false,NOT_PRESENT,false,NOT_PRESENT,GENERATED_CONTENT_REVIEW_REQUIRED,DOMAIN_REVIEW_REQUIRED,ALTERNATIVE_RELATION_REVIEW_REQUIRED|BEGINNER_SUITABILITY_REVIEW_REQUIRED|DOMAIN_SAFETY_REVIEW_REQUIRED|EXECUTION_DOSAGE_REVIEW_REQUIRED|LOAD_PROFILE_REVIEW_REQUIRED|MEDIA_RIGHTS_REVIEW_REQUIRED,gymvisual:1559
REX-000034,햄스트링 스트레칭,TAXONOMY_APPROVED,ALTERNATIVE_RELATION_REVIEW_REQUIRED|BEGINNER_SUITABILITY_REVIEW_REQUIRED|DOMAIN_SAFETY_REVIEW_REQUIRED|EXECUTION_DOSAGE_REVIEW_REQUIRED|LOAD_PROFILE_REVIEW_REQUIRED|MEDIA_RIGHTS_REVIEW_REQUIRED,false,NOT_PRESENT,false,NOT_PRESENT,GENERATED_CONTENT_REVIEW_REQUIRED,DOMAIN_REVIEW_REQUIRED,ALTERNATIVE_RELATION_REVIEW_REQUIRED|BEGINNER_SUITABILITY_REVIEW_REQUIRED|DOMAIN_SAFETY_REVIEW_REQUIRED|EXECUTION_DOSAGE_REVIEW_REQUIRED|LOAD_PROFILE_REVIEW_REQUIRED|MEDIA_RIGHTS_REVIEW_REQUIRED,gymvisual:1511
REX-000035,손 악력 쥐기,TAXONOMY_APPROVED,EXERCISE_FAMILY_BOUNDARY_REVIEW|HUMAN_REPRESENTATIVE_SELECTION_REVIEW|BEGINNER_SUITABILITY_REVIEW,false,NOT_PRESENT,false,NOT_PRESENT,GENERATED_CONTENT_REVIEW_REQUIRED,DOMAIN_REVIEW_REQUIRED,BEGINNER_SUITABILITY_REVIEW|EXERCISE_FAMILY_BOUNDARY_REVIEW|HUMAN_REPRESENTATIVE_SELECTION_REVIEW,gymvisual:0854
REX-000036,고관절 굴근·대퇴사두근 스트레칭,TAXONOMY_APPROVED,ALTERNATIVE_RELATION_REVIEW_REQUIRED|BEGINNER_SUITABILITY_REVIEW_REQUIRED|DOMAIN_SAFETY_REVIEW_REQUIRED|EXECUTION_DOSAGE_REVIEW_REQUIRED|LOAD_PROFILE_REVIEW_REQUIRED|MEDIA_RIGHTS_REVIEW_REQUIRED,false,NOT_PRESENT,false,NOT_PRESENT,GENERATED_CONTENT_REVIEW_REQUIRED,DOMAIN_REVIEW_REQUIRED,ALTERNATIVE_RELATION_REVIEW_REQUIRED|BEGINNER_SUITABILITY_REVIEW_REQUIRED|DOMAIN_SAFETY_REVIEW_REQUIRED|EXECUTION_DOSAGE_REVIEW_REQUIRED|LOAD_PROFILE_REVIEW_REQUIRED|MEDIA_RIGHTS_REVIEW_REQUIRED,gymvisual:1564
REX-000037,인클라인 Y 레이즈,TAXONOMY_APPROVED,EXERCISE_FAMILY_BOUNDARY_REVIEW|HUMAN_REPRESENTATIVE_SELECTION_REVIEW|BEGINNER_SUITABILITY_REVIEW,false,NOT_PRESENT,false,NOT_PRESENT,GENERATED_CONTENT_REVIEW_REQUIRED,DOMAIN_REVIEW_REQUIRED,BEGINNER_SUITABILITY_REVIEW|EXERCISE_FAMILY_BOUNDARY_REVIEW|HUMAN_REPRESENTATIVE_SELECTION_REVIEW,gymvisual:3541
REX-000038,인버티드 로우,TAXONOMY_APPROVED,EXERCISE_FAMILY_BOUNDARY_REVIEW|HUMAN_REPRESENTATIVE_SELECTION_REVIEW|BEGINNER_SUITABILITY_REVIEW|BEGINNER_SUITABILITY_REVIEW_REQUIRED|DOMAIN_SAFETY_REVIEW_REQUIRED|EXECUTION_DOSAGE_REVIEW_REQUIRED|EXERCISE_TAXONOMY_MAPPING_REQUIRED|INSTRUCTION_CONTENT_REVIEW_REQUIRED|KOREAN_LOCALIZATION_REVIEW_REQUIRED|SOURCE_LICENSE_REVIEW_REQUIRED,false,NOT_PRESENT,false,NOT_PRESENT,GENERATED_CONTENT_REVIEW_REQUIRED,DOMAIN_REVIEW_REQUIRED,BEGINNER_SUITABILITY_REVIEW|BEGINNER_SUITABILITY_REVIEW_REQUIRED|DOMAIN_SAFETY_REVIEW_REQUIRED|EXECUTION_DOSAGE_REVIEW_REQUIRED|EXERCISE_FAMILY_BOUNDARY_REVIEW|EXERCISE_TAXONOMY_MAPPING_REQUIRED|HUMAN_REPRESENTATIVE_SELECTION_REVIEW|INSTRUCTION_CONTENT_REVIEW_REQUIRED|KOREAN_LOCALIZATION_REVIEW_REQUIRED|SOURCE_LICENSE_REVIEW_REQUIRED,gymvisual:0498|gymvisual:0499|gymvisual:2298|wger:1927
REX-000039,무릎 꿇고 광배근 스트레칭,TAXONOMY_APPROVED,ALTERNATIVE_RELATION_REVIEW_REQUIRED|BEGINNER_SUITABILITY_REVIEW_REQUIRED|DOMAIN_SAFETY_REVIEW_REQUIRED|EXECUTION_DOSAGE_REVIEW_REQUIRED|LOAD_PROFILE_REVIEW_REQUIRED|MEDIA_RIGHTS_REVIEW_REQUIRED,false,NOT_PRESENT,false,NOT_PRESENT,GENERATED_CONTENT_REVIEW_REQUIRED,DOMAIN_REVIEW_REQUIRED,ALTERNATIVE_RELATION_REVIEW_REQUIRED|BEGINNER_SUITABILITY_REVIEW_REQUIRED|DOMAIN_SAFETY_REVIEW_REQUIRED|EXECUTION_DOSAGE_REVIEW_REQUIRED|LOAD_PROFILE_REVIEW_REQUIRED|MEDIA_RIGHTS_REVIEW_REQUIRED,gymvisual:1346
REX-000040,랫풀다운,TAXONOMY_APPROVED,EXERCISE_FAMILY_BOUNDARY_REVIEW|HUMAN_REPRESENTATIVE_SELECTION_REVIEW|BEGINNER_SUITABILITY_REVIEW|BEGINNER_SUITABILITY_REVIEW_REQUIRED|DOMAIN_SAFETY_REVIEW_REQUIRED|EXECUTION_DOSAGE_REVIEW_REQUIRED|EXERCISE_TAXONOMY_MAPPING_REQUIRED|INSTRUCTION_CONTENT_REVIEW_REQUIRED|KOREAN_LOCALIZATION_REVIEW_REQUIRED|SOURCE_LICENSE_REVIEW_REQUIRED,false,NOT_PRESENT,false,NOT_PRESENT,GENERATED_CONTENT_REVIEW_REQUIRED,DOMAIN_REVIEW_REQUIRED,BEGINNER_SUITABILITY_REVIEW|BEGINNER_SUITABILITY_REVIEW_REQUIRED|DOMAIN_SAFETY_REVIEW_REQUIRED|EXECUTION_DOSAGE_REVIEW_REQUIRED|EXERCISE_FAMILY_BOUNDARY_REVIEW|EXERCISE_TAXONOMY_MAPPING_REQUIRED|HUMAN_REPRESENTATIVE_SELECTION_REVIEW|INSTRUCTION_CONTENT_REVIEW_REQUIRED|KOREAN_LOCALIZATION_REVIEW_REQUIRED|SOURCE_LICENSE_REVIEW_REQUIRED,gymvisual:0198|wger:1470|wger:1510
REX-000041,레그 프레스,TAXONOMY_APPROVED,BEGINNER_SUITABILITY_REVIEW_REQUIRED|DOMAIN_SAFETY_REVIEW_REQUIRED|EXECUTION_DOSAGE_REVIEW_REQUIRED|EXERCISE_TAXONOMY_MAPPING_REQUIRED|INSTRUCTION_CONTENT_REVIEW_REQUIRED|KOREAN_LOCALIZATION_REVIEW_REQUIRED|MEDIA_RIGHTS_REVIEW_REQUIRED|SOURCE_EQUIPMENT_UNSPECIFIED|SOURCE_LICENSE_REVIEW_REQUIRED,false,NOT_PRESENT,false,NOT_PRESENT,GENERATED_CONTENT_REVIEW_REQUIRED,DOMAIN_REVIEW_REQUIRED,BEGINNER_SUITABILITY_REVIEW_REQUIRED|DOMAIN_SAFETY_REVIEW_REQUIRED|EXECUTION_DOSAGE_REVIEW_REQUIRED|EXERCISE_TAXONOMY_MAPPING_REQUIRED|INSTRUCTION_CONTENT_REVIEW_REQUIRED|KOREAN_LOCALIZATION_REVIEW_REQUIRED|MEDIA_RIGHTS_REVIEW_REQUIRED|SOURCE_EQUIPMENT_UNSPECIFIED|SOURCE_LICENSE_REVIEW_REQUIRED,wger:371
REX-000042,누워서 햄스트링 스트레칭,TAXONOMY_APPROVED,ALTERNATIVE_RELATION_REVIEW_REQUIRED|BEGINNER_SUITABILITY_REVIEW_REQUIRED|DOMAIN_SAFETY_REVIEW_REQUIRED|EXECUTION_DOSAGE_REVIEW_REQUIRED|LOAD_PROFILE_REVIEW_REQUIRED|MEDIA_RIGHTS_REVIEW_REQUIRED,false,NOT_PRESENT,false,NOT_PRESENT,GENERATED_CONTENT_REVIEW_REQUIRED,DOMAIN_REVIEW_REQUIRED,ALTERNATIVE_RELATION_REVIEW_REQUIRED|BEGINNER_SUITABILITY_REVIEW_REQUIRED|DOMAIN_SAFETY_REVIEW_REQUIRED|EXECUTION_DOSAGE_REVIEW_REQUIRED|LOAD_PROFILE_REVIEW_REQUIRED|MEDIA_RIGHTS_REVIEW_REQUIRED,gymvisual:1576
REX-000043,로어 백 컬,TAXONOMY_APPROVED,EXERCISE_FAMILY_BOUNDARY_REVIEW|HUMAN_REPRESENTATIVE_SELECTION_REVIEW|BEGINNER_SUITABILITY_REVIEW,false,NOT_PRESENT,false,NOT_PRESENT,GENERATED_CONTENT_REVIEW_REQUIRED,DOMAIN_REVIEW_REQUIRED,BEGINNER_SUITABILITY_REVIEW|EXERCISE_FAMILY_BOUNDARY_REVIEW|HUMAN_REPRESENTATIVE_SELECTION_REVIEW,gymvisual:1352
REX-000044,레그 익스텐션,TAXONOMY_APPROVED,EXERCISE_FAMILY_BOUNDARY_REVIEW|HUMAN_REPRESENTATIVE_SELECTION_REVIEW|BEGINNER_SUITABILITY_REVIEW|BEGINNER_SUITABILITY_REVIEW_REQUIRED|DOMAIN_SAFETY_REVIEW_REQUIRED|EXECUTION_DOSAGE_REVIEW_REQUIRED|EXERCISE_TAXONOMY_MAPPING_REQUIRED|INSTRUCTION_CONTENT_REVIEW_REQUIRED|KOREAN_LOCALIZATION_REVIEW_REQUIRED|MEDIA_RIGHTS_REVIEW_REQUIRED|SOURCE_EQUIPMENT_UNSPECIFIED|SOURCE_LICENSE_REVIEW_REQUIRED,false,NOT_PRESENT,false,NOT_PRESENT,GENERATED_CONTENT_REVIEW_REQUIRED,DOMAIN_REVIEW_REQUIRED,BEGINNER_SUITABILITY_REVIEW|BEGINNER_SUITABILITY_REVIEW_REQUIRED|DOMAIN_SAFETY_REVIEW_REQUIRED|EXECUTION_DOSAGE_REVIEW_REQUIRED|EXERCISE_FAMILY_BOUNDARY_REVIEW|EXERCISE_TAXONOMY_MAPPING_REQUIRED|HUMAN_REPRESENTATIVE_SELECTION_REVIEW|INSTRUCTION_CONTENT_REVIEW_REQUIRED|KOREAN_LOCALIZATION_REVIEW_REQUIRED|MEDIA_RIGHTS_REVIEW_REQUIRED|SOURCE_EQUIPMENT_UNSPECIFIED|SOURCE_LICENSE_REVIEW_REQUIRED,gymvisual:0585|gymvisual:3007|wger:369
REX-000045,목 옆면 스트레칭,TAXONOMY_APPROVED,ALTERNATIVE_RELATION_REVIEW_REQUIRED|BEGINNER_SUITABILITY_REVIEW_REQUIRED|DOMAIN_SAFETY_REVIEW_REQUIRED|EXECUTION_DOSAGE_REVIEW_REQUIRED|LOAD_PROFILE_REVIEW_REQUIRED|MEDIA_RIGHTS_REVIEW_REQUIRED,false,NOT_PRESENT,false,NOT_PRESENT,GENERATED_CONTENT_REVIEW_REQUIRED,DOMAIN_REVIEW_REQUIRED,ALTERNATIVE_RELATION_REVIEW_REQUIRED|BEGINNER_SUITABILITY_REVIEW_REQUIRED|DOMAIN_SAFETY_REVIEW_REQUIRED|EXECUTION_DOSAGE_REVIEW_REQUIRED|LOAD_PROFILE_REVIEW_REQUIRED|MEDIA_RIGHTS_REVIEW_REQUIRED,gymvisual:0716|gymvisual:1403
REX-000046,벽 짚고 한 팔 광배근 스트레칭,TAXONOMY_APPROVED,EXERCISE_FAMILY_BOUNDARY_REVIEW|HUMAN_REPRESENTATIVE_SELECTION_REVIEW|BEGINNER_SUITABILITY_REVIEW,false,NOT_PRESENT,false,NOT_PRESENT,GENERATED_CONTENT_REVIEW_REQUIRED,DOMAIN_REVIEW_REQUIRED,BEGINNER_SUITABILITY_REVIEW|EXERCISE_FAMILY_BOUNDARY_REVIEW|HUMAN_REPRESENTATIVE_SELECTION_REVIEW,gymvisual:1355
REX-000047,오버헤드 트라이셉스 익스텐션,TAXONOMY_APPROVED,EXERCISE_FAMILY_BOUNDARY_REVIEW|HUMAN_REPRESENTATIVE_SELECTION_REVIEW|BEGINNER_SUITABILITY_REVIEW,false,NOT_PRESENT,false,NOT_PRESENT,GENERATED_CONTENT_REVIEW_REQUIRED,DOMAIN_REVIEW_REQUIRED,BEGINNER_SUITABILITY_REVIEW|EXERCISE_FAMILY_BOUNDARY_REVIEW|HUMAN_REPRESENTATIVE_SELECTION_REVIEW,gymvisual:0109
REX-000048,오버헤드 삼두근 스트레칭,TAXONOMY_APPROVED,ALTERNATIVE_RELATION_REVIEW_REQUIRED|BEGINNER_SUITABILITY_REVIEW_REQUIRED|DOMAIN_SAFETY_REVIEW_REQUIRED|EXECUTION_DOSAGE_REVIEW_REQUIRED|LOAD_PROFILE_REVIEW_REQUIRED|MEDIA_RIGHTS_REVIEW_REQUIRED,false,NOT_PRESENT,false,NOT_PRESENT,GENERATED_CONTENT_REVIEW_REQUIRED,DOMAIN_REVIEW_REQUIRED,ALTERNATIVE_RELATION_REVIEW_REQUIRED|BEGINNER_SUITABILITY_REVIEW_REQUIRED|DOMAIN_SAFETY_REVIEW_REQUIRED|EXECUTION_DOSAGE_REVIEW_REQUIRED|LOAD_PROFILE_REVIEW_REQUIRED|MEDIA_RIGHTS_REVIEW_REQUIRED,gymvisual:0643
REX-000049,체스트 프레스,TAXONOMY_APPROVED,BEGINNER_SUITABILITY_REVIEW_REQUIRED|DOMAIN_SAFETY_REVIEW_REQUIRED|EXECUTION_DOSAGE_REVIEW_REQUIRED|EXERCISE_TAXONOMY_MAPPING_REQUIRED|INSTRUCTION_CONTENT_REVIEW_REQUIRED|KOREAN_LOCALIZATION_REVIEW_REQUIRED|MEDIA_RIGHTS_REVIEW_REQUIRED|SOURCE_LICENSE_REVIEW_REQUIRED,false,NOT_PRESENT,false,NOT_PRESENT,GENERATED_CONTENT_REVIEW_REQUIRED,DOMAIN_REVIEW_REQUIRED,BEGINNER_SUITABILITY_REVIEW_REQUIRED|DOMAIN_SAFETY_REVIEW_REQUIRED|EXECUTION_DOSAGE_REVIEW_REQUIRED|EXERCISE_TAXONOMY_MAPPING_REQUIRED|INSTRUCTION_CONTENT_REVIEW_REQUIRED|KOREAN_LOCALIZATION_REVIEW_REQUIRED|MEDIA_RIGHTS_REVIEW_REQUIRED|SOURCE_LICENSE_REVIEW_REQUIRED,wger:1094|wger:1656|wger:537
REX-000050,종아리 바깥쪽 스트레칭,TAXONOMY_APPROVED,ALTERNATIVE_RELATION_REVIEW_REQUIRED|BEGINNER_SUITABILITY_REVIEW_REQUIRED|DOMAIN_SAFETY_REVIEW_REQUIRED|EXECUTION_DOSAGE_REVIEW_REQUIRED|LOAD_PROFILE_REVIEW_REQUIRED|MEDIA_RIGHTS_REVIEW_REQUIRED,false,NOT_PRESENT,false,NOT_PRESENT,GENERATED_CONTENT_REVIEW_REQUIRED,DOMAIN_REVIEW_REQUIRED,ALTERNATIVE_RELATION_REVIEW_REQUIRED|BEGINNER_SUITABILITY_REVIEW_REQUIRED|DOMAIN_SAFETY_REVIEW_REQUIRED|EXECUTION_DOSAGE_REVIEW_REQUIRED|LOAD_PROFILE_REVIEW_REQUIRED|MEDIA_RIGHTS_REVIEW_REQUIRED,gymvisual:1388
REX-000051,플랭크 로테이션,TAXONOMY_APPROVED,EXERCISE_FAMILY_BOUNDARY_REVIEW|HUMAN_REPRESENTATIVE_SELECTION_REVIEW|BEGINNER_SUITABILITY_REVIEW,false,NOT_PRESENT,false,NOT_PRESENT,GENERATED_CONTENT_REVIEW_REQUIRED,DOMAIN_REVIEW_REQUIRED,BEGINNER_SUITABILITY_REVIEW|EXERCISE_FAMILY_BOUNDARY_REVIEW|HUMAN_REPRESENTATIVE_SELECTION_REVIEW,gymvisual:0464
REX-000052,푸시업,TAXONOMY_APPROVED,EXERCISE_FAMILY_BOUNDARY_REVIEW|HUMAN_REPRESENTATIVE_SELECTION_REVIEW|BEGINNER_SUITABILITY_REVIEW,false,NOT_PRESENT,false,NOT_PRESENT,GENERATED_CONTENT_REVIEW_REQUIRED,DOMAIN_REVIEW_REQUIRED,BEGINNER_SUITABILITY_REVIEW|EXERCISE_FAMILY_BOUNDARY_REVIEW|HUMAN_REPRESENTATIVE_SELECTION_REVIEW,gymvisual:0662
REX-000053,후면 어깨 스트레칭,TAXONOMY_APPROVED,ALTERNATIVE_RELATION_REVIEW_REQUIRED|BEGINNER_SUITABILITY_REVIEW_REQUIRED|DOMAIN_SAFETY_REVIEW_REQUIRED|EXECUTION_DOSAGE_REVIEW_REQUIRED|LOAD_PROFILE_REVIEW_REQUIRED|MEDIA_RIGHTS_REVIEW_REQUIRED,false,NOT_PRESENT,false,NOT_PRESENT,GENERATED_CONTENT_REVIEW_REQUIRED,DOMAIN_REVIEW_REQUIRED,ALTERNATIVE_RELATION_REVIEW_REQUIRED|BEGINNER_SUITABILITY_REVIEW_REQUIRED|DOMAIN_SAFETY_REVIEW_REQUIRED|EXECUTION_DOSAGE_REVIEW_REQUIRED|LOAD_PROFILE_REVIEW_REQUIRED|MEDIA_RIGHTS_REVIEW_REQUIRED,gymvisual:0669
REX-000054,리버스 카프 레이즈,TAXONOMY_APPROVED,EXERCISE_FAMILY_BOUNDARY_REVIEW|HUMAN_REPRESENTATIVE_SELECTION_REVIEW|BEGINNER_SUITABILITY_REVIEW,false,NOT_PRESENT,false,NOT_PRESENT,GENERATED_CONTENT_REVIEW_REQUIRED,DOMAIN_REVIEW_REQUIRED,BEGINNER_SUITABILITY_REVIEW|EXERCISE_FAMILY_BOUNDARY_REVIEW|HUMAN_REPRESENTATIVE_SELECTION_REVIEW,gymvisual:0763|gymvisual:1000
REX-000055,리버스 리스트 컬,TAXONOMY_APPROVED,EXERCISE_FAMILY_BOUNDARY_REVIEW|HUMAN_REPRESENTATIVE_SELECTION_REVIEW|BEGINNER_SUITABILITY_REVIEW,false,NOT_PRESENT,false,NOT_PRESENT,GENERATED_CONTENT_REVIEW_REQUIRED,DOMAIN_REVIEW_REQUIRED,BEGINNER_SUITABILITY_REVIEW|EXERCISE_FAMILY_BOUNDARY_REVIEW|HUMAN_REPRESENTATIVE_SELECTION_REVIEW,gymvisual:0082|gymvisual:0368|gymvisual:0385|gymvisual:0994
REX-000056,앞뒤 스텝,TAXONOMY_APPROVED,,false,NOT_PRESENT,false,NOT_PRESENT,GENERATED_CONTENT_REVIEW_REQUIRED,DOMAIN_REVIEW_REQUIRED,,gymvisual:3672
REX-000057,의자 잡고 무릎 들기,TAXONOMY_APPROVED,,false,NOT_PRESENT,false,NOT_PRESENT,GENERATED_CONTENT_REVIEW_REQUIRED,DOMAIN_REVIEW_REQUIRED,,kspo:46ea8fdbe34474fac354a051f63b114e0a6d20a21f71226ae0db5da216d14861
REX-000058,하이니,TAXONOMY_APPROVED,,false,NOT_PRESENT,false,NOT_PRESENT,GENERATED_CONTENT_REVIEW_REQUIRED,DOMAIN_REVIEW_REQUIRED,,gymvisual:3636
REX-000059,점핑잭,TAXONOMY_APPROVED,,false,NOT_PRESENT,false,NOT_PRESENT,GENERATED_CONTENT_REVIEW_REQUIRED,DOMAIN_REVIEW_REQUIRED,,gymvisual:3224
REX-000060,줄넘기,TAXONOMY_APPROVED,,false,NOT_PRESENT,false,NOT_PRESENT,GENERATED_CONTENT_REVIEW_REQUIRED,DOMAIN_REVIEW_REQUIRED,,gymvisual:2612
REX-000061,케틀벨 스윙,TAXONOMY_APPROVED,,false,NOT_PRESENT,false,NOT_PRESENT,GENERATED_CONTENT_REVIEW_REQUIRED,DOMAIN_REVIEW_REQUIRED,,wger:9
REX-000062,달리기,TAXONOMY_APPROVED,,false,NOT_PRESENT,false,NOT_PRESENT,GENERATED_CONTENT_REVIEW_REQUIRED,DOMAIN_REVIEW_REQUIRED,,gymvisual:0685
REX-000063,앉아서 짐볼 조이기,TAXONOMY_APPROVED,,false,NOT_PRESENT,false,NOT_PRESENT,GENERATED_CONTENT_REVIEW_REQUIRED,DOMAIN_REVIEW_REQUIRED,,kspo:66e29f752b845bd1bcfa4cb737be1ede40daa81d869ea4b531c882b02ffb3c28
REX-000064,앉아서 고관절 굴곡,TAXONOMY_APPROVED,,false,NOT_PRESENT,false,NOT_PRESENT,GENERATED_CONTENT_REVIEW_REQUIRED,DOMAIN_REVIEW_REQUIRED,,kspo:dfd7eaa07d42e118610eb6756d8dcdc351f5b1f3c9a1262fa94aa18d92a87e09
REX-000065,짧은 보폭 달리기,TAXONOMY_APPROVED,,false,NOT_PRESENT,false,NOT_PRESENT,GENERATED_CONTENT_REVIEW_REQUIRED,DOMAIN_REVIEW_REQUIRED,,gymvisual:3656
REX-000066,한발 서기 균형,TAXONOMY_APPROVED,,false,NOT_PRESENT,false,NOT_PRESENT,GENERATED_CONTENT_REVIEW_REQUIRED,DOMAIN_REVIEW_REQUIRED,,kspo:19af0f76cad5e01830e662585e3cea621cf8563f1955f83114bef440606379c4
REX-000067,실내 자전거,TAXONOMY_APPROVED,,false,NOT_PRESENT,false,NOT_PRESENT,GENERATED_CONTENT_REVIEW_REQUIRED,DOMAIN_REVIEW_REQUIRED,,gymvisual:2138
REX-000068,스텝박스 오르내리기,TAXONOMY_APPROVED,,false,NOT_PRESENT,false,NOT_PRESENT,GENERATED_CONTENT_REVIEW_REQUIRED,DOMAIN_REVIEW_REQUIRED,,kspo:00c41c823f6141adb2f3b7da95c1213fea98dac6cb3bfaf453f1a4989133d2d2
REX-000069,누워서 밴드 레그 프레스,TAXONOMY_APPROVED,,false,NOT_PRESENT,false,NOT_PRESENT,GENERATED_CONTENT_REVIEW_REQUIRED,DOMAIN_REVIEW_REQUIRED,,kspo:72cc612abf8747105b33f64e0661b713012fb3f2ae378cd5c5142215eedc899b
REX-000070,경사 트레드밀 걷기,TAXONOMY_APPROVED,,false,NOT_PRESENT,false,NOT_PRESENT,GENERATED_CONTENT_REVIEW_REQUIRED,DOMAIN_REVIEW_REQUIRED,,gymvisual:3666
REX-000071,스텝밀,TAXONOMY_APPROVED,,false,NOT_PRESENT,false,NOT_PRESENT,GENERATED_CONTENT_REVIEW_REQUIRED,DOMAIN_REVIEW_REQUIRED,,gymvisual:2311
REX-000072,일립티컬,TAXONOMY_APPROVED,,false,NOT_PRESENT,false,NOT_PRESENT,GENERATED_CONTENT_REVIEW_REQUIRED,DOMAIN_REVIEW_REQUIRED,,gymvisual:2141
REX-000073,롤러 등 스트레칭,TAXONOMY_APPROVED,ALTERNATIVE_RELATION_REVIEW_REQUIRED|BEGINNER_SUITABILITY_REVIEW_REQUIRED|DOMAIN_SAFETY_REVIEW_REQUIRED|EXECUTION_DOSAGE_REVIEW_REQUIRED|LOAD_PROFILE_REVIEW_REQUIRED|MEDIA_RIGHTS_REVIEW_REQUIRED,false,NOT_PRESENT,false,NOT_PRESENT,GENERATED_CONTENT_REVIEW_REQUIRED,DOMAIN_REVIEW_REQUIRED,ALTERNATIVE_RELATION_REVIEW_REQUIRED|BEGINNER_SUITABILITY_REVIEW_REQUIRED|DOMAIN_SAFETY_REVIEW_REQUIRED|EXECUTION_DOSAGE_REVIEW_REQUIRED|LOAD_PROFILE_REVIEW_REQUIRED|MEDIA_RIGHTS_REVIEW_REQUIRED,gymvisual:2208
REX-000074,롤러 둔근 스트레칭,TAXONOMY_APPROVED,ALTERNATIVE_RELATION_REVIEW_REQUIRED|BEGINNER_SUITABILITY_REVIEW_REQUIRED|DOMAIN_SAFETY_REVIEW_REQUIRED|EXECUTION_DOSAGE_REVIEW_REQUIRED|LOAD_PROFILE_REVIEW_REQUIRED|MEDIA_RIGHTS_REVIEW_REQUIRED,false,NOT_PRESENT,false,NOT_PRESENT,GENERATED_CONTENT_REVIEW_REQUIRED,DOMAIN_REVIEW_REQUIRED,ALTERNATIVE_RELATION_REVIEW_REQUIRED|BEGINNER_SUITABILITY_REVIEW_REQUIRED|DOMAIN_SAFETY_REVIEW_REQUIRED|EXECUTION_DOSAGE_REVIEW_REQUIRED|LOAD_PROFILE_REVIEW_REQUIRED|MEDIA_RIGHTS_REVIEW_REQUIRED,gymvisual:2202
REX-000075,회전형 크런치,TAXONOMY_APPROVED,BEGINNER_SUITABILITY_REVIEW_REQUIRED|DOMAIN_SAFETY_REVIEW_REQUIRED|EXECUTION_DOSAGE_REVIEW_REQUIRED|EXERCISE_TAXONOMY_MAPPING_REQUIRED|INSTRUCTION_CONTENT_REVIEW_REQUIRED|KOREAN_LOCALIZATION_REVIEW_REQUIRED|SOURCE_LICENSE_REVIEW_REQUIRED,false,NOT_PRESENT,false,NOT_PRESENT,GENERATED_CONTENT_REVIEW_REQUIRED,DOMAIN_REVIEW_REQUIRED,BEGINNER_SUITABILITY_REVIEW_REQUIRED|DOMAIN_SAFETY_REVIEW_REQUIRED|EXECUTION_DOSAGE_REVIEW_REQUIRED|EXERCISE_TAXONOMY_MAPPING_REQUIRED|INSTRUCTION_CONTENT_REVIEW_REQUIRED|KOREAN_LOCALIZATION_REVIEW_REQUIRED|SOURCE_LICENSE_REVIEW_REQUIRED,gymvisual:0972|gymvisual:0985|wger:145
REX-000076,로우,TAXONOMY_APPROVED,BEGINNER_SUITABILITY_REVIEW_REQUIRED|DOMAIN_SAFETY_REVIEW_REQUIRED|EXECUTION_DOSAGE_REVIEW_REQUIRED|EXERCISE_TAXONOMY_MAPPING_REQUIRED|INSTRUCTION_CONTENT_REVIEW_REQUIRED|KOREAN_LOCALIZATION_REVIEW_REQUIRED|MEDIA_RIGHTS_REVIEW_REQUIRED|SOURCE_EQUIPMENT_UNSPECIFIED|SOURCE_LICENSE_REVIEW_REQUIRED,false,NOT_PRESENT,false,NOT_PRESENT,GENERATED_CONTENT_REVIEW_REQUIRED,DOMAIN_REVIEW_REQUIRED,BEGINNER_SUITABILITY_REVIEW_REQUIRED|DOMAIN_SAFETY_REVIEW_REQUIRED|EXECUTION_DOSAGE_REVIEW_REQUIRED|EXERCISE_TAXONOMY_MAPPING_REQUIRED|INSTRUCTION_CONTENT_REVIEW_REQUIRED|KOREAN_LOCALIZATION_REVIEW_REQUIRED|MEDIA_RIGHTS_REVIEW_REQUIRED|SOURCE_EQUIPMENT_UNSPECIFIED|SOURCE_LICENSE_REVIEW_REQUIRED,wger:1117|wger:1227|wger:1283|wger:1725
REX-000077,러너스 스트레칭,TAXONOMY_APPROVED,ALTERNATIVE_RELATION_REVIEW_REQUIRED|BEGINNER_SUITABILITY_REVIEW_REQUIRED|DOMAIN_SAFETY_REVIEW_REQUIRED|EXECUTION_DOSAGE_REVIEW_REQUIRED|LOAD_PROFILE_REVIEW_REQUIRED|MEDIA_RIGHTS_REVIEW_REQUIRED,false,NOT_PRESENT,false,NOT_PRESENT,GENERATED_CONTENT_REVIEW_REQUIRED,DOMAIN_REVIEW_REQUIRED,ALTERNATIVE_RELATION_REVIEW_REQUIRED|BEGINNER_SUITABILITY_REVIEW_REQUIRED|DOMAIN_SAFETY_REVIEW_REQUIRED|EXECUTION_DOSAGE_REVIEW_REQUIRED|LOAD_PROFILE_REVIEW_REQUIRED|MEDIA_RIGHTS_REVIEW_REQUIRED,gymvisual:1585
REX-000078,스캐풀라 풀업,TAXONOMY_APPROVED,EXERCISE_FAMILY_BOUNDARY_REVIEW|HUMAN_REPRESENTATIVE_SELECTION_REVIEW|BEGINNER_SUITABILITY_REVIEW,false,NOT_PRESENT,false,NOT_PRESENT,GENERATED_CONTENT_REVIEW_REQUIRED,DOMAIN_REVIEW_REQUIRED,BEGINNER_SUITABILITY_REVIEW|EXERCISE_FAMILY_BOUNDARY_REVIEW|HUMAN_REPRESENTATIVE_SELECTION_REVIEW,gymvisual:0688
REX-000079,시티드 케이블 로우,TAXONOMY_APPROVED,EXERCISE_FAMILY_BOUNDARY_REVIEW|HUMAN_REPRESENTATIVE_SELECTION_REVIEW|BEGINNER_SUITABILITY_REVIEW,false,NOT_PRESENT,false,NOT_PRESENT,GENERATED_CONTENT_REVIEW_REQUIRED,DOMAIN_REVIEW_REQUIRED,BEGINNER_SUITABILITY_REVIEW|EXERCISE_FAMILY_BOUNDARY_REVIEW|HUMAN_REPRESENTATIVE_SELECTION_REVIEW,gymvisual:0159|gymvisual:0160|gymvisual:0167|gymvisual:0208|gymvisual:0218|gymvisual:0861
REX-000080,시티드 카프 레이즈,TAXONOMY_APPROVED,EXERCISE_FAMILY_BOUNDARY_REVIEW|HUMAN_REPRESENTATIVE_SELECTION_REVIEW|BEGINNER_SUITABILITY_REVIEW|BEGINNER_SUITABILITY_REVIEW_REQUIRED|DOMAIN_SAFETY_REVIEW_REQUIRED|EXECUTION_DOSAGE_REVIEW_REQUIRED|EXERCISE_TAXONOMY_MAPPING_REQUIRED|INSTRUCTION_CONTENT_REVIEW_REQUIRED|KOREAN_LOCALIZATION_REVIEW_REQUIRED|MEDIA_RIGHTS_REVIEW_REQUIRED|SOURCE_EQUIPMENT_UNSPECIFIED|SOURCE_LICENSE_REVIEW_REQUIRED,false,NOT_PRESENT,false,NOT_PRESENT,GENERATED_CONTENT_REVIEW_REQUIRED,DOMAIN_REVIEW_REQUIRED,BEGINNER_SUITABILITY_REVIEW|BEGINNER_SUITABILITY_REVIEW_REQUIRED|DOMAIN_SAFETY_REVIEW_REQUIRED|EXECUTION_DOSAGE_REVIEW_REQUIRED|EXERCISE_FAMILY_BOUNDARY_REVIEW|EXERCISE_TAXONOMY_MAPPING_REQUIRED|HUMAN_REPRESENTATIVE_SELECTION_REVIEW|INSTRUCTION_CONTENT_REVIEW_REQUIRED|KOREAN_LOCALIZATION_REVIEW_REQUIRED|MEDIA_RIGHTS_REVIEW_REQUIRED|SOURCE_EQUIPMENT_UNSPECIFIED|SOURCE_LICENSE_REVIEW_REQUIRED,gymvisual:0088|gymvisual:0594|gymvisual:1379|gymvisual:2335|wger:146
REX-000081,앉아서 종아리 스트레칭,TAXONOMY_APPROVED,ALTERNATIVE_RELATION_REVIEW_REQUIRED|BEGINNER_SUITABILITY_REVIEW_REQUIRED|DOMAIN_SAFETY_REVIEW_REQUIRED|EXECUTION_DOSAGE_REVIEW_REQUIRED|LOAD_PROFILE_REVIEW_REQUIRED|MEDIA_RIGHTS_REVIEW_REQUIRED,false,NOT_PRESENT,false,NOT_PRESENT,GENERATED_CONTENT_REVIEW_REQUIRED,DOMAIN_REVIEW_REQUIRED,ALTERNATIVE_RELATION_REVIEW_REQUIRED|BEGINNER_SUITABILITY_REVIEW_REQUIRED|DOMAIN_SAFETY_REVIEW_REQUIRED|EXECUTION_DOSAGE_REVIEW_REQUIRED|LOAD_PROFILE_REVIEW_REQUIRED|MEDIA_RIGHTS_REVIEW_REQUIRED,gymvisual:1390
REX-000082,앉아서 둔근 스트레칭,TAXONOMY_APPROVED,ALTERNATIVE_RELATION_REVIEW_REQUIRED|BEGINNER_SUITABILITY_REVIEW_REQUIRED|DOMAIN_SAFETY_REVIEW_REQUIRED|EXECUTION_DOSAGE_REVIEW_REQUIRED|LOAD_PROFILE_REVIEW_REQUIRED|MEDIA_RIGHTS_REVIEW_REQUIRED,false,NOT_PRESENT,false,NOT_PRESENT,GENERATED_CONTENT_REVIEW_REQUIRED,DOMAIN_REVIEW_REQUIRED,ALTERNATIVE_RELATION_REVIEW_REQUIRED|BEGINNER_SUITABILITY_REVIEW_REQUIRED|DOMAIN_SAFETY_REVIEW_REQUIRED|EXECUTION_DOSAGE_REVIEW_REQUIRED|LOAD_PROFILE_REVIEW_REQUIRED|MEDIA_RIGHTS_REVIEW_REQUIRED,gymvisual:1424
REX-000083,레그 컬,TAXONOMY_APPROVED,EXERCISE_FAMILY_BOUNDARY_REVIEW|HUMAN_REPRESENTATIVE_SELECTION_REVIEW|ALTERNATIVE_RELATION_REVIEW_REQUIRED|BEGINNER_SUITABILITY_REVIEW|BEGINNER_SUITABILITY_REVIEW_REQUIRED|DOMAIN_SAFETY_REVIEW_REQUIRED|EXECUTION_DOSAGE_REVIEW_REQUIRED|EXERCISE_TAXONOMY_MAPPING_REQUIRED|INSTRUCTION_CONTENT_REVIEW_REQUIRED|KOREAN_LOCALIZATION_REVIEW_REQUIRED|MEDIA_RIGHTS_REVIEW_REQUIRED|SOURCE_DOSAGE_UNSPECIFIED|SOURCE_EQUIPMENT_UNSPECIFIED|SOURCE_LICENSE_REVIEW_REQUIRED,false,NOT_PRESENT,false,NOT_PRESENT,GENERATED_CONTENT_REVIEW_REQUIRED,DOMAIN_REVIEW_REQUIRED,ALTERNATIVE_RELATION_REVIEW_REQUIRED|BEGINNER_SUITABILITY_REVIEW|BEGINNER_SUITABILITY_REVIEW_REQUIRED|DOMAIN_SAFETY_REVIEW_REQUIRED|EXECUTION_DOSAGE_REVIEW_REQUIRED|EXERCISE_FAMILY_BOUNDARY_REVIEW|EXERCISE_TAXONOMY_MAPPING_REQUIRED|HUMAN_REPRESENTATIVE_SELECTION_REVIEW|INSTRUCTION_CONTENT_REVIEW_REQUIRED|KOREAN_LOCALIZATION_REVIEW_REQUIRED|MEDIA_RIGHTS_REVIEW_REQUIRED|SOURCE_DOSAGE_UNSPECIFIED|SOURCE_EQUIPMENT_UNSPECIFIED|SOURCE_LICENSE_REVIEW_REQUIRED,gymvisual:0496|gymvisual:0599|gymvisual:0696|gymvisual:0697|gymvisual:0795|gymvisual:2400|kspo:ddff78f01b0aa7c568bb66781954f5bbb7a7f882745b3490702d63e6467f924e|wger:1603|wger:364
REX-000084,앉아서 허리 스트레칭,TAXONOMY_APPROVED,ALTERNATIVE_RELATION_REVIEW_REQUIRED|BEGINNER_SUITABILITY_REVIEW_REQUIRED|DOMAIN_SAFETY_REVIEW_REQUIRED|EXECUTION_DOSAGE_REVIEW_REQUIRED|LOAD_PROFILE_REVIEW_REQUIRED|MEDIA_RIGHTS_REVIEW_REQUIRED,false,NOT_PRESENT,false,NOT_PRESENT,GENERATED_CONTENT_REVIEW_REQUIRED,DOMAIN_REVIEW_REQUIRED,ALTERNATIVE_RELATION_REVIEW_REQUIRED|BEGINNER_SUITABILITY_REVIEW_REQUIRED|DOMAIN_SAFETY_REVIEW_REQUIRED|EXECUTION_DOSAGE_REVIEW_REQUIRED|LOAD_PROFILE_REVIEW_REQUIRED|MEDIA_RIGHTS_REVIEW_REQUIRED,gymvisual:0690
REX-000085,앉아서 이상근 스트레칭,TAXONOMY_APPROVED,ALTERNATIVE_RELATION_REVIEW_REQUIRED|BEGINNER_SUITABILITY_REVIEW_REQUIRED|DOMAIN_SAFETY_REVIEW_REQUIRED|EXECUTION_DOSAGE_REVIEW_REQUIRED|LOAD_PROFILE_REVIEW_REQUIRED|MEDIA_RIGHTS_REVIEW_REQUIRED,false,NOT_PRESENT,false,NOT_PRESENT,GENERATED_CONTENT_REVIEW_REQUIRED,DOMAIN_REVIEW_REQUIRED,ALTERNATIVE_RELATION_REVIEW_REQUIRED|BEGINNER_SUITABILITY_REVIEW_REQUIRED|DOMAIN_SAFETY_REVIEW_REQUIRED|EXECUTION_DOSAGE_REVIEW_REQUIRED|LOAD_PROFILE_REVIEW_REQUIRED|MEDIA_RIGHTS_REVIEW_REQUIRED,gymvisual:2567
REX-000086,숄더 프레스,TAXONOMY_APPROVED,EXERCISE_FAMILY_BOUNDARY_REVIEW|HUMAN_REPRESENTATIVE_SELECTION_REVIEW|BEGINNER_SUITABILITY_REVIEW|BEGINNER_SUITABILITY_REVIEW_REQUIRED|DOMAIN_SAFETY_REVIEW_REQUIRED|EXECUTION_DOSAGE_REVIEW_REQUIRED|EXERCISE_TAXONOMY_MAPPING_REQUIRED|INSTRUCTION_CONTENT_REVIEW_REQUIRED|KOREAN_LOCALIZATION_REVIEW_REQUIRED|MEDIA_RIGHTS_REVIEW_REQUIRED|SOURCE_EQUIPMENT_UNSPECIFIED|SOURCE_LICENSE_REVIEW_REQUIRED,false,NOT_PRESENT,false,NOT_PRESENT,GENERATED_CONTENT_REVIEW_REQUIRED,DOMAIN_REVIEW_REQUIRED,BEGINNER_SUITABILITY_REVIEW|BEGINNER_SUITABILITY_REVIEW_REQUIRED|DOMAIN_SAFETY_REVIEW_REQUIRED|EXECUTION_DOSAGE_REVIEW_REQUIRED|EXERCISE_FAMILY_BOUNDARY_REVIEW|EXERCISE_TAXONOMY_MAPPING_REQUIRED|HUMAN_REPRESENTATIVE_SELECTION_REVIEW|INSTRUCTION_CONTENT_REVIEW_REQUIRED|KOREAN_LOCALIZATION_REVIEW_REQUIRED|MEDIA_RIGHTS_REVIEW_REQUIRED|SOURCE_EQUIPMENT_UNSPECIFIED|SOURCE_LICENSE_REVIEW_REQUIRED,gymvisual:0360|gymvisual:0361|gymvisual:0404|gymvisual:0405|gymvisual:0997|gymvisual:3122|wger:1893|wger:20|wger:543
REX-000087,시티드 와이드 앵글 스트레칭,TAXONOMY_APPROVED,ALTERNATIVE_RELATION_REVIEW_REQUIRED|BEGINNER_SUITABILITY_REVIEW_REQUIRED|DOMAIN_SAFETY_REVIEW_REQUIRED|EXECUTION_DOSAGE_REVIEW_REQUIRED|LOAD_PROFILE_REVIEW_REQUIRED|MEDIA_RIGHTS_REVIEW_REQUIRED,false,NOT_PRESENT,false,NOT_PRESENT,GENERATED_CONTENT_REVIEW_REQUIRED,DOMAIN_REVIEW_REQUIRED,ALTERNATIVE_RELATION_REVIEW_REQUIRED|BEGINNER_SUITABILITY_REVIEW_REQUIRED|DOMAIN_SAFETY_REVIEW_REQUIRED|EXECUTION_DOSAGE_REVIEW_REQUIRED|LOAD_PROFILE_REVIEW_REQUIRED|MEDIA_RIGHTS_REVIEW_REQUIRED,gymvisual:1587
REX-000088,옆으로 누워 대퇴사두근 스트레칭,TAXONOMY_APPROVED,ALTERNATIVE_RELATION_REVIEW_REQUIRED|BEGINNER_SUITABILITY_REVIEW_REQUIRED|DOMAIN_SAFETY_REVIEW_REQUIRED|EXECUTION_DOSAGE_REVIEW_REQUIRED|LOAD_PROFILE_REVIEW_REQUIRED|MEDIA_RIGHTS_REVIEW_REQUIRED,false,NOT_PRESENT,false,NOT_PRESENT,GENERATED_CONTENT_REVIEW_REQUIRED,DOMAIN_REVIEW_REQUIRED,ALTERNATIVE_RELATION_REVIEW_REQUIRED|BEGINNER_SUITABILITY_REVIEW_REQUIRED|DOMAIN_SAFETY_REVIEW_REQUIRED|EXECUTION_DOSAGE_REVIEW_REQUIRED|LOAD_PROFILE_REVIEW_REQUIRED|MEDIA_RIGHTS_REVIEW_REQUIRED,gymvisual:0613
REX-000089,손목 당기기 스트레칭,TAXONOMY_APPROVED,ALTERNATIVE_RELATION_REVIEW_REQUIRED|BEGINNER_SUITABILITY_REVIEW_REQUIRED|DOMAIN_SAFETY_REVIEW_REQUIRED|EXECUTION_DOSAGE_REVIEW_REQUIRED|LOAD_PROFILE_REVIEW_REQUIRED|MEDIA_RIGHTS_REVIEW_REQUIRED,false,NOT_PRESENT,false,NOT_PRESENT,GENERATED_CONTENT_REVIEW_REQUIRED,DOMAIN_REVIEW_REQUIRED,ALTERNATIVE_RELATION_REVIEW_REQUIRED|BEGINNER_SUITABILITY_REVIEW_REQUIRED|DOMAIN_SAFETY_REVIEW_REQUIRED|EXECUTION_DOSAGE_REVIEW_REQUIRED|LOAD_PROFILE_REVIEW_REQUIRED|MEDIA_RIGHTS_REVIEW_REQUIRED,gymvisual:0721
REX-000090,버드독,TAXONOMY_APPROVED,ALTERNATIVE_RELATION_REVIEW_REQUIRED|BEGINNER_SUITABILITY_REVIEW_REQUIRED|DOMAIN_SAFETY_REVIEW_REQUIRED|EXECUTION_DOSAGE_REVIEW_REQUIRED|EXERCISE_TAXONOMY_MAPPING_REQUIRED|INSTRUCTION_CONTENT_REVIEW_REQUIRED|MEDIA_RIGHTS_REVIEW_REQUIRED|SOURCE_DOSAGE_UNSPECIFIED,false,NOT_PRESENT,false,NOT_PRESENT,GENERATED_CONTENT_REVIEW_REQUIRED,DOMAIN_REVIEW_REQUIRED,ALTERNATIVE_RELATION_REVIEW_REQUIRED|BEGINNER_SUITABILITY_REVIEW_REQUIRED|DOMAIN_SAFETY_REVIEW_REQUIRED|EXECUTION_DOSAGE_REVIEW_REQUIRED|EXERCISE_TAXONOMY_MAPPING_REQUIRED|INSTRUCTION_CONTENT_REVIEW_REQUIRED|MEDIA_RIGHTS_REVIEW_REQUIRED|SOURCE_DOSAGE_UNSPECIFIED,kspo:ce0ab5a88d5e6c4243b2a910aa53ecff3aa783c716fa193711a1a6e44542b3a0
REX-000091,척추 스트레칭,TAXONOMY_APPROVED,ALTERNATIVE_RELATION_REVIEW_REQUIRED|BEGINNER_SUITABILITY_REVIEW_REQUIRED|DOMAIN_SAFETY_REVIEW_REQUIRED|EXECUTION_DOSAGE_REVIEW_REQUIRED|LOAD_PROFILE_REVIEW_REQUIRED|MEDIA_RIGHTS_REVIEW_REQUIRED,false,NOT_PRESENT,false,NOT_PRESENT,GENERATED_CONTENT_REVIEW_REQUIRED,DOMAIN_REVIEW_REQUIRED,ALTERNATIVE_RELATION_REVIEW_REQUIRED|BEGINNER_SUITABILITY_REVIEW_REQUIRED|DOMAIN_SAFETY_REVIEW_REQUIRED|EXECUTION_DOSAGE_REVIEW_REQUIRED|LOAD_PROFILE_REVIEW_REQUIRED|MEDIA_RIGHTS_REVIEW_REQUIRED,gymvisual:1363
REX-000092,척추 비틀기,TAXONOMY_APPROVED,ALTERNATIVE_RELATION_REVIEW_REQUIRED|BEGINNER_SUITABILITY_REVIEW_REQUIRED|DOMAIN_SAFETY_REVIEW_REQUIRED|EXECUTION_DOSAGE_REVIEW_REQUIRED|LOAD_PROFILE_REVIEW_REQUIRED|MEDIA_RIGHTS_REVIEW_REQUIRED,false,NOT_PRESENT,false,NOT_PRESENT,GENERATED_CONTENT_REVIEW_REQUIRED,DOMAIN_REVIEW_REQUIRED,ALTERNATIVE_RELATION_REVIEW_REQUIRED|BEGINNER_SUITABILITY_REVIEW_REQUIRED|DOMAIN_SAFETY_REVIEW_REQUIRED|EXECUTION_DOSAGE_REVIEW_REQUIRED|LOAD_PROFILE_REVIEW_REQUIRED|MEDIA_RIGHTS_REVIEW_REQUIRED,gymvisual:2329
REX-000093,스쿼트,TAXONOMY_APPROVED,BEGINNER_SUITABILITY_REVIEW_REQUIRED|DOMAIN_SAFETY_REVIEW_REQUIRED|EXECUTION_DOSAGE_REVIEW_REQUIRED|EXERCISE_TAXONOMY_MAPPING_REQUIRED|INSTRUCTION_CONTENT_REVIEW_REQUIRED|KOREAN_LOCALIZATION_REVIEW_REQUIRED|MEDIA_RIGHTS_REVIEW_REQUIRED|SOURCE_LICENSE_REVIEW_REQUIRED,false,NOT_PRESENT,false,NOT_PRESENT,GENERATED_CONTENT_REVIEW_REQUIRED,DOMAIN_REVIEW_REQUIRED,BEGINNER_SUITABILITY_REVIEW_REQUIRED|DOMAIN_SAFETY_REVIEW_REQUIRED|EXECUTION_DOSAGE_REVIEW_REQUIRED|EXERCISE_TAXONOMY_MAPPING_REQUIRED|INSTRUCTION_CONTENT_REVIEW_REQUIRED|KOREAN_LOCALIZATION_REVIEW_REQUIRED|MEDIA_RIGHTS_REVIEW_REQUIRED|SOURCE_LICENSE_REVIEW_REQUIRED,wger:1801
REX-000094,스트랩 햄스트링·종아리 스트레칭,TAXONOMY_APPROVED,ALTERNATIVE_RELATION_REVIEW_REQUIRED|BEGINNER_SUITABILITY_REVIEW_REQUIRED|DOMAIN_SAFETY_REVIEW_REQUIRED|EXECUTION_DOSAGE_REVIEW_REQUIRED|LOAD_PROFILE_REVIEW_REQUIRED|MEDIA_RIGHTS_REVIEW_REQUIRED,false,NOT_PRESENT,false,NOT_PRESENT,GENERATED_CONTENT_REVIEW_REQUIRED,DOMAIN_REVIEW_REQUIRED,ALTERNATIVE_RELATION_REVIEW_REQUIRED|BEGINNER_SUITABILITY_REVIEW_REQUIRED|DOMAIN_SAFETY_REVIEW_REQUIRED|EXECUTION_DOSAGE_REVIEW_REQUIRED|LOAD_PROFILE_REVIEW_REQUIRED|MEDIA_RIGHTS_REVIEW_REQUIRED,gymvisual:1599
REX-000095,서서 옆구리 스트레칭,TAXONOMY_APPROVED,ALTERNATIVE_RELATION_REVIEW_REQUIRED|BEGINNER_SUITABILITY_REVIEW_REQUIRED|DOMAIN_SAFETY_REVIEW_REQUIRED|EXECUTION_DOSAGE_REVIEW_REQUIRED|LOAD_PROFILE_REVIEW_REQUIRED|MEDIA_RIGHTS_REVIEW_REQUIRED,false,NOT_PRESENT,false,NOT_PRESENT,GENERATED_CONTENT_REVIEW_REQUIRED,DOMAIN_REVIEW_REQUIRED,ALTERNATIVE_RELATION_REVIEW_REQUIRED|BEGINNER_SUITABILITY_REVIEW_REQUIRED|DOMAIN_SAFETY_REVIEW_REQUIRED|EXECUTION_DOSAGE_REVIEW_REQUIRED|LOAD_PROFILE_REVIEW_REQUIRED|MEDIA_RIGHTS_REVIEW_REQUIRED,gymvisual:0794
REX-000096,삼두근 스트레칭,TAXONOMY_APPROVED,ALTERNATIVE_RELATION_REVIEW_REQUIRED|BEGINNER_SUITABILITY_REVIEW_REQUIRED|DOMAIN_SAFETY_REVIEW_REQUIRED|EXECUTION_DOSAGE_REVIEW_REQUIRED|LOAD_PROFILE_REVIEW_REQUIRED|MEDIA_RIGHTS_REVIEW_REQUIRED,false,NOT_PRESENT,false,NOT_PRESENT,GENERATED_CONTENT_REVIEW_REQUIRED,DOMAIN_REVIEW_REQUIRED,ALTERNATIVE_RELATION_REVIEW_REQUIRED|BEGINNER_SUITABILITY_REVIEW_REQUIRED|DOMAIN_SAFETY_REVIEW_REQUIRED|EXECUTION_DOSAGE_REVIEW_REQUIRED|LOAD_PROFILE_REVIEW_REQUIRED|MEDIA_RIGHTS_REVIEW_REQUIRED,gymvisual:0817
REX-000097,상부 등 밴드 당기기,TAXONOMY_APPROVED,ALTERNATIVE_RELATION_REVIEW_REQUIRED|BEGINNER_SUITABILITY_REVIEW_REQUIRED|DOMAIN_SAFETY_REVIEW_REQUIRED|EXECUTION_DOSAGE_REVIEW_REQUIRED|EXERCISE_TAXONOMY_MAPPING_REQUIRED|INSTRUCTION_CONTENT_REVIEW_REQUIRED|MEDIA_RIGHTS_REVIEW_REQUIRED|SOURCE_DOSAGE_UNSPECIFIED,false,NOT_PRESENT,false,NOT_PRESENT,GENERATED_CONTENT_REVIEW_REQUIRED,DOMAIN_REVIEW_REQUIRED,ALTERNATIVE_RELATION_REVIEW_REQUIRED|BEGINNER_SUITABILITY_REVIEW_REQUIRED|DOMAIN_SAFETY_REVIEW_REQUIRED|EXECUTION_DOSAGE_REVIEW_REQUIRED|EXERCISE_TAXONOMY_MAPPING_REQUIRED|INSTRUCTION_CONTENT_REVIEW_REQUIRED|MEDIA_RIGHTS_REVIEW_REQUIRED|SOURCE_DOSAGE_UNSPECIFIED,kspo:ab41f78cd9e548e1217b4460122ca0a1e9824cd570da589f1b37ffe86d6db937
REX-000098,상부 등 스트레칭,TAXONOMY_APPROVED,ALTERNATIVE_RELATION_REVIEW_REQUIRED|BEGINNER_SUITABILITY_REVIEW_REQUIRED|DOMAIN_SAFETY_REVIEW_REQUIRED|EXECUTION_DOSAGE_REVIEW_REQUIRED|LOAD_PROFILE_REVIEW_REQUIRED|MEDIA_RIGHTS_REVIEW_REQUIRED,false,NOT_PRESENT,false,NOT_PRESENT,GENERATED_CONTENT_REVIEW_REQUIRED,DOMAIN_REVIEW_REQUIRED,ALTERNATIVE_RELATION_REVIEW_REQUIRED|BEGINNER_SUITABILITY_REVIEW_REQUIRED|DOMAIN_SAFETY_REVIEW_REQUIRED|EXECUTION_DOSAGE_REVIEW_REQUIRED|LOAD_PROFILE_REVIEW_REQUIRED|MEDIA_RIGHTS_REVIEW_REQUIRED,gymvisual:1365
REX-000099,벽 짚고 종아리 스트레칭,TAXONOMY_APPROVED,ALTERNATIVE_RELATION_REVIEW_REQUIRED|BEGINNER_SUITABILITY_REVIEW_REQUIRED|DOMAIN_SAFETY_REVIEW_REQUIRED|EXECUTION_DOSAGE_REVIEW_REQUIRED|LOAD_PROFILE_REVIEW_REQUIRED|MEDIA_RIGHTS_REVIEW_REQUIRED,false,NOT_PRESENT,false,NOT_PRESENT,GENERATED_CONTENT_REVIEW_REQUIRED,DOMAIN_REVIEW_REQUIRED,ALTERNATIVE_RELATION_REVIEW_REQUIRED|BEGINNER_SUITABILITY_REVIEW_REQUIRED|DOMAIN_SAFETY_REVIEW_REQUIRED|EXECUTION_DOSAGE_REVIEW_REQUIRED|LOAD_PROFILE_REVIEW_REQUIRED|MEDIA_RIGHTS_REVIEW_REQUIRED,gymvisual:1377
REX-000100,월드 그레이티스트 스트레칭,TAXONOMY_APPROVED,ALTERNATIVE_RELATION_REVIEW_REQUIRED|BEGINNER_SUITABILITY_REVIEW_REQUIRED|DOMAIN_SAFETY_REVIEW_REQUIRED|EXECUTION_DOSAGE_REVIEW_REQUIRED|LOAD_PROFILE_REVIEW_REQUIRED|MEDIA_RIGHTS_REVIEW_REQUIRED,false,NOT_PRESENT,false,NOT_PRESENT,GENERATED_CONTENT_REVIEW_REQUIRED,DOMAIN_REVIEW_REQUIRED,ALTERNATIVE_RELATION_REVIEW_REQUIRED|BEGINNER_SUITABILITY_REVIEW_REQUIRED|DOMAIN_SAFETY_REVIEW_REQUIRED|EXECUTION_DOSAGE_REVIEW_REQUIRED|LOAD_PROFILE_REVIEW_REQUIRED|MEDIA_RIGHTS_REVIEW_REQUIRED,gymvisual:1604
REX-000101,손목 돌리기,TAXONOMY_APPROVED,ALTERNATIVE_RELATION_REVIEW_REQUIRED|BEGINNER_SUITABILITY_REVIEW_REQUIRED|DOMAIN_SAFETY_REVIEW_REQUIRED|EXECUTION_DOSAGE_REVIEW_REQUIRED|LOAD_PROFILE_REVIEW_REQUIRED|MEDIA_RIGHTS_REVIEW_REQUIRED,false,NOT_PRESENT,false,NOT_PRESENT,GENERATED_CONTENT_REVIEW_REQUIRED,DOMAIN_REVIEW_REQUIRED,ALTERNATIVE_RELATION_REVIEW_REQUIRED|BEGINNER_SUITABILITY_REVIEW_REQUIRED|DOMAIN_SAFETY_REVIEW_REQUIRED|EXECUTION_DOSAGE_REVIEW_REQUIRED|LOAD_PROFILE_REVIEW_REQUIRED|MEDIA_RIGHTS_REVIEW_REQUIRED,gymvisual:1428
REX-000102,리스트 컬,TAXONOMY_APPROVED,EXERCISE_FAMILY_BOUNDARY_REVIEW|HUMAN_REPRESENTATIVE_SELECTION_REVIEW|BEGINNER_SUITABILITY_REVIEW,false,NOT_PRESENT,false,NOT_PRESENT,GENERATED_CONTENT_REVIEW_REQUIRED,DOMAIN_REVIEW_REQUIRED,BEGINNER_SUITABILITY_REVIEW|EXERCISE_FAMILY_BOUNDARY_REVIEW|HUMAN_REPRESENTATIVE_SELECTION_REVIEW,gymvisual:0126|gymvisual:0369|gymvisual:1016
