exercise_id,exercise_name,representative_id,met_value,intensity_level,met_source,source_activity_name,mapping_basis,review_status,production_eligible
NEX-000001,barbell deadlift,REX-000004,6,VIGOROUS,ADULT_COMPENDIUM_2024;activity_code=02050;url=https://pacompendium.com/;domain_approval=DATA_OWNER_APPROVAL;reviewed_at=2026-08-24T00:00:00+09:00;approval_scope=ALL_MET_MAPPINGS,"Resistance (weight lifting - free weight, nautilus or universal-type), vigorous effort",USER_APPROVED_COMPENDIUM_02050_VIGOROUS_RESISTANCE,DOMAIN_APPROVED,true
NEX-000002,barbell decline bent arm pullover,REX-000006,3.5,MODERATE,ADULT_COMPENDIUM_2024;activity_code=02054;url=https://pacompendium.com/;domain_approval=DATA_OWNER_APPROVAL;reviewed_at=2026-08-24T00:00:00+09:00;approval_scope=ALL_MET_MAPPINGS,"Resistance (weight) training, multiple exercises, 8-15 reps at varied resistance",USER_APPROVED_PROVISIONAL_ESTIMATE,DOMAIN_APPROVED,true
NEX-000003,barbell decline wide-grip pullover,REX-000006,3.5,MODERATE,ADULT_COMPENDIUM_2024;activity_code=02054;url=https://pacompendium.com/;domain_approval=DATA_OWNER_APPROVAL;reviewed_at=2026-08-24T00:00:00+09:00;approval_scope=ALL_MET_MAPPINGS,"Resistance (weight) training, multiple exercises, 8-15 reps at varied resistance",USER_APPROVED_PROVISIONAL_ESTIMATE,DOMAIN_APPROVED,true
NEX-000004,barbell front raise,REX-000005,3.5,LIGHT,ADULT_COMPENDIUM_2024;activity_code=02054;url=https://pacompendium.com/;domain_approval=DATA_OWNER_APPROVAL;reviewed_at=2026-08-24T00:00:00+09:00;approval_scope=ALL_MET_MAPPINGS,"Resistance (weight) training, multiple exercises, 8-15 reps at varied resistance",USER_APPROVED_COMPENDIUM_02054_LIGHT_RESISTANCE,DOMAIN_APPROVED,true
NEX-000005,barbell pullover,REX-000006,3.5,MODERATE,ADULT_COMPENDIUM_2024;activity_code=02054;url=https://pacompendium.com/;domain_approval=DATA_OWNER_APPROVAL;reviewed_at=2026-08-24T00:00:00+09:00;approval_scope=ALL_MET_MAPPINGS,"Resistance (weight) training, multiple exercises, 8-15 reps at varied resistance",USER_APPROVED_PROVISIONAL_ESTIMATE,DOMAIN_APPROVED,true
NEX-000006,barbell reverse wrist curl,REX-000055,3.5,LIGHT,ADULT_COMPENDIUM_2024;activity_code=02054;url=https://pacompendium.com/;domain_approval=DATA_OWNER_APPROVAL;reviewed_at=2026-08-24T00:00:00+09:00;approval_scope=ALL_MET_MAPPINGS,"Resistance (weight) training, multiple exercises, 8-15 reps at varied resistance",USER_APPROVED_COMPENDIUM_02054_LIGHT_RESISTANCE,DOMAIN_APPROVED,true
NEX-000007,barbell seated calf raise,REX-000080,3.5,LIGHT,ADULT_COMPENDIUM_2024;activity_code=02054;url=https://pacompendium.com/;domain_approval=DATA_OWNER_APPROVAL;reviewed_at=2026-08-24T00:00:00+09:00;approval_scope=ALL_MET_MAPPINGS,"Resistance (weight) training, multiple exercises, 8-15 reps at varied resistance",USER_APPROVED_COMPENDIUM_02054_LIGHT_RESISTANCE,DOMAIN_APPROVED,true
NEX-000008,barbell standing overhead triceps extension,REX-000047,3.5,LIGHT,ADULT_COMPENDIUM_2024;activity_code=02054;url=https://pacompendium.com/;domain_approval=DATA_OWNER_APPROVAL;reviewed_at=2026-08-24T00:00:00+09:00;approval_scope=ALL_MET_MAPPINGS,"Resistance (weight) training, multiple exercises, 8-15 reps at varied resistance",USER_APPROVED_NO_DIRECT_MATCH_PROXY_COMPENDIUM_02054,DOMAIN_APPROVED,true
NEX-000009,barbell straight leg deadlift,REX-000007,6,VIGOROUS,ADULT_COMPENDIUM_2024;activity_code=02050;url=https://pacompendium.com/;domain_approval=DATA_OWNER_APPROVAL;reviewed_at=2026-08-24T00:00:00+09:00;approval_scope=ALL_MET_MAPPINGS,"Resistance (weight lifting - free weight, nautilus or universal-type), vigorous effort",USER_APPROVED_COMPENDIUM_02050_VIGOROUS_RESISTANCE,DOMAIN_APPROVED,true
NEX-000010,barbell wrist curl,REX-000102,3.5,LIGHT,ADULT_COMPENDIUM_2024;activity_code=02054;url=https://pacompendium.com/;domain_approval=DATA_OWNER_APPROVAL;reviewed_at=2026-08-24T00:00:00+09:00;approval_scope=ALL_MET_MAPPINGS,"Resistance (weight) training, multiple exercises, 8-15 reps at varied resistance",USER_APPROVED_COMPENDIUM_02054_LIGHT_RESISTANCE,DOMAIN_APPROVED,true
NEX-000011,biceps pull-up,REX-000012,6.5,VIGOROUS,ADULT_COMPENDIUM_2024;activity_code=02057;url=https://pacompendium.com/;domain_approval=DATA_OWNER_APPROVAL;reviewed_at=2026-08-24T00:00:00+09:00;approval_scope=ALL_MET_MAPPINGS,"Body weight resistance exercises, high intensity",USER_APPROVED_DIRECT_COMPENDIUM_02057_BODYWEIGHT_HIGH_INTENSITY,DOMAIN_APPROVED,true
NEX-000012,cable decline fly,REX-000018,3.5,LIGHT,ADULT_COMPENDIUM_2024;activity_code=02054;url=https://pacompendium.com/;domain_approval=DATA_OWNER_APPROVAL;reviewed_at=2026-08-24T00:00:00+09:00;approval_scope=ALL_MET_MAPPINGS,"Resistance (weight) training, multiple exercises, 8-15 reps at varied resistance",USER_APPROVED_COMPENDIUM_02054_LIGHT_RESISTANCE,DOMAIN_APPROVED,true
NEX-000013,cable decline seated wide-grip row,REX-000079,5,MODERATE,ADULT_COMPENDIUM_2024;activity_code=02052;url=https://pacompendium.com/;domain_approval=DATA_OWNER_APPROVAL;reviewed_at=2026-08-24T00:00:00+09:00;approval_scope=ALL_MET_MAPPINGS,"Resistance (weight) training, squats, deadlift, slow or explosive effort",USER_APPROVED_COMPENDIUM_02052_MODERATE_RESISTANCE,DOMAIN_APPROVED,true
NEX-000014,cable floor seated wide-grip row,REX-000079,5,MODERATE,ADULT_COMPENDIUM_2024;activity_code=02052;url=https://pacompendium.com/;domain_approval=DATA_OWNER_APPROVAL;reviewed_at=2026-08-24T00:00:00+09:00;approval_scope=ALL_MET_MAPPINGS,"Resistance (weight) training, squats, deadlift, slow or explosive effort",USER_APPROVED_COMPENDIUM_02052_MODERATE_RESISTANCE,DOMAIN_APPROVED,true
NEX-000015,cable high row (kneeling),REX-000079,5,MODERATE,ADULT_COMPENDIUM_2024;activity_code=02052;url=https://pacompendium.com/;domain_approval=DATA_OWNER_APPROVAL;reviewed_at=2026-08-24T00:00:00+09:00;approval_scope=ALL_MET_MAPPINGS,"Resistance (weight) training, squats, deadlift, slow or explosive effort",USER_APPROVED_COMPENDIUM_02052_MODERATE_RESISTANCE,DOMAIN_APPROVED,true
NEX-000016,cable incline fly (on stability ball),REX-000018,3.5,LIGHT,ADULT_COMPENDIUM_2024;activity_code=02054;url=https://pacompendium.com/;domain_approval=DATA_OWNER_APPROVAL;reviewed_at=2026-08-24T00:00:00+09:00;approval_scope=ALL_MET_MAPPINGS,"Resistance (weight) training, multiple exercises, 8-15 reps at varied resistance",USER_APPROVED_COMPENDIUM_02054_LIGHT_RESISTANCE,DOMAIN_APPROVED,true
NEX-000017,cable incline fly,REX-000018,3.5,LIGHT,ADULT_COMPENDIUM_2024;activity_code=02054;url=https://pacompendium.com/;domain_approval=DATA_OWNER_APPROVAL;reviewed_at=2026-08-24T00:00:00+09:00;approval_scope=ALL_MET_MAPPINGS,"Resistance (weight) training, multiple exercises, 8-15 reps at varied resistance",USER_APPROVED_COMPENDIUM_02054_LIGHT_RESISTANCE,DOMAIN_APPROVED,true
NEX-000018,cable lying extension pullover (with rope attachment),REX-000006,5,MODERATE,ADULT_COMPENDIUM_2024;activity_code=02052;url=https://pacompendium.com/;domain_approval=DATA_OWNER_APPROVAL;reviewed_at=2026-08-24T00:00:00+09:00;approval_scope=ALL_MET_MAPPINGS,"Resistance (weight) training, squats, deadlift, slow or explosive effort",USER_APPROVED_NO_DIRECT_MATCH_PROXY_COMPENDIUM_02052,DOMAIN_APPROVED,true
NEX-000019,cable lying fly,REX-000018,3.5,LIGHT,ADULT_COMPENDIUM_2024;activity_code=02054;url=https://pacompendium.com/;domain_approval=DATA_OWNER_APPROVAL;reviewed_at=2026-08-24T00:00:00+09:00;approval_scope=ALL_MET_MAPPINGS,"Resistance (weight) training, multiple exercises, 8-15 reps at varied resistance",USER_APPROVED_COMPENDIUM_02054_LIGHT_RESISTANCE,DOMAIN_APPROVED,true
NEX-000020,cable pulldown,REX-000040,5,MODERATE,ADULT_COMPENDIUM_2024;activity_code=02052;url=https://pacompendium.com/;domain_approval=DATA_OWNER_APPROVAL;reviewed_at=2026-08-24T00:00:00+09:00;approval_scope=ALL_MET_MAPPINGS,"Resistance (weight) training, squats, deadlift, slow or explosive effort",USER_APPROVED_COMPENDIUM_02052_MODERATE_RESISTANCE,DOMAIN_APPROVED,true
NEX-000021,cable pushdown,REX-000019,5,MODERATE,ADULT_COMPENDIUM_2024;activity_code=02052;url=https://pacompendium.com/;domain_approval=DATA_OWNER_APPROVAL;reviewed_at=2026-08-24T00:00:00+09:00;approval_scope=ALL_MET_MAPPINGS,"Resistance (weight) training, squats, deadlift, slow or explosive effort",USER_APPROVED_NO_DIRECT_MATCH_PROXY_COMPENDIUM_02052,DOMAIN_APPROVED,true
NEX-000022,cable reverse-grip straight back seated high row,REX-000079,5,MODERATE,ADULT_COMPENDIUM_2024;activity_code=02052;url=https://pacompendium.com/;domain_approval=DATA_OWNER_APPROVAL;reviewed_at=2026-08-24T00:00:00+09:00;approval_scope=ALL_MET_MAPPINGS,"Resistance (weight) training, squats, deadlift, slow or explosive effort",USER_APPROVED_COMPENDIUM_02052_MODERATE_RESISTANCE,DOMAIN_APPROVED,true
NEX-000023,cable russian twists (on stability ball),REX-000014,5,MODERATE,ADULT_COMPENDIUM_2024;activity_code=02052;url=https://pacompendium.com/;domain_approval=DATA_OWNER_APPROVAL;reviewed_at=2026-08-24T00:00:00+09:00;approval_scope=ALL_MET_MAPPINGS,"Resistance (weight) training, squats, deadlift, slow or explosive effort",USER_APPROVED_NO_DIRECT_MATCH_PROXY_COMPENDIUM_02052,DOMAIN_APPROVED,true
NEX-000024,cable seated wide-grip row,REX-000079,5,MODERATE,ADULT_COMPENDIUM_2024;activity_code=02052;url=https://pacompendium.com/;domain_approval=DATA_OWNER_APPROVAL;reviewed_at=2026-08-24T00:00:00+09:00;approval_scope=ALL_MET_MAPPINGS,"Resistance (weight) training, squats, deadlift, slow or explosive effort",USER_APPROVED_COMPENDIUM_02052_MODERATE_RESISTANCE,DOMAIN_APPROVED,true
NEX-000025,cable shrug,REX-000029,5,MODERATE,ADULT_COMPENDIUM_2024;activity_code=02052;url=https://pacompendium.com/;domain_approval=DATA_OWNER_APPROVAL;reviewed_at=2026-08-24T00:00:00+09:00;approval_scope=ALL_MET_MAPPINGS,"Resistance (weight) training, squats, deadlift, slow or explosive effort",USER_APPROVED_NO_DIRECT_MATCH_PROXY_COMPENDIUM_02052,DOMAIN_APPROVED,true
NEX-000026,cable standing fly,REX-000018,3.5,LIGHT,ADULT_COMPENDIUM_2024;activity_code=02054;url=https://pacompendium.com/;domain_approval=DATA_OWNER_APPROVAL;reviewed_at=2026-08-24T00:00:00+09:00;approval_scope=ALL_MET_MAPPINGS,"Resistance (weight) training, multiple exercises, 8-15 reps at varied resistance",USER_APPROVED_COMPENDIUM_02054_LIGHT_RESISTANCE,DOMAIN_APPROVED,true
NEX-000027,cable tuck reverse crunch,REX-000013,3.8,MODERATE,ADULT_COMPENDIUM_2024;activity_code=02022;url=https://pacompendium.com/;domain_approval=DATA_OWNER_APPROVAL;reviewed_at=2026-08-24T00:00:00+09:00;approval_scope=ALL_MET_MAPPINGS,"Calisthenics, moderate effort",USER_APPROVED_DIRECT_COMPENDIUM_02022_CONSERVATIVE,DOMAIN_APPROVED,true
NEX-000028,close-grip push-up,REX-000022,5,MODERATE,ADULT_COMPENDIUM_2024;activity_code=02052;url=https://pacompendium.com/;domain_approval=DATA_OWNER_APPROVAL;reviewed_at=2026-08-24T00:00:00+09:00;approval_scope=ALL_MET_MAPPINGS,"Resistance (weight) training, squats, deadlift, slow or explosive effort",USER_APPROVED_COMPENDIUM_02052_MODERATE_RESISTANCE,DOMAIN_APPROVED,true
NEX-000029,crunch floor,REX-000009,3,LIGHT,ADULT_COMPENDIUM_2024;activity_code=02056;url=https://pacompendium.com/;domain_approval=DATA_OWNER_APPROVAL;reviewed_at=2026-08-24T00:00:00+09:00;approval_scope=ALL_MET_MAPPINGS,"Body weight resistance exercises, general",USER_APPROVED_DIRECT_COMPENDIUM_02056_GENERAL_BODYWEIGHT,DOMAIN_APPROVED,true
NEX-000030,dead bug,REX-000024,5,MODERATE,ADULT_COMPENDIUM_2024;activity_code=02052;url=https://pacompendium.com/;domain_approval=DATA_OWNER_APPROVAL;reviewed_at=2026-08-24T00:00:00+09:00;approval_scope=ALL_MET_MAPPINGS,"Resistance (weight) training, squats, deadlift, slow or explosive effort",USER_APPROVED_NO_DIRECT_MATCH_PROXY_COMPENDIUM_02052,DOMAIN_APPROVED,true
NEX-000031,decline crunch,REX-000009,3.8,MODERATE,ADULT_COMPENDIUM_2024;activity_code=02022;url=https://pacompendium.com/;domain_approval=DATA_OWNER_APPROVAL;reviewed_at=2026-08-24T00:00:00+09:00;approval_scope=ALL_MET_MAPPINGS,"Calisthenics, moderate effort",USER_APPROVED_DIRECT_COMPENDIUM_02022_CONSERVATIVE,DOMAIN_APPROVED,true
NEX-000032,dumbbell deadlift,REX-000004,5,MODERATE,ADULT_COMPENDIUM_2024;activity_code=02052;url=https://pacompendium.com/;domain_approval=DATA_OWNER_APPROVAL;reviewed_at=2026-08-24T00:00:00+09:00;approval_scope=ALL_MET_MAPPINGS,"Resistance (weight) training, squats, deadlift, slow or explosive effort",USER_APPROVED_COMPENDIUM_02052_MODERATE_RESISTANCE,DOMAIN_APPROVED,true
NEX-000033,dumbbell decline shrug v. 2,REX-000029,3.5,LIGHT,ADULT_COMPENDIUM_2024;activity_code=02054;url=https://pacompendium.com/;domain_approval=DATA_OWNER_APPROVAL;reviewed_at=2026-08-24T00:00:00+09:00;approval_scope=ALL_MET_MAPPINGS,"Resistance (weight) training, multiple exercises, 8-15 reps at varied resistance",USER_APPROVED_NO_DIRECT_MATCH_PROXY_COMPENDIUM_02054,DOMAIN_APPROVED,true
NEX-000034,dumbbell decline shrug,REX-000029,3.5,LIGHT,ADULT_COMPENDIUM_2024;activity_code=02054;url=https://pacompendium.com/;domain_approval=DATA_OWNER_APPROVAL;reviewed_at=2026-08-24T00:00:00+09:00;approval_scope=ALL_MET_MAPPINGS,"Resistance (weight) training, multiple exercises, 8-15 reps at varied resistance",USER_APPROVED_NO_DIRECT_MATCH_PROXY_COMPENDIUM_02054,DOMAIN_APPROVED,true
NEX-000035,dumbbell front raise v. 2,REX-000005,3.5,LIGHT,ADULT_COMPENDIUM_2024;activity_code=02054;url=https://pacompendium.com/;domain_approval=DATA_OWNER_APPROVAL;reviewed_at=2026-08-24T00:00:00+09:00;approval_scope=ALL_MET_MAPPINGS,"Resistance (weight) training, multiple exercises, 8-15 reps at varied resistance",USER_APPROVED_COMPENDIUM_02054_LIGHT_RESISTANCE,DOMAIN_APPROVED,true
NEX-000036,dumbbell front raise,REX-000005,3.5,LIGHT,ADULT_COMPENDIUM_2024;activity_code=02054;url=https://pacompendium.com/;domain_approval=DATA_OWNER_APPROVAL;reviewed_at=2026-08-24T00:00:00+09:00;approval_scope=ALL_MET_MAPPINGS,"Resistance (weight) training, multiple exercises, 8-15 reps at varied resistance",USER_APPROVED_COMPENDIUM_02054_LIGHT_RESISTANCE,DOMAIN_APPROVED,true
NEX-000037,dumbbell incline rear lateral raise,REX-000028,3.5,LIGHT,ADULT_COMPENDIUM_2024;activity_code=02054;url=https://pacompendium.com/;domain_approval=DATA_OWNER_APPROVAL;reviewed_at=2026-08-24T00:00:00+09:00;approval_scope=ALL_MET_MAPPINGS,"Resistance (weight) training, multiple exercises, 8-15 reps at varied resistance",USER_APPROVED_COMPENDIUM_02054_LIGHT_RESISTANCE,DOMAIN_APPROVED,true
NEX-000038,dumbbell incline shrug,REX-000029,3.5,LIGHT,ADULT_COMPENDIUM_2024;activity_code=02054;url=https://pacompendium.com/;domain_approval=DATA_OWNER_APPROVAL;reviewed_at=2026-08-24T00:00:00+09:00;approval_scope=ALL_MET_MAPPINGS,"Resistance (weight) training, multiple exercises, 8-15 reps at varied resistance",USER_APPROVED_NO_DIRECT_MATCH_PROXY_COMPENDIUM_02054,DOMAIN_APPROVED,true
NEX-000039,dumbbell lateral raise,REX-000026,3.5,LIGHT,ADULT_COMPENDIUM_2024;activity_code=02054;url=https://pacompendium.com/;domain_approval=DATA_OWNER_APPROVAL;reviewed_at=2026-08-24T00:00:00+09:00;approval_scope=ALL_MET_MAPPINGS,"Resistance (weight) training, multiple exercises, 8-15 reps at varied resistance",USER_APPROVED_COMPENDIUM_02054_LIGHT_RESISTANCE,DOMAIN_APPROVED,true
NEX-000040,dumbbell lateral to front raise,REX-000005,3.5,LIGHT,ADULT_COMPENDIUM_2024;activity_code=02054;url=https://pacompendium.com/;domain_approval=DATA_OWNER_APPROVAL;reviewed_at=2026-08-24T00:00:00+09:00;approval_scope=ALL_MET_MAPPINGS,"Resistance (weight) training, multiple exercises, 8-15 reps at varied resistance",USER_APPROVED_COMPENDIUM_02054_LIGHT_RESISTANCE,DOMAIN_APPROVED,true
NEX-000041,dumbbell lunge,REX-000010,3.8,MODERATE,ADULT_COMPENDIUM_2024;activity_code=02022;url=https://pacompendium.com/;domain_approval=DATA_OWNER_APPROVAL;reviewed_at=2026-08-24T00:00:00+09:00;approval_scope=ALL_MET_MAPPINGS,"Calisthenics, moderate effort",USER_APPROVED_DIRECT_COMPENDIUM_02022_CONSERVATIVE,DOMAIN_APPROVED,true
NEX-000042,dumbbell lying rear lateral raise,REX-000028,3.5,LIGHT,ADULT_COMPENDIUM_2024;activity_code=02054;url=https://pacompendium.com/;domain_approval=DATA_OWNER_APPROVAL;reviewed_at=2026-08-24T00:00:00+09:00;approval_scope=ALL_MET_MAPPINGS,"Resistance (weight) training, multiple exercises, 8-15 reps at varied resistance",USER_APPROVED_COMPENDIUM_02054_LIGHT_RESISTANCE,DOMAIN_APPROVED,true
NEX-000043,dumbbell one arm shoulder press v. 2,REX-000086,5,MODERATE,ADULT_COMPENDIUM_2024;activity_code=02052;url=https://pacompendium.com/;domain_approval=DATA_OWNER_APPROVAL;reviewed_at=2026-08-24T00:00:00+09:00;approval_scope=ALL_MET_MAPPINGS,"Resistance (weight) training, squats, deadlift, slow or explosive effort",USER_APPROVED_COMPENDIUM_02052_MODERATE_RESISTANCE,DOMAIN_APPROVED,true
NEX-000044,dumbbell one arm shoulder press,REX-000086,5,MODERATE,ADULT_COMPENDIUM_2024;activity_code=02052;url=https://pacompendium.com/;domain_approval=DATA_OWNER_APPROVAL;reviewed_at=2026-08-24T00:00:00+09:00;approval_scope=ALL_MET_MAPPINGS,"Resistance (weight) training, squats, deadlift, slow or explosive effort",USER_APPROVED_COMPENDIUM_02052_MODERATE_RESISTANCE,DOMAIN_APPROVED,true
NEX-000045,dumbbell over bench revers wrist curl,REX-000055,3.5,LIGHT,ADULT_COMPENDIUM_2024;activity_code=02054;url=https://pacompendium.com/;domain_approval=DATA_OWNER_APPROVAL;reviewed_at=2026-08-24T00:00:00+09:00;approval_scope=ALL_MET_MAPPINGS,"Resistance (weight) training, multiple exercises, 8-15 reps at varied resistance",USER_APPROVED_COMPENDIUM_02054_LIGHT_RESISTANCE,DOMAIN_APPROVED,true
NEX-000046,dumbbell over bench wrist curl,REX-000102,3.5,LIGHT,ADULT_COMPENDIUM_2024;activity_code=02054;url=https://pacompendium.com/;domain_approval=DATA_OWNER_APPROVAL;reviewed_at=2026-08-24T00:00:00+09:00;approval_scope=ALL_MET_MAPPINGS,"Resistance (weight) training, multiple exercises, 8-15 reps at varied resistance",USER_APPROVED_COMPENDIUM_02054_LIGHT_RESISTANCE,DOMAIN_APPROVED,true
NEX-000047,dumbbell preacher curl,REX-000027,3.5,LIGHT,ADULT_COMPENDIUM_2024;activity_code=02054;url=https://pacompendium.com/;domain_approval=DATA_OWNER_APPROVAL;reviewed_at=2026-08-24T00:00:00+09:00;approval_scope=ALL_MET_MAPPINGS,"Resistance (weight) training, multiple exercises, 8-15 reps at varied resistance",USER_APPROVED_COMPENDIUM_02054_LIGHT_RESISTANCE,DOMAIN_APPROVED,true
NEX-000048,dumbbell rear fly,REX-000028,3.5,LIGHT,ADULT_COMPENDIUM_2024;activity_code=02054;url=https://pacompendium.com/;domain_approval=DATA_OWNER_APPROVAL;reviewed_at=2026-08-24T00:00:00+09:00;approval_scope=ALL_MET_MAPPINGS,"Resistance (weight) training, multiple exercises, 8-15 reps at varied resistance",USER_APPROVED_COMPENDIUM_02054_LIGHT_RESISTANCE,DOMAIN_APPROVED,true
NEX-000049,dumbbell rear lateral raise (support head),REX-000028,3.5,LIGHT,ADULT_COMPENDIUM_2024;activity_code=02054;url=https://pacompendium.com/;domain_approval=DATA_OWNER_APPROVAL;reviewed_at=2026-08-24T00:00:00+09:00;approval_scope=ALL_MET_MAPPINGS,"Resistance (weight) training, multiple exercises, 8-15 reps at varied resistance",USER_APPROVED_COMPENDIUM_02054_LIGHT_RESISTANCE,DOMAIN_APPROVED,true
NEX-000050,dumbbell rear lateral raise,REX-000028,3.5,LIGHT,ADULT_COMPENDIUM_2024;activity_code=02054;url=https://pacompendium.com/;domain_approval=DATA_OWNER_APPROVAL;reviewed_at=2026-08-24T00:00:00+09:00;approval_scope=ALL_MET_MAPPINGS,"Resistance (weight) training, multiple exercises, 8-15 reps at varied resistance",USER_APPROVED_COMPENDIUM_02054_LIGHT_RESISTANCE,DOMAIN_APPROVED,true
NEX-000051,dumbbell rear lunge,REX-000010,3.8,MODERATE,ADULT_COMPENDIUM_2024;activity_code=02022;url=https://pacompendium.com/;domain_approval=DATA_OWNER_APPROVAL;reviewed_at=2026-08-24T00:00:00+09:00;approval_scope=ALL_MET_MAPPINGS,"Calisthenics, moderate effort",USER_APPROVED_DIRECT_COMPENDIUM_02022_CONSERVATIVE,DOMAIN_APPROVED,true
NEX-000052,dumbbell reverse wrist curl,REX-000055,3.5,LIGHT,ADULT_COMPENDIUM_2024;activity_code=02054;url=https://pacompendium.com/;domain_approval=DATA_OWNER_APPROVAL;reviewed_at=2026-08-24T00:00:00+09:00;approval_scope=ALL_MET_MAPPINGS,"Resistance (weight) training, multiple exercises, 8-15 reps at varied resistance",USER_APPROVED_COMPENDIUM_02054_LIGHT_RESISTANCE,DOMAIN_APPROVED,true
NEX-000053,dumbbell seated alternate front raise,REX-000005,3.5,LIGHT,ADULT_COMPENDIUM_2024;activity_code=02054;url=https://pacompendium.com/;domain_approval=DATA_OWNER_APPROVAL;reviewed_at=2026-08-24T00:00:00+09:00;approval_scope=ALL_MET_MAPPINGS,"Resistance (weight) training, multiple exercises, 8-15 reps at varied resistance",USER_APPROVED_COMPENDIUM_02054_LIGHT_RESISTANCE,DOMAIN_APPROVED,true
NEX-000054,dumbbell seated preacher curl,REX-000027,3.5,LIGHT,ADULT_COMPENDIUM_2024;activity_code=02054;url=https://pacompendium.com/;domain_approval=DATA_OWNER_APPROVAL;reviewed_at=2026-08-24T00:00:00+09:00;approval_scope=ALL_MET_MAPPINGS,"Resistance (weight) training, multiple exercises, 8-15 reps at varied resistance",USER_APPROVED_COMPENDIUM_02054_LIGHT_RESISTANCE,DOMAIN_APPROVED,true
NEX-000055,dumbbell seated shoulder press (parallel grip),REX-000086,5,MODERATE,ADULT_COMPENDIUM_2024;activity_code=02052;url=https://pacompendium.com/;domain_approval=DATA_OWNER_APPROVAL;reviewed_at=2026-08-24T00:00:00+09:00;approval_scope=ALL_MET_MAPPINGS,"Resistance (weight) training, squats, deadlift, slow or explosive effort",USER_APPROVED_COMPENDIUM_02052_MODERATE_RESISTANCE,DOMAIN_APPROVED,true
NEX-000056,dumbbell seated shoulder press,REX-000086,5,MODERATE,ADULT_COMPENDIUM_2024;activity_code=02052;url=https://pacompendium.com/;domain_approval=DATA_OWNER_APPROVAL;reviewed_at=2026-08-24T00:00:00+09:00;approval_scope=ALL_MET_MAPPINGS,"Resistance (weight) training, squats, deadlift, slow or explosive effort",USER_APPROVED_COMPENDIUM_02052_MODERATE_RESISTANCE,DOMAIN_APPROVED,true
NEX-000057,dumbbell shrug,REX-000029,3.5,LIGHT,ADULT_COMPENDIUM_2024;activity_code=02054;url=https://pacompendium.com/;domain_approval=DATA_OWNER_APPROVAL;reviewed_at=2026-08-24T00:00:00+09:00;approval_scope=ALL_MET_MAPPINGS,"Resistance (weight) training, multiple exercises, 8-15 reps at varied resistance",USER_APPROVED_NO_DIRECT_MATCH_PROXY_COMPENDIUM_02054,DOMAIN_APPROVED,true
NEX-000058,dumbbell single leg calf raise,REX-000016,3.5,LIGHT,ADULT_COMPENDIUM_2024;activity_code=02054;url=https://pacompendium.com/;domain_approval=DATA_OWNER_APPROVAL;reviewed_at=2026-08-24T00:00:00+09:00;approval_scope=ALL_MET_MAPPINGS,"Resistance (weight) training, multiple exercises, 8-15 reps at varied resistance",USER_APPROVED_COMPENDIUM_02054_LIGHT_RESISTANCE,DOMAIN_APPROVED,true
NEX-000059,dumbbell standing biceps curl,REX-000030,3.5,LIGHT,ADULT_COMPENDIUM_2024;activity_code=02054;url=https://pacompendium.com/;domain_approval=DATA_OWNER_APPROVAL;reviewed_at=2026-08-24T00:00:00+09:00;approval_scope=ALL_MET_MAPPINGS,"Resistance (weight) training, multiple exercises, 8-15 reps at varied resistance",USER_APPROVED_COMPENDIUM_02054_LIGHT_RESISTANCE,DOMAIN_APPROVED,true
NEX-000060,dumbbell standing preacher curl,REX-000027,3.5,LIGHT,ADULT_COMPENDIUM_2024;activity_code=02054;url=https://pacompendium.com/;domain_approval=DATA_OWNER_APPROVAL;reviewed_at=2026-08-24T00:00:00+09:00;approval_scope=ALL_MET_MAPPINGS,"Resistance (weight) training, multiple exercises, 8-15 reps at varied resistance",USER_APPROVED_COMPENDIUM_02054_LIGHT_RESISTANCE,DOMAIN_APPROVED,true
NEX-000061,dumbbell stiff leg deadlift,REX-000007,5,MODERATE,ADULT_COMPENDIUM_2024;activity_code=02052;url=https://pacompendium.com/;domain_approval=DATA_OWNER_APPROVAL;reviewed_at=2026-08-24T00:00:00+09:00;approval_scope=ALL_MET_MAPPINGS,"Resistance (weight) training, squats, deadlift, slow or explosive effort",USER_APPROVED_COMPENDIUM_02052_MODERATE_RESISTANCE,DOMAIN_APPROVED,true
NEX-000062,dumbbell straight leg deadlift,REX-000007,5,MODERATE,ADULT_COMPENDIUM_2024;activity_code=02052;url=https://pacompendium.com/;domain_approval=DATA_OWNER_APPROVAL;reviewed_at=2026-08-24T00:00:00+09:00;approval_scope=ALL_MET_MAPPINGS,"Resistance (weight) training, squats, deadlift, slow or explosive effort",USER_APPROVED_COMPENDIUM_02052_MODERATE_RESISTANCE,DOMAIN_APPROVED,true
NEX-000063,front plank with twist,REX-000051,3.8,MODERATE,ADULT_COMPENDIUM_2024;activity_code=02022;url=https://pacompendium.com/;domain_approval=DATA_OWNER_APPROVAL;reviewed_at=2026-08-24T00:00:00+09:00;approval_scope=ALL_MET_MAPPINGS,"Calisthenics, moderate effort",USER_APPROVED_DIRECT_COMPENDIUM_02022_CONSERVATIVE,DOMAIN_APPROVED,true
NEX-000064,hyperextension,REX-000008,5,MODERATE,ADULT_COMPENDIUM_2024;activity_code=02052;url=https://pacompendium.com/;domain_approval=DATA_OWNER_APPROVAL;reviewed_at=2026-08-24T00:00:00+09:00;approval_scope=ALL_MET_MAPPINGS,"Resistance (weight) training, squats, deadlift, slow or explosive effort",USER_APPROVED_NO_DIRECT_MATCH_PROXY_COMPENDIUM_02052,DOMAIN_APPROVED,true
NEX-000065,inverse leg curl (bench support),REX-000083,3.0,MODERATE,ADULT_COMPENDIUM_2024;activity_code=02056;url=https://pacompendium.com/;domain_approval=DATA_OWNER_APPROVAL;reviewed_at=2026-08-24T00:00:00+09:00;approval_scope=ALL_MET_MAPPINGS,"Body weight resistance exercises, general",USER_APPROVED_PROVISIONAL_ESTIMATE,DOMAIN_APPROVED,true
NEX-000066,inverted row with straps,REX-000038,5,MODERATE,ADULT_COMPENDIUM_2024;activity_code=02052;url=https://pacompendium.com/;domain_approval=DATA_OWNER_APPROVAL;reviewed_at=2026-08-24T00:00:00+09:00;approval_scope=ALL_MET_MAPPINGS,"Resistance (weight) training, squats, deadlift, slow or explosive effort",USER_APPROVED_COMPENDIUM_02052_MODERATE_RESISTANCE,DOMAIN_APPROVED,true
NEX-000067,inverted row,REX-000038,5,MODERATE,ADULT_COMPENDIUM_2024;activity_code=02052;url=https://pacompendium.com/;domain_approval=DATA_OWNER_APPROVAL;reviewed_at=2026-08-24T00:00:00+09:00;approval_scope=ALL_MET_MAPPINGS,"Resistance (weight) training, squats, deadlift, slow or explosive effort",USER_APPROVED_COMPENDIUM_02052_MODERATE_RESISTANCE,DOMAIN_APPROVED,true
NEX-000068,kettlebell lunge pass through,REX-000010,3.8,MODERATE,ADULT_COMPENDIUM_2024;activity_code=02022;url=https://pacompendium.com/;domain_approval=DATA_OWNER_APPROVAL;reviewed_at=2026-08-24T00:00:00+09:00;approval_scope=ALL_MET_MAPPINGS,"Calisthenics, moderate effort",USER_APPROVED_DIRECT_COMPENDIUM_02022_CONSERVATIVE,DOMAIN_APPROVED,true
NEX-000069,lever leg extension,REX-000044,5,MODERATE,ADULT_COMPENDIUM_2024;activity_code=02052;url=https://pacompendium.com/;domain_approval=DATA_OWNER_APPROVAL;reviewed_at=2026-08-24T00:00:00+09:00;approval_scope=ALL_MET_MAPPINGS,"Resistance (weight) training, squats, deadlift, slow or explosive effort",USER_APPROVED_NO_DIRECT_MATCH_PROXY_COMPENDIUM_02052,DOMAIN_APPROVED,true
NEX-000070,lever seated calf raise,REX-000080,3.5,LIGHT,ADULT_COMPENDIUM_2024;activity_code=02054;url=https://pacompendium.com/;domain_approval=DATA_OWNER_APPROVAL;reviewed_at=2026-08-24T00:00:00+09:00;approval_scope=ALL_MET_MAPPINGS,"Resistance (weight) training, multiple exercises, 8-15 reps at varied resistance",USER_APPROVED_COMPENDIUM_02054_LIGHT_RESISTANCE,DOMAIN_APPROVED,true
NEX-000071,lever seated leg curl,REX-000083,5,MODERATE,ADULT_COMPENDIUM_2024;activity_code=02052;url=https://pacompendium.com/;domain_approval=DATA_OWNER_APPROVAL;reviewed_at=2026-08-24T00:00:00+09:00;approval_scope=ALL_MET_MAPPINGS,"Resistance (weight) training, squats, deadlift, slow or explosive effort",USER_APPROVED_COMPENDIUM_02052_MODERATE_RESISTANCE,DOMAIN_APPROVED,true
NEX-000072,lying (side) quads stretch,REX-000088,2.3,LIGHT,ADULT_COMPENDIUM_2024;activity_code=02101;url=https://pacompendium.com/;domain_approval=DATA_OWNER_APPROVAL;reviewed_at=2026-08-24T00:00:00+09:00;approval_scope=ALL_MET_MAPPINGS,"Stretching, mild",USER_APPROVED_DIRECT_COMPENDIUM_02101,DOMAIN_APPROVED,true
NEX-000073,overhead triceps stretch,REX-000048,2.3,LIGHT,ADULT_COMPENDIUM_2024;activity_code=02101;url=https://pacompendium.com/;domain_approval=DATA_OWNER_APPROVAL;reviewed_at=2026-08-24T00:00:00+09:00;approval_scope=ALL_MET_MAPPINGS,"Stretching, mild",USER_APPROVED_DIRECT_COMPENDIUM_02101,DOMAIN_APPROVED,true
NEX-000074,push-up,REX-000052,5,MODERATE,ADULT_COMPENDIUM_2024;activity_code=02052;url=https://pacompendium.com/;domain_approval=DATA_OWNER_APPROVAL;reviewed_at=2026-08-24T00:00:00+09:00;approval_scope=ALL_MET_MAPPINGS,"Resistance (weight) training, squats, deadlift, slow or explosive effort",USER_APPROVED_COMPENDIUM_02052_MODERATE_RESISTANCE,DOMAIN_APPROVED,true
NEX-000075,rear deltoid stretch,REX-000053,2.3,LIGHT,ADULT_COMPENDIUM_2024;activity_code=02101;url=https://pacompendium.com/;domain_approval=DATA_OWNER_APPROVAL;reviewed_at=2026-08-24T00:00:00+09:00;approval_scope=ALL_MET_MAPPINGS,"Stretching, mild",USER_APPROVED_DIRECT_COMPENDIUM_02101,DOMAIN_APPROVED,true
NEX-000076,run,REX-000062,7.5,VIGOROUS,ADULT_COMPENDIUM_2024;activity_code=12020;url=https://pacompendium.com/;domain_approval=DATA_OWNER_APPROVAL;reviewed_at=2026-08-24T00:00:00+09:00;approval_scope=ALL_MET_MAPPINGS,"Jogging, general, self-selected pace",USER_APPROVED_CONDITIONAL_MATCH,DOMAIN_APPROVED,true
NEX-000077,russian twist,REX-000014,5,MODERATE,ADULT_COMPENDIUM_2024;activity_code=02052;url=https://pacompendium.com/;domain_approval=DATA_OWNER_APPROVAL;reviewed_at=2026-08-24T00:00:00+09:00;approval_scope=ALL_MET_MAPPINGS,"Resistance (weight) training, squats, deadlift, slow or explosive effort",USER_APPROVED_NO_DIRECT_MATCH_PROXY_COMPENDIUM_02052,DOMAIN_APPROVED,true
NEX-000078,scapular pull-up,REX-000078,6.5,VIGOROUS,ADULT_COMPENDIUM_2024;activity_code=02057;url=https://pacompendium.com/;domain_approval=DATA_OWNER_APPROVAL;reviewed_at=2026-08-24T00:00:00+09:00;approval_scope=ALL_MET_MAPPINGS,"Body weight resistance exercises, high intensity",USER_APPROVED_DIRECT_COMPENDIUM_02057_BODYWEIGHT_HIGH_INTENSITY,DOMAIN_APPROVED,true
NEX-000079,seated lower back stretch,REX-000084,2.3,LIGHT,ADULT_COMPENDIUM_2024;activity_code=02101;url=https://pacompendium.com/;domain_approval=DATA_OWNER_APPROVAL;reviewed_at=2026-08-24T00:00:00+09:00;approval_scope=ALL_MET_MAPPINGS,"Stretching, mild",USER_APPROVED_DIRECT_COMPENDIUM_02101,DOMAIN_APPROVED,true
NEX-000080,seated side crunch (wall),REX-000023,3.8,MODERATE,ADULT_COMPENDIUM_2024;activity_code=02022;url=https://pacompendium.com/;domain_approval=DATA_OWNER_APPROVAL;reviewed_at=2026-08-24T00:00:00+09:00;approval_scope=ALL_MET_MAPPINGS,"Calisthenics, moderate effort",USER_APPROVED_DIRECT_COMPENDIUM_02022_CONSERVATIVE,DOMAIN_APPROVED,true
NEX-000081,self assisted inverse leg curl (on floor),REX-000083,3.0,MODERATE,ADULT_COMPENDIUM_2024;activity_code=02056;url=https://pacompendium.com/;domain_approval=DATA_OWNER_APPROVAL;reviewed_at=2026-08-24T00:00:00+09:00;approval_scope=ALL_MET_MAPPINGS,"Body weight resistance exercises, general",USER_APPROVED_PROVISIONAL_ESTIMATE,DOMAIN_APPROVED,true
NEX-000082,self assisted inverse leg curl,REX-000083,3.0,MODERATE,ADULT_COMPENDIUM_2024;activity_code=02056;url=https://pacompendium.com/;domain_approval=DATA_OWNER_APPROVAL;reviewed_at=2026-08-24T00:00:00+09:00;approval_scope=ALL_MET_MAPPINGS,"Body weight resistance exercises, general",USER_APPROVED_PROVISIONAL_ESTIMATE,DOMAIN_APPROVED,true
NEX-000083,side push neck stretch,REX-000045,2.3,LIGHT,ADULT_COMPENDIUM_2024;activity_code=02101;url=https://pacompendium.com/;domain_approval=DATA_OWNER_APPROVAL;reviewed_at=2026-08-24T00:00:00+09:00;approval_scope=ALL_MET_MAPPINGS,"Stretching, mild",USER_APPROVED_DIRECT_COMPENDIUM_02101,DOMAIN_APPROVED,true
NEX-000084,side wrist pull stretch,REX-000089,2.3,LIGHT,ADULT_COMPENDIUM_2024;activity_code=02101;url=https://pacompendium.com/;domain_approval=DATA_OWNER_APPROVAL;reviewed_at=2026-08-24T00:00:00+09:00;approval_scope=ALL_MET_MAPPINGS,"Stretching, mild",USER_APPROVED_DIRECT_COMPENDIUM_02101,DOMAIN_APPROVED,true
NEX-000085,smith reverse calf raises,REX-000054,3.5,LIGHT,ADULT_COMPENDIUM_2024;activity_code=02054;url=https://pacompendium.com/;domain_approval=DATA_OWNER_APPROVAL;reviewed_at=2026-08-24T00:00:00+09:00;approval_scope=ALL_MET_MAPPINGS,"Resistance (weight) training, multiple exercises, 8-15 reps at varied resistance",USER_APPROVED_COMPENDIUM_02054_LIGHT_RESISTANCE,DOMAIN_APPROVED,true
NEX-000086,standing lateral stretch,REX-000095,2.3,LIGHT,ADULT_COMPENDIUM_2024;activity_code=02101;url=https://pacompendium.com/;domain_approval=DATA_OWNER_APPROVAL;reviewed_at=2026-08-24T00:00:00+09:00;approval_scope=ALL_MET_MAPPINGS,"Stretching, mild",USER_APPROVED_DIRECT_COMPENDIUM_02101,DOMAIN_APPROVED,true
NEX-000087,standing single leg curl,REX-000083,3.0,MODERATE,ADULT_COMPENDIUM_2024;activity_code=02056;url=https://pacompendium.com/;domain_approval=DATA_OWNER_APPROVAL;reviewed_at=2026-08-24T00:00:00+09:00;approval_scope=ALL_MET_MAPPINGS,"Body weight resistance exercises, general",USER_APPROVED_PROVISIONAL_ESTIMATE,DOMAIN_APPROVED,true
NEX-000088,suspended reverse crunch,REX-000013,3.8,MODERATE,ADULT_COMPENDIUM_2024;activity_code=02022;url=https://pacompendium.com/;domain_approval=DATA_OWNER_APPROVAL;reviewed_at=2026-08-24T00:00:00+09:00;approval_scope=ALL_MET_MAPPINGS,"Calisthenics, moderate effort",USER_APPROVED_DIRECT_COMPENDIUM_02022_CONSERVATIVE,DOMAIN_APPROVED,true
NEX-000089,triceps stretch,REX-000096,2.3,LIGHT,ADULT_COMPENDIUM_2024;activity_code=02101;url=https://pacompendium.com/;domain_approval=DATA_OWNER_APPROVAL;reviewed_at=2026-08-24T00:00:00+09:00;approval_scope=ALL_MET_MAPPINGS,"Stretching, mild",USER_APPROVED_DIRECT_COMPENDIUM_02101,DOMAIN_APPROVED,true
NEX-000090,weighted russian twist (legs up),REX-000014,5,MODERATE,ADULT_COMPENDIUM_2024;activity_code=02052;url=https://pacompendium.com/;domain_approval=DATA_OWNER_APPROVAL;reviewed_at=2026-08-24T00:00:00+09:00;approval_scope=ALL_MET_MAPPINGS,"Resistance (weight) training, squats, deadlift, slow or explosive effort",USER_APPROVED_NO_DIRECT_MATCH_PROXY_COMPENDIUM_02052,DOMAIN_APPROVED,true
NEX-000091,weighted russian twist,REX-000014,5,MODERATE,ADULT_COMPENDIUM_2024;activity_code=02052;url=https://pacompendium.com/;domain_approval=DATA_OWNER_APPROVAL;reviewed_at=2026-08-24T00:00:00+09:00;approval_scope=ALL_MET_MAPPINGS,"Resistance (weight) training, squats, deadlift, slow or explosive effort",USER_APPROVED_NO_DIRECT_MATCH_PROXY_COMPENDIUM_02052,DOMAIN_APPROVED,true
NEX-000092,weighted standing hand squeeze,REX-000035,3.5,LIGHT,ADULT_COMPENDIUM_2024;activity_code=02054;url=https://pacompendium.com/;domain_approval=DATA_OWNER_APPROVAL;reviewed_at=2026-08-24T00:00:00+09:00;approval_scope=ALL_MET_MAPPINGS,"Resistance (weight) training, multiple exercises, 8-15 reps at varied resistance",USER_APPROVED_NO_DIRECT_MATCH_PROXY_COMPENDIUM_02054,DOMAIN_APPROVED,true
NEX-000093,cable seated row,REX-000079,5,MODERATE,ADULT_COMPENDIUM_2024;activity_code=02052;url=https://pacompendium.com/;domain_approval=DATA_OWNER_APPROVAL;reviewed_at=2026-08-24T00:00:00+09:00;approval_scope=ALL_MET_MAPPINGS,"Resistance (weight) training, squats, deadlift, slow or explosive effort",USER_APPROVED_COMPENDIUM_02052_MODERATE_RESISTANCE,DOMAIN_APPROVED,true
NEX-000094,reverse crunch,REX-000013,3,LIGHT,ADULT_COMPENDIUM_2024;activity_code=02056;url=https://pacompendium.com/;domain_approval=DATA_OWNER_APPROVAL;reviewed_at=2026-08-24T00:00:00+09:00;approval_scope=ALL_MET_MAPPINGS,"Body weight resistance exercises, general",USER_APPROVED_DIRECT_COMPENDIUM_02056_GENERAL_BODYWEIGHT,DOMAIN_APPROVED,true
NEX-000095,cable reverse crunch,REX-000013,3.8,MODERATE,ADULT_COMPENDIUM_2024;activity_code=02022;url=https://pacompendium.com/;domain_approval=DATA_OWNER_APPROVAL;reviewed_at=2026-08-24T00:00:00+09:00;approval_scope=ALL_MET_MAPPINGS,"Calisthenics, moderate effort",USER_APPROVED_DIRECT_COMPENDIUM_02022_CONSERVATIVE,DOMAIN_APPROVED,true
NEX-000096,band bicycle crunch,REX-000075,3.8,MODERATE,ADULT_COMPENDIUM_2024;activity_code=02022;url=https://pacompendium.com/;domain_approval=DATA_OWNER_APPROVAL;reviewed_at=2026-08-24T00:00:00+09:00;approval_scope=ALL_MET_MAPPINGS,"Calisthenics, moderate effort",USER_APPROVED_DIRECT_COMPENDIUM_02022_CONSERVATIVE,DOMAIN_APPROVED,true
NEX-000097,band front lateral raise,REX-000026,3.5,LIGHT,ADULT_COMPENDIUM_2024;activity_code=02054;url=https://pacompendium.com/;domain_approval=DATA_OWNER_APPROVAL;reviewed_at=2026-08-24T00:00:00+09:00;approval_scope=ALL_MET_MAPPINGS,"Resistance (weight) training, multiple exercises, 8-15 reps at varied resistance",USER_APPROVED_COMPENDIUM_02054_LIGHT_RESISTANCE,DOMAIN_APPROVED,true
NEX-000098,band front raise,REX-000005,3.5,LIGHT,ADULT_COMPENDIUM_2024;activity_code=02054;url=https://pacompendium.com/;domain_approval=DATA_OWNER_APPROVAL;reviewed_at=2026-08-24T00:00:00+09:00;approval_scope=ALL_MET_MAPPINGS,"Resistance (weight) training, multiple exercises, 8-15 reps at varied resistance",USER_APPROVED_COMPENDIUM_02054_LIGHT_RESISTANCE,DOMAIN_APPROVED,true
NEX-000099,band kneeling twisting crunch,REX-000075,3.8,MODERATE,ADULT_COMPENDIUM_2024;activity_code=02022;url=https://pacompendium.com/;domain_approval=DATA_OWNER_APPROVAL;reviewed_at=2026-08-24T00:00:00+09:00;approval_scope=ALL_MET_MAPPINGS,"Calisthenics, moderate effort",USER_APPROVED_DIRECT_COMPENDIUM_02022_CONSERVATIVE,DOMAIN_APPROVED,true
NEX-000100,band reverse wrist curl,REX-000055,3.5,LIGHT,ADULT_COMPENDIUM_2024;activity_code=02054;url=https://pacompendium.com/;domain_approval=DATA_OWNER_APPROVAL;reviewed_at=2026-08-24T00:00:00+09:00;approval_scope=ALL_MET_MAPPINGS,"Resistance (weight) training, multiple exercises, 8-15 reps at varied resistance",USER_APPROVED_COMPENDIUM_02054_LIGHT_RESISTANCE,DOMAIN_APPROVED,true
NEX-000101,band shoulder press,REX-000086,5,MODERATE,ADULT_COMPENDIUM_2024;activity_code=02052;url=https://pacompendium.com/;domain_approval=DATA_OWNER_APPROVAL;reviewed_at=2026-08-24T00:00:00+09:00;approval_scope=ALL_MET_MAPPINGS,"Resistance (weight) training, squats, deadlift, slow or explosive effort",USER_APPROVED_COMPENDIUM_02052_MODERATE_RESISTANCE,DOMAIN_APPROVED,true
NEX-000102,band single leg calf raise,REX-000016,3.5,LIGHT,ADULT_COMPENDIUM_2024;activity_code=02054;url=https://pacompendium.com/;domain_approval=DATA_OWNER_APPROVAL;reviewed_at=2026-08-24T00:00:00+09:00;approval_scope=ALL_MET_MAPPINGS,"Resistance (weight) training, multiple exercises, 8-15 reps at varied resistance",USER_APPROVED_COMPENDIUM_02054_LIGHT_RESISTANCE,DOMAIN_APPROVED,true
NEX-000103,band single leg reverse calf raise,REX-000054,3.5,LIGHT,ADULT_COMPENDIUM_2024;activity_code=02054;url=https://pacompendium.com/;domain_approval=DATA_OWNER_APPROVAL;reviewed_at=2026-08-24T00:00:00+09:00;approval_scope=ALL_MET_MAPPINGS,"Resistance (weight) training, multiple exercises, 8-15 reps at varied resistance",USER_APPROVED_COMPENDIUM_02054_LIGHT_RESISTANCE,DOMAIN_APPROVED,true
NEX-000104,band stiff leg deadlift,REX-000007,5,MODERATE,ADULT_COMPENDIUM_2024;activity_code=02052;url=https://pacompendium.com/;domain_approval=DATA_OWNER_APPROVAL;reviewed_at=2026-08-24T00:00:00+09:00;approval_scope=ALL_MET_MAPPINGS,"Resistance (weight) training, squats, deadlift, slow or explosive effort",USER_APPROVED_COMPENDIUM_02052_MODERATE_RESISTANCE,DOMAIN_APPROVED,true
NEX-000105,band wrist curl,REX-000102,3.5,LIGHT,ADULT_COMPENDIUM_2024;activity_code=02054;url=https://pacompendium.com/;domain_approval=DATA_OWNER_APPROVAL;reviewed_at=2026-08-24T00:00:00+09:00;approval_scope=ALL_MET_MAPPINGS,"Resistance (weight) training, multiple exercises, 8-15 reps at varied resistance",USER_APPROVED_COMPENDIUM_02054_LIGHT_RESISTANCE,DOMAIN_APPROVED,true
NEX-000106,band shrug,REX-000029,3.5,LIGHT,ADULT_COMPENDIUM_2024;activity_code=02054;url=https://pacompendium.com/;domain_approval=DATA_OWNER_APPROVAL;reviewed_at=2026-08-24T00:00:00+09:00;approval_scope=ALL_MET_MAPPINGS,"Resistance (weight) training, multiple exercises, 8-15 reps at varied resistance",USER_APPROVED_NO_DIRECT_MATCH_PROXY_COMPENDIUM_02054,DOMAIN_APPROVED,true
NEX-000107,band straight back stiff leg deadlift,REX-000007,5,MODERATE,ADULT_COMPENDIUM_2024;activity_code=02052;url=https://pacompendium.com/;domain_approval=DATA_OWNER_APPROVAL;reviewed_at=2026-08-24T00:00:00+09:00;approval_scope=ALL_MET_MAPPINGS,"Resistance (weight) training, squats, deadlift, slow or explosive effort",USER_APPROVED_COMPENDIUM_02052_MODERATE_RESISTANCE,DOMAIN_APPROVED,true
NEX-000108,dynamic chest stretch (male),REX-000032,2.3,LIGHT,ADULT_COMPENDIUM_2024;activity_code=02101;url=https://pacompendium.com/;domain_approval=DATA_OWNER_APPROVAL;reviewed_at=2026-08-24T00:00:00+09:00;approval_scope=ALL_MET_MAPPINGS,"Stretching, mild",USER_APPROVED_DIRECT_COMPENDIUM_02101,DOMAIN_APPROVED,true
NEX-000109,cable one arm decline chest fly,REX-000018,3.5,LIGHT,ADULT_COMPENDIUM_2024;activity_code=02054;url=https://pacompendium.com/;domain_approval=DATA_OWNER_APPROVAL;reviewed_at=2026-08-24T00:00:00+09:00;approval_scope=ALL_MET_MAPPINGS,"Resistance (weight) training, multiple exercises, 8-15 reps at varied resistance",USER_APPROVED_COMPENDIUM_02054_LIGHT_RESISTANCE,DOMAIN_APPROVED,true
NEX-000110,chest and front of shoulder stretch,REX-000021,2.3,LIGHT,ADULT_COMPENDIUM_2024;activity_code=02101;url=https://pacompendium.com/;domain_approval=DATA_OWNER_APPROVAL;reviewed_at=2026-08-24T00:00:00+09:00;approval_scope=ALL_MET_MAPPINGS,"Stretching, mild",USER_APPROVED_DIRECT_COMPENDIUM_02101,DOMAIN_APPROVED,true
NEX-000111,kneeling lat stretch,REX-000039,2.3,LIGHT,ADULT_COMPENDIUM_2024;activity_code=02101;url=https://pacompendium.com/;domain_approval=DATA_OWNER_APPROVAL;reviewed_at=2026-08-24T00:00:00+09:00;approval_scope=ALL_MET_MAPPINGS,"Stretching, mild",USER_APPROVED_DIRECT_COMPENDIUM_02101,DOMAIN_APPROVED,true
NEX-000112,lower back curl,REX-000043,2.8,LIGHT,ADULT_COMPENDIUM_2024;activity_code=02024;url=https://pacompendium.com/;domain_approval=DATA_OWNER_APPROVAL;reviewed_at=2026-08-24T00:00:00+09:00;approval_scope=ALL_MET_MAPPINGS,"Calisthenics (e.g., curl ups, abdominal crunches, plank), light effort",USER_APPROVED_PROVISIONAL_ESTIMATE,DOMAIN_APPROVED,true
NEX-000113,one arm against wall,REX-000046,3.0,MODERATE,ADULT_COMPENDIUM_2024;activity_code=02056;url=https://pacompendium.com/;domain_approval=DATA_OWNER_APPROVAL;reviewed_at=2026-08-24T00:00:00+09:00;approval_scope=ALL_MET_MAPPINGS,"Body weight resistance exercises, general",USER_APPROVED_PROVISIONAL_ESTIMATE,DOMAIN_APPROVED,true
NEX-000114,spine stretch,REX-000091,2.3,LIGHT,ADULT_COMPENDIUM_2024;activity_code=02101;url=https://pacompendium.com/;domain_approval=DATA_OWNER_APPROVAL;reviewed_at=2026-08-24T00:00:00+09:00;approval_scope=ALL_MET_MAPPINGS,"Stretching, mild",USER_APPROVED_DIRECT_COMPENDIUM_02101,DOMAIN_APPROVED,true
NEX-000115,upper back stretch,REX-000098,2.3,LIGHT,ADULT_COMPENDIUM_2024;activity_code=02101;url=https://pacompendium.com/;domain_approval=DATA_OWNER_APPROVAL;reviewed_at=2026-08-24T00:00:00+09:00;approval_scope=ALL_MET_MAPPINGS,"Stretching, mild",USER_APPROVED_DIRECT_COMPENDIUM_02101,DOMAIN_APPROVED,true
NEX-000116,ankle circles,REX-000003,2.3,LIGHT,ADULT_COMPENDIUM_2024;activity_code=02101;url=https://pacompendium.com/;domain_approval=DATA_OWNER_APPROVAL;reviewed_at=2026-08-24T00:00:00+09:00;approval_scope=ALL_MET_MAPPINGS,"Stretching, mild",USER_APPROVED_DIRECT_COMPENDIUM_02101,DOMAIN_APPROVED,true
NEX-000117,band two legs calf raise - (band under both legs) v. 2,REX-000016,3.5,LIGHT,ADULT_COMPENDIUM_2024;activity_code=02054;url=https://pacompendium.com/;domain_approval=DATA_OWNER_APPROVAL;reviewed_at=2026-08-24T00:00:00+09:00;approval_scope=ALL_MET_MAPPINGS,"Resistance (weight) training, multiple exercises, 8-15 reps at varied resistance",USER_APPROVED_COMPENDIUM_02054_LIGHT_RESISTANCE,DOMAIN_APPROVED,true
NEX-000118,bodyweight standing calf raise,REX-000016,3.5,LIGHT,ADULT_COMPENDIUM_2024;activity_code=02054;url=https://pacompendium.com/;domain_approval=DATA_OWNER_APPROVAL;reviewed_at=2026-08-24T00:00:00+09:00;approval_scope=ALL_MET_MAPPINGS,"Resistance (weight) training, multiple exercises, 8-15 reps at varied resistance",USER_APPROVED_COMPENDIUM_02054_LIGHT_RESISTANCE,DOMAIN_APPROVED,true
NEX-000119,calf stretch with hands against wall,REX-000099,2.3,LIGHT,ADULT_COMPENDIUM_2024;activity_code=02101;url=https://pacompendium.com/;domain_approval=DATA_OWNER_APPROVAL;reviewed_at=2026-08-24T00:00:00+09:00;approval_scope=ALL_MET_MAPPINGS,"Stretching, mild",USER_APPROVED_DIRECT_COMPENDIUM_02101,DOMAIN_APPROVED,true
NEX-000120,dumbbell seated calf raise,REX-000080,3.5,LIGHT,ADULT_COMPENDIUM_2024;activity_code=02054;url=https://pacompendium.com/;domain_approval=DATA_OWNER_APPROVAL;reviewed_at=2026-08-24T00:00:00+09:00;approval_scope=ALL_MET_MAPPINGS,"Resistance (weight) training, multiple exercises, 8-15 reps at varied resistance",USER_APPROVED_COMPENDIUM_02054_LIGHT_RESISTANCE,DOMAIN_APPROVED,true
NEX-000121,one leg donkey calf raise,REX-000016,3.5,LIGHT,ADULT_COMPENDIUM_2024;activity_code=02054;url=https://pacompendium.com/;domain_approval=DATA_OWNER_APPROVAL;reviewed_at=2026-08-24T00:00:00+09:00;approval_scope=ALL_MET_MAPPINGS,"Resistance (weight) training, multiple exercises, 8-15 reps at varied resistance",USER_APPROVED_COMPENDIUM_02054_LIGHT_RESISTANCE,DOMAIN_APPROVED,true
NEX-000122,one leg floor calf raise,REX-000016,3.5,LIGHT,ADULT_COMPENDIUM_2024;activity_code=02054;url=https://pacompendium.com/;domain_approval=DATA_OWNER_APPROVAL;reviewed_at=2026-08-24T00:00:00+09:00;approval_scope=ALL_MET_MAPPINGS,"Resistance (weight) training, multiple exercises, 8-15 reps at varied resistance",USER_APPROVED_COMPENDIUM_02054_LIGHT_RESISTANCE,DOMAIN_APPROVED,true
NEX-000123,peroneals stretch,REX-000050,2.3,LIGHT,ADULT_COMPENDIUM_2024;activity_code=02101;url=https://pacompendium.com/;domain_approval=DATA_OWNER_APPROVAL;reviewed_at=2026-08-24T00:00:00+09:00;approval_scope=ALL_MET_MAPPINGS,"Stretching, mild",USER_APPROVED_DIRECT_COMPENDIUM_02101,DOMAIN_APPROVED,true
NEX-000124,seated calf stretch (male),REX-000081,2.3,LIGHT,ADULT_COMPENDIUM_2024;activity_code=02101;url=https://pacompendium.com/;domain_approval=DATA_OWNER_APPROVAL;reviewed_at=2026-08-24T00:00:00+09:00;approval_scope=ALL_MET_MAPPINGS,"Stretching, mild",USER_APPROVED_DIRECT_COMPENDIUM_02101,DOMAIN_APPROVED,true
NEX-000125,neck side stretch,REX-000045,2.3,LIGHT,ADULT_COMPENDIUM_2024;activity_code=02101;url=https://pacompendium.com/;domain_approval=DATA_OWNER_APPROVAL;reviewed_at=2026-08-24T00:00:00+09:00;approval_scope=ALL_MET_MAPPINGS,"Stretching, mild",USER_APPROVED_DIRECT_COMPENDIUM_02101,DOMAIN_APPROVED,true
NEX-000126,seated glute stretch,REX-000082,2.3,LIGHT,ADULT_COMPENDIUM_2024;activity_code=02101;url=https://pacompendium.com/;domain_approval=DATA_OWNER_APPROVAL;reviewed_at=2026-08-24T00:00:00+09:00;approval_scope=ALL_MET_MAPPINGS,"Stretching, mild",USER_APPROVED_DIRECT_COMPENDIUM_02101,DOMAIN_APPROVED,true
NEX-000127,wrist circles,REX-000101,2.3,LIGHT,ADULT_COMPENDIUM_2024;activity_code=02101;url=https://pacompendium.com/;domain_approval=DATA_OWNER_APPROVAL;reviewed_at=2026-08-24T00:00:00+09:00;approval_scope=ALL_MET_MAPPINGS,"Stretching, mild",USER_APPROVED_DIRECT_COMPENDIUM_02101,DOMAIN_APPROVED,true
NEX-000128,walking lunge,REX-000010,3.8,MODERATE,ADULT_COMPENDIUM_2024;activity_code=02022;url=https://pacompendium.com/;domain_approval=DATA_OWNER_APPROVAL;reviewed_at=2026-08-24T00:00:00+09:00;approval_scope=ALL_MET_MAPPINGS,"Calisthenics, moderate effort",USER_APPROVED_DIRECT_COMPENDIUM_02022_CONSERVATIVE,DOMAIN_APPROVED,true
NEX-000129,butterfly yoga pose,REX-000017,2.3,LIGHT,ADULT_COMPENDIUM_2024;activity_code=02175;url=https://pacompendium.com/;domain_approval=DATA_OWNER_APPROVAL;reviewed_at=2026-08-24T00:00:00+09:00;approval_scope=ALL_MET_MAPPINGS,"Yoga, general",USER_APPROVED_CONDITIONAL_MATCH,DOMAIN_APPROVED,true
NEX-000130,hamstring stretch,REX-000034,2.3,LIGHT,ADULT_COMPENDIUM_2024;activity_code=02101;url=https://pacompendium.com/;domain_approval=DATA_OWNER_APPROVAL;reviewed_at=2026-08-24T00:00:00+09:00;approval_scope=ALL_MET_MAPPINGS,"Stretching, mild",USER_APPROVED_DIRECT_COMPENDIUM_02101,DOMAIN_APPROVED,true
NEX-000131,all fours squad stretch,REX-000002,2.3,LIGHT,ADULT_COMPENDIUM_2024;activity_code=02101;url=https://pacompendium.com/;domain_approval=DATA_OWNER_APPROVAL;reviewed_at=2026-08-24T00:00:00+09:00;approval_scope=ALL_MET_MAPPINGS,"Stretching, mild",USER_APPROVED_DIRECT_COMPENDIUM_02101,DOMAIN_APPROVED,true
NEX-000132,chair leg extended stretch,REX-000020,2.3,LIGHT,ADULT_COMPENDIUM_2024;activity_code=02101;url=https://pacompendium.com/;domain_approval=DATA_OWNER_APPROVAL;reviewed_at=2026-08-24T00:00:00+09:00;approval_scope=ALL_MET_MAPPINGS,"Stretching, mild",USER_APPROVED_DIRECT_COMPENDIUM_02101,DOMAIN_APPROVED,true
NEX-000133,exercise ball hip flexor stretch,REX-000033,2.3,LIGHT,ADULT_COMPENDIUM_2024;activity_code=02101;url=https://pacompendium.com/;domain_approval=DATA_OWNER_APPROVAL;reviewed_at=2026-08-24T00:00:00+09:00;approval_scope=ALL_MET_MAPPINGS,"Stretching, mild",USER_APPROVED_DIRECT_COMPENDIUM_02101,DOMAIN_APPROVED,true
NEX-000134,intermediate hip flexor and quad stretch,REX-000036,2.3,LIGHT,ADULT_COMPENDIUM_2024;activity_code=02101;url=https://pacompendium.com/;domain_approval=DATA_OWNER_APPROVAL;reviewed_at=2026-08-24T00:00:00+09:00;approval_scope=ALL_MET_MAPPINGS,"Stretching, mild",USER_APPROVED_DIRECT_COMPENDIUM_02101,DOMAIN_APPROVED,true
NEX-000135,leg up hamstring stretch,REX-000042,2.3,LIGHT,ADULT_COMPENDIUM_2024;activity_code=02101;url=https://pacompendium.com/;domain_approval=DATA_OWNER_APPROVAL;reviewed_at=2026-08-24T00:00:00+09:00;approval_scope=ALL_MET_MAPPINGS,"Stretching, mild",USER_APPROVED_DIRECT_COMPENDIUM_02101,DOMAIN_APPROVED,true
NEX-000136,runners stretch,REX-000077,2.3,LIGHT,ADULT_COMPENDIUM_2024;activity_code=02101;url=https://pacompendium.com/;domain_approval=DATA_OWNER_APPROVAL;reviewed_at=2026-08-24T00:00:00+09:00;approval_scope=ALL_MET_MAPPINGS,"Stretching, mild",USER_APPROVED_DIRECT_COMPENDIUM_02101,DOMAIN_APPROVED,true
NEX-000137,seated wide angle pose sequence,REX-000087,2.3,LIGHT,ADULT_COMPENDIUM_2024;activity_code=02101;url=https://pacompendium.com/;domain_approval=DATA_OWNER_APPROVAL;reviewed_at=2026-08-24T00:00:00+09:00;approval_scope=ALL_MET_MAPPINGS,"Stretching, mild",USER_APPROVED_DIRECT_COMPENDIUM_02101,DOMAIN_APPROVED,true
NEX-000138,standing hamstring and calf stretch with strap,REX-000094,2.3,LIGHT,ADULT_COMPENDIUM_2024;activity_code=02101;url=https://pacompendium.com/;domain_approval=DATA_OWNER_APPROVAL;reviewed_at=2026-08-24T00:00:00+09:00;approval_scope=ALL_MET_MAPPINGS,"Stretching, mild",USER_APPROVED_DIRECT_COMPENDIUM_02101,DOMAIN_APPROVED,true
NEX-000139,world greatest stretch,REX-000100,2.3,LIGHT,ADULT_COMPENDIUM_2024;activity_code=02101;url=https://pacompendium.com/;domain_approval=DATA_OWNER_APPROVAL;reviewed_at=2026-08-24T00:00:00+09:00;approval_scope=ALL_MET_MAPPINGS,"Stretching, mild",USER_APPROVED_DIRECT_COMPENDIUM_02101,DOMAIN_APPROVED,true
NEX-000140,dumbbell alternate hammer preacher curl,REX-000027,3.5,LIGHT,ADULT_COMPENDIUM_2024;activity_code=02054;url=https://pacompendium.com/;domain_approval=DATA_OWNER_APPROVAL;reviewed_at=2026-08-24T00:00:00+09:00;approval_scope=ALL_MET_MAPPINGS,"Resistance (weight) training, multiple exercises, 8-15 reps at varied resistance",USER_APPROVED_COMPENDIUM_02054_LIGHT_RESISTANCE,DOMAIN_APPROVED,true
NEX-000141,dumbbell alternate preacher curl,REX-000027,3.5,LIGHT,ADULT_COMPENDIUM_2024;activity_code=02054;url=https://pacompendium.com/;domain_approval=DATA_OWNER_APPROVAL;reviewed_at=2026-08-24T00:00:00+09:00;approval_scope=ALL_MET_MAPPINGS,"Resistance (weight) training, multiple exercises, 8-15 reps at varied resistance",USER_APPROVED_COMPENDIUM_02054_LIGHT_RESISTANCE,DOMAIN_APPROVED,true
NEX-000142,dumbbell goblet squat,REX-000025,5,MODERATE,ADULT_COMPENDIUM_2024;activity_code=02052;url=https://pacompendium.com/;domain_approval=DATA_OWNER_APPROVAL;reviewed_at=2026-08-24T00:00:00+09:00;approval_scope=ALL_MET_MAPPINGS,"Resistance (weight) training, squats, deadlift, slow or explosive effort",USER_APPROVED_COMPENDIUM_02052_MODERATE_RESISTANCE,DOMAIN_APPROVED,true
NEX-000143,stationary bike,REX-000067,5.0,MODERATE,ADULT_COMPENDIUM_2024;activity_code=01216;url=https://pacompendium.com/;domain_approval=DATA_OWNER_APPROVAL;reviewed_at=2026-08-24T00:00:00+09:00;approval_scope=ALL_MET_MAPPINGS,"Bicycling, stationary, 60 watts, light to moderate effort",USER_APPROVED_CONDITIONAL_MATCH,DOMAIN_APPROVED,true
NEX-000144,walk elliptical cross trainer,REX-000072,5,MODERATE,ADULT_COMPENDIUM_2024;activity_code=02048;url=https://pacompendium.com/;domain_approval=DATA_OWNER_APPROVAL;reviewed_at=2026-08-24T00:00:00+09:00;approval_scope=ALL_MET_MAPPINGS,"Elliptical trainer, moderate effort",USER_APPROVED_DIRECT_COMPENDIUM_02048_CONSERVATIVE,DOMAIN_APPROVED,true
NEX-000145,roller hip stretch,REX-000074,2.3,LIGHT,ADULT_COMPENDIUM_2024;activity_code=02101;url=https://pacompendium.com/;domain_approval=DATA_OWNER_APPROVAL;reviewed_at=2026-08-24T00:00:00+09:00;approval_scope=ALL_MET_MAPPINGS,"Stretching, mild",USER_APPROVED_DIRECT_COMPENDIUM_02101,DOMAIN_APPROVED,true
NEX-000146,roller reverse crunch,REX-000013,3.8,MODERATE,ADULT_COMPENDIUM_2024;activity_code=02022;url=https://pacompendium.com/;domain_approval=DATA_OWNER_APPROVAL;reviewed_at=2026-08-24T00:00:00+09:00;approval_scope=ALL_MET_MAPPINGS,"Calisthenics, moderate effort",USER_APPROVED_DIRECT_COMPENDIUM_02022_CONSERVATIVE,DOMAIN_APPROVED,true
NEX-000147,roller back stretch,REX-000073,2.3,LIGHT,ADULT_COMPENDIUM_2024;activity_code=02101;url=https://pacompendium.com/;domain_approval=DATA_OWNER_APPROVAL;reviewed_at=2026-08-24T00:00:00+09:00;approval_scope=ALL_MET_MAPPINGS,"Stretching, mild",USER_APPROVED_DIRECT_COMPENDIUM_02101,DOMAIN_APPROVED,true
NEX-000148,lever pullover,REX-000006,5,MODERATE,ADULT_COMPENDIUM_2024;activity_code=02052;url=https://pacompendium.com/;domain_approval=DATA_OWNER_APPROVAL;reviewed_at=2026-08-24T00:00:00+09:00;approval_scope=ALL_MET_MAPPINGS,"Resistance (weight) training, squats, deadlift, slow or explosive effort",USER_APPROVED_NO_DIRECT_MATCH_PROXY_COMPENDIUM_02052,DOMAIN_APPROVED,true
NEX-000149,dumbbell standing zottman preacher curl,REX-000027,3.5,LIGHT,ADULT_COMPENDIUM_2024;activity_code=02054;url=https://pacompendium.com/;domain_approval=DATA_OWNER_APPROVAL;reviewed_at=2026-08-24T00:00:00+09:00;approval_scope=ALL_MET_MAPPINGS,"Resistance (weight) training, multiple exercises, 8-15 reps at varied resistance",USER_APPROVED_COMPENDIUM_02054_LIGHT_RESISTANCE,DOMAIN_APPROVED,true
NEX-000150,inverted row on bench,REX-000038,5,MODERATE,ADULT_COMPENDIUM_2024;activity_code=02052;url=https://pacompendium.com/;domain_approval=DATA_OWNER_APPROVAL;reviewed_at=2026-08-24T00:00:00+09:00;approval_scope=ALL_MET_MAPPINGS,"Resistance (weight) training, squats, deadlift, slow or explosive effort",USER_APPROVED_COMPENDIUM_02052_MODERATE_RESISTANCE,DOMAIN_APPROVED,true
NEX-000151,walking on stepmill,REX-000071,9.3,VIGOROUS,ADULT_COMPENDIUM_2024;activity_code=02065;url=https://pacompendium.com/;domain_approval=DATA_OWNER_APPROVAL;reviewed_at=2026-08-24T00:00:00+09:00;approval_scope=ALL_MET_MAPPINGS,"Stair treadmill ergometer, general",USER_APPROVED_DIRECT_COMPENDIUM_02065,DOMAIN_APPROVED,true
NEX-000152,spine twist,REX-000092,2.3,LIGHT,ADULT_COMPENDIUM_2024;activity_code=02101;url=https://pacompendium.com/;domain_approval=DATA_OWNER_APPROVAL;reviewed_at=2026-08-24T00:00:00+09:00;approval_scope=ALL_MET_MAPPINGS,"Stretching, mild",USER_APPROVED_CONDITIONAL_MATCH,DOMAIN_APPROVED,true
NEX-000153,lever seated calf press,REX-000080,3.5,LIGHT,ADULT_COMPENDIUM_2024;activity_code=02054;url=https://pacompendium.com/;domain_approval=DATA_OWNER_APPROVAL;reviewed_at=2026-08-24T00:00:00+09:00;approval_scope=ALL_MET_MAPPINGS,"Resistance (weight) training, multiple exercises, 8-15 reps at varied resistance",USER_APPROVED_COMPENDIUM_02054_LIGHT_RESISTANCE,DOMAIN_APPROVED,true
NEX-000154,split squats,REX-000015,5,MODERATE,ADULT_COMPENDIUM_2024;activity_code=02052;url=https://pacompendium.com/;domain_approval=DATA_OWNER_APPROVAL;reviewed_at=2026-08-24T00:00:00+09:00;approval_scope=ALL_MET_MAPPINGS,"Resistance (weight) training, squats, deadlift, slow or explosive effort",USER_APPROVED_COMPENDIUM_02052_MODERATE_RESISTANCE,DOMAIN_APPROVED,true
NEX-000155,weighted russian twist v. 2,REX-000014,5,MODERATE,ADULT_COMPENDIUM_2024;activity_code=02052;url=https://pacompendium.com/;domain_approval=DATA_OWNER_APPROVAL;reviewed_at=2026-08-24T00:00:00+09:00;approval_scope=ALL_MET_MAPPINGS,"Resistance (weight) training, squats, deadlift, slow or explosive effort",USER_APPROVED_NO_DIRECT_MATCH_PROXY_COMPENDIUM_02052,DOMAIN_APPROVED,true
NEX-000156,inverse leg curl (on pull-up cable machine),REX-000083,3.0,MODERATE,ADULT_COMPENDIUM_2024;activity_code=02056;url=https://pacompendium.com/;domain_approval=DATA_OWNER_APPROVAL;reviewed_at=2026-08-24T00:00:00+09:00;approval_scope=ALL_MET_MAPPINGS,"Body weight resistance exercises, general",USER_APPROVED_PROVISIONAL_ESTIMATE,DOMAIN_APPROVED,true
NEX-000157,seated piriformis stretch,REX-000085,2.3,LIGHT,ADULT_COMPENDIUM_2024;activity_code=02101;url=https://pacompendium.com/;domain_approval=DATA_OWNER_APPROVAL;reviewed_at=2026-08-24T00:00:00+09:00;approval_scope=ALL_MET_MAPPINGS,"Stretching, mild",USER_APPROVED_DIRECT_COMPENDIUM_02101,DOMAIN_APPROVED,true
NEX-000158,jump rope,REX-000060,11,VIGOROUS,ADULT_COMPENDIUM_2024;activity_code=02068;url=https://pacompendium.com/;domain_approval=DATA_OWNER_APPROVAL;reviewed_at=2026-08-24T00:00:00+09:00;approval_scope=ALL_MET_MAPPINGS,"Rope skipping exercise, general",USER_APPROVED_DIRECT_COMPENDIUM_02068_CONDITIONAL,DOMAIN_APPROVED,true
NEX-000159,dumbbell step-up lunge,REX-000031,3.8,MODERATE,ADULT_COMPENDIUM_2024;activity_code=02022;url=https://pacompendium.com/;domain_approval=DATA_OWNER_APPROVAL;reviewed_at=2026-08-24T00:00:00+09:00;approval_scope=ALL_MET_MAPPINGS,"Calisthenics, moderate effort",USER_APPROVED_DIRECT_COMPENDIUM_02022_CONSERVATIVE,DOMAIN_APPROVED,true
NEX-000160,resistance band leg extension,REX-000044,3.5,MODERATE,ADULT_COMPENDIUM_2024;activity_code=02054;url=https://pacompendium.com/;domain_approval=DATA_OWNER_APPROVAL;reviewed_at=2026-08-24T00:00:00+09:00;approval_scope=ALL_MET_MAPPINGS,"Resistance (weight) training, multiple exercises, 8-15 reps at varied resistance",USER_APPROVED_PROVISIONAL_ESTIMATE,DOMAIN_APPROVED,true
NEX-000161,ez bar lying bent arms pullover,REX-000006,3.5,MODERATE,ADULT_COMPENDIUM_2024;activity_code=02054;url=https://pacompendium.com/;domain_approval=DATA_OWNER_APPROVAL;reviewed_at=2026-08-24T00:00:00+09:00;approval_scope=ALL_MET_MAPPINGS,"Resistance (weight) training, multiple exercises, 8-15 reps at varied resistance",USER_APPROVED_PROVISIONAL_ESTIMATE,DOMAIN_APPROVED,true
NEX-000162,low glute bridge on floor,REX-000011,5,MODERATE,ADULT_COMPENDIUM_2024;activity_code=02052;url=https://pacompendium.com/;domain_approval=DATA_OWNER_APPROVAL;reviewed_at=2026-08-24T00:00:00+09:00;approval_scope=ALL_MET_MAPPINGS,"Resistance (weight) training, squats, deadlift, slow or explosive effort",USER_APPROVED_NO_DIRECT_MATCH_PROXY_COMPENDIUM_02052,DOMAIN_APPROVED,true
NEX-000163,resistance band seated shoulder press,REX-000086,5,MODERATE,ADULT_COMPENDIUM_2024;activity_code=02052;url=https://pacompendium.com/;domain_approval=DATA_OWNER_APPROVAL;reviewed_at=2026-08-24T00:00:00+09:00;approval_scope=ALL_MET_MAPPINGS,"Resistance (weight) training, squats, deadlift, slow or explosive effort",USER_APPROVED_COMPENDIUM_02052_MODERATE_RESISTANCE,DOMAIN_APPROVED,true
NEX-000164,jack jump (male),REX-000059,6.5,VIGOROUS,ADULT_COMPENDIUM_2024;activity_code=02057;url=https://pacompendium.com/;domain_approval=DATA_OWNER_APPROVAL;reviewed_at=2026-08-24T00:00:00+09:00;approval_scope=ALL_MET_MAPPINGS,"Body weight resistance exercises, high intensity",USER_APPROVED_DIRECT_COMPENDIUM_02057_CONDITIONAL,DOMAIN_APPROVED,true
NEX-000165,forward lunge (male),REX-000010,3.8,MODERATE,ADULT_COMPENDIUM_2024;activity_code=02022;url=https://pacompendium.com/;domain_approval=DATA_OWNER_APPROVAL;reviewed_at=2026-08-24T00:00:00+09:00;approval_scope=ALL_MET_MAPPINGS,"Calisthenics, moderate effort",USER_APPROVED_DIRECT_COMPENDIUM_02022_CONSERVATIVE,DOMAIN_APPROVED,true
NEX-000166,dumbbell incline y-raise,REX-000037,5,MODERATE,ADULT_COMPENDIUM_2024;activity_code=02052;url=https://pacompendium.com/;domain_approval=DATA_OWNER_APPROVAL;reviewed_at=2026-08-24T00:00:00+09:00;approval_scope=ALL_MET_MAPPINGS,"Resistance (weight) training, squats, deadlift, slow or explosive effort",USER_APPROVED_COMPENDIUM_02052_MODERATE_RESISTANCE_CONSERVATIVE,DOMAIN_APPROVED,true
NEX-000167,dumbbell contralateral forward lunge,REX-000010,3.8,MODERATE,ADULT_COMPENDIUM_2024;activity_code=02022;url=https://pacompendium.com/;domain_approval=DATA_OWNER_APPROVAL;reviewed_at=2026-08-24T00:00:00+09:00;approval_scope=ALL_MET_MAPPINGS,"Calisthenics, moderate effort",USER_APPROVED_DIRECT_COMPENDIUM_02022_CONSERVATIVE,DOMAIN_APPROVED,true
NEX-000168,high knee against wall,REX-000058,6.5,VIGOROUS,ADULT_COMPENDIUM_2024;activity_code=02057;url=https://pacompendium.com/;domain_approval=DATA_OWNER_APPROVAL;reviewed_at=2026-08-24T00:00:00+09:00;approval_scope=ALL_MET_MAPPINGS,"Body weight resistance exercises, high intensity",USER_APPROVED_DIRECT_COMPENDIUM_02057_CONDITIONAL,DOMAIN_APPROVED,true
NEX-000169,short stride run,REX-000065,7.5,VIGOROUS,ADULT_COMPENDIUM_2024;activity_code=12020;url=https://pacompendium.com/;domain_approval=DATA_OWNER_APPROVAL;reviewed_at=2026-08-24T00:00:00+09:00;approval_scope=ALL_MET_MAPPINGS,"Jogging, general, self-selected pace",USER_APPROVED_CONDITIONAL_MATCH,DOMAIN_APPROVED,true
NEX-000170,walking on incline treadmill,REX-000070,5.3,MODERATE,ADULT_COMPENDIUM_2024;activity_code=17034;url=https://pacompendium.com/;domain_approval=DATA_OWNER_APPROVAL;reviewed_at=2026-08-24T00:00:00+09:00;approval_scope=ALL_MET_MAPPINGS,"Climbing hills, no load, 1 to 5% grade, moderate-to-brisk pace",USER_APPROVED_PROVISIONAL_ESTIMATE,DOMAIN_APPROVED,true
NEX-000171,back and forth step,REX-000056,3.8,MODERATE,ADULT_COMPENDIUM_2024;activity_code=02022;url=https://pacompendium.com/;domain_approval=DATA_OWNER_APPROVAL;reviewed_at=2026-08-24T00:00:00+09:00;approval_scope=ALL_MET_MAPPINGS,"Calisthenics, moderate effort",USER_APPROVED_DIRECT_COMPENDIUM_02022_CONSERVATIVE,DOMAIN_APPROVED,true
NEX-000172,스텝박스 오르내리기,REX-000068,5.5,MODERATE,ADULT_COMPENDIUM_2024;activity_code=02001;url=https://pacompendium.com/;domain_approval=DATA_OWNER_APPROVAL;reviewed_at=2026-08-24T00:00:00+09:00;approval_scope=ALL_MET_MAPPINGS,"Aerobic, step, with 4-inch step",USER_APPROVED_CONDITIONAL_MATCH,DOMAIN_APPROVED,true
NEX-000173,한발 서서 균형잡기,REX-000066,2.3,LIGHT,ADULT_COMPENDIUM_2024;activity_code=02150;url=https://pacompendium.com/conditioning-exercise/;mapping_kind=USER_APPROVED_PROXY;reviewer=DATA_OWNER_APPROVAL;reviewed_at=2026-08-24T00:00:00+09:00;domain_approval=DATA_OWNER_APPROVAL;reviewed_at=2026-08-24T00:00:00+09:00;approval_scope=ALL_MET_MAPPINGS,"Yoga, Hatha",USER_APPROVED_PROXY_02150_STATIC_BALANCE,DOMAIN_APPROVED,true
NEX-000174,의자잡고 전방으로 무릎 굽혀 들기,REX-000057,3.5,LIGHT,ADULT_COMPENDIUM_2024;activity_code=02054;url=https://pacompendium.com/;domain_approval=DATA_OWNER_APPROVAL;reviewed_at=2026-08-24T00:00:00+09:00;approval_scope=ALL_MET_MAPPINGS,"Resistance (weight) training, multiple exercises, 8-15 reps at varied resistance",USER_APPROVED_NO_DIRECT_MATCH_PROXY_COMPENDIUM_02054,DOMAIN_APPROVED,true
NEX-000175,의자에 앉아 다리로 짐볼 쥐기,REX-000063,3.5,LIGHT,ADULT_COMPENDIUM_2024;activity_code=02054;url=https://pacompendium.com/;domain_approval=DATA_OWNER_APPROVAL;reviewed_at=2026-08-24T00:00:00+09:00;approval_scope=ALL_MET_MAPPINGS,"Resistance (weight) training, multiple exercises, 8-15 reps at varied resistance",USER_APPROVED_NO_DIRECT_MATCH_PROXY_COMPENDIUM_02054,DOMAIN_APPROVED,true
NEX-000176,밴드 잡고 누워서 다리 밀기,REX-000069,5,MODERATE,ADULT_COMPENDIUM_2024;activity_code=02052;url=https://pacompendium.com/;domain_approval=DATA_OWNER_APPROVAL;reviewed_at=2026-08-24T00:00:00+09:00;approval_scope=ALL_MET_MAPPINGS,"Resistance (weight) training, squats, deadlift, slow or explosive effort",USER_APPROVED_NO_DIRECT_MATCH_PROXY_COMPENDIUM_02052,DOMAIN_APPROVED,true
NEX-000177,누워서 배가로근 수축1,REX-000001,5,MODERATE,ADULT_COMPENDIUM_2024;activity_code=02052;url=https://pacompendium.com/;domain_approval=DATA_OWNER_APPROVAL;reviewed_at=2026-08-24T00:00:00+09:00;approval_scope=ALL_MET_MAPPINGS,"Resistance (weight) training, squats, deadlift, slow or explosive effort",USER_APPROVED_NO_DIRECT_MATCH_PROXY_COMPENDIUM_02052,DOMAIN_APPROVED,true
NEX-000178,의자에 앉아 밴드 양옆으로 늘이기,REX-000097,3.5,LIGHT,ADULT_COMPENDIUM_2024;activity_code=02054;url=https://pacompendium.com/;domain_approval=DATA_OWNER_APPROVAL;reviewed_at=2026-08-24T00:00:00+09:00;approval_scope=ALL_MET_MAPPINGS,"Resistance (weight) training, multiple exercises, 8-15 reps at varied resistance",USER_APPROVED_NO_DIRECT_MATCH_PROXY_COMPENDIUM_02054,DOMAIN_APPROVED,true
NEX-000179,네발기기 자세에서 팔 다리 들기,REX-000090,5,MODERATE,ADULT_COMPENDIUM_2024;activity_code=02052;url=https://pacompendium.com/;domain_approval=DATA_OWNER_APPROVAL;reviewed_at=2026-08-24T00:00:00+09:00;approval_scope=ALL_MET_MAPPINGS,"Resistance (weight) training, squats, deadlift, slow or explosive effort",USER_APPROVED_NO_DIRECT_MATCH_PROXY_COMPENDIUM_02052,DOMAIN_APPROVED,true
NEX-000180,의자잡고 후방으로 무릎 굽혀 들기,REX-000083,3.0,MODERATE,ADULT_COMPENDIUM_2024;activity_code=02056;url=https://pacompendium.com/;domain_approval=DATA_OWNER_APPROVAL;reviewed_at=2026-08-24T00:00:00+09:00;approval_scope=ALL_MET_MAPPINGS,"Body weight resistance exercises, general",USER_APPROVED_PROVISIONAL_ESTIMATE,DOMAIN_APPROVED,true
NEX-000181,앉아서 엉덩관절 굽히기,REX-000064,3.5,LIGHT,ADULT_COMPENDIUM_2024;activity_code=02054;url=https://pacompendium.com/;domain_approval=DATA_OWNER_APPROVAL;reviewed_at=2026-08-24T00:00:00+09:00;approval_scope=ALL_MET_MAPPINGS,"Resistance (weight) training, multiple exercises, 8-15 reps at varied resistance",USER_APPROVED_NO_DIRECT_MATCH_PROXY_COMPENDIUM_02054,DOMAIN_APPROVED,true
NEX-000182,Seated Bench Press,REX-000049,5,MODERATE,ADULT_COMPENDIUM_2024;activity_code=02052;url=https://pacompendium.com/;domain_approval=DATA_OWNER_APPROVAL;reviewed_at=2026-08-24T00:00:00+09:00;approval_scope=ALL_MET_MAPPINGS,"Resistance (weight) training, squats, deadlift, slow or explosive effort",USER_APPROVED_COMPENDIUM_02052_MODERATE_RESISTANCE,DOMAIN_APPROVED,true
NEX-000183,Seated Cable Row,REX-000076,5,MODERATE,ADULT_COMPENDIUM_2024;activity_code=02052;url=https://pacompendium.com/;domain_approval=DATA_OWNER_APPROVAL;reviewed_at=2026-08-24T00:00:00+09:00;approval_scope=ALL_MET_MAPPINGS,"Resistance (weight) training, squats, deadlift, slow or explosive effort",USER_APPROVED_COMPENDIUM_02052_MODERATE_RESISTANCE,DOMAIN_APPROVED,true
NEX-000184,Dumbbell rear delt row,REX-000076,5,MODERATE,ADULT_COMPENDIUM_2024;activity_code=02052;url=https://pacompendium.com/;domain_approval=DATA_OWNER_APPROVAL;reviewed_at=2026-08-24T00:00:00+09:00;approval_scope=ALL_MET_MAPPINGS,"Resistance (weight) training, squats, deadlift, slow or explosive effort",USER_APPROVED_COMPENDIUM_02052_MODERATE_RESISTANCE,DOMAIN_APPROVED,true
NEX-000185,Incline Chest-Supported Dumbbell Row,REX-000076,5,MODERATE,ADULT_COMPENDIUM_2024;activity_code=02052;url=https://pacompendium.com/;domain_approval=DATA_OWNER_APPROVAL;reviewed_at=2026-08-24T00:00:00+09:00;approval_scope=ALL_MET_MAPPINGS,"Resistance (weight) training, squats, deadlift, slow or explosive effort",USER_APPROVED_COMPENDIUM_02052_MODERATE_RESISTANCE,DOMAIN_APPROVED,true
NEX-000186,Dumbbell Deadlift,REX-000004,5,MODERATE,ADULT_COMPENDIUM_2024;activity_code=02052;url=https://pacompendium.com/;domain_approval=DATA_OWNER_APPROVAL;reviewed_at=2026-08-24T00:00:00+09:00;approval_scope=ALL_MET_MAPPINGS,"Resistance (weight) training, squats, deadlift, slow or explosive effort",USER_APPROVED_COMPENDIUM_02052_MODERATE_RESISTANCE,DOMAIN_APPROVED,true
NEX-000187,Cable Woodchoppers,REX-000075,5,MODERATE,ADULT_COMPENDIUM_2024;activity_code=02052;url=https://pacompendium.com/;domain_approval=DATA_OWNER_APPROVAL;reviewed_at=2026-08-24T00:00:00+09:00;approval_scope=ALL_MET_MAPPINGS,"Resistance (weight) training, squats, deadlift, slow or explosive effort",USER_APPROVED_NO_DIRECT_MATCH_PROXY_COMPENDIUM_02052,DOMAIN_APPROVED,true
NEX-000188,Calf Press Using Leg Press Machine,REX-000080,3.5,LIGHT,ADULT_COMPENDIUM_2024;activity_code=02054;url=https://pacompendium.com/;domain_approval=DATA_OWNER_APPROVAL;reviewed_at=2026-08-24T00:00:00+09:00;approval_scope=ALL_MET_MAPPINGS,"Resistance (weight) training, multiple exercises, 8-15 reps at varied resistance",USER_APPROVED_COMPENDIUM_02054_LIGHT_RESISTANCE,DOMAIN_APPROVED,true
NEX-000189,1-Arm Half-Kneeling Lat Pulldown,REX-000040,5,MODERATE,ADULT_COMPENDIUM_2024;activity_code=02052;url=https://pacompendium.com/;domain_approval=DATA_OWNER_APPROVAL;reviewed_at=2026-08-24T00:00:00+09:00;approval_scope=ALL_MET_MAPPINGS,"Resistance (weight) training, squats, deadlift, slow or explosive effort",USER_APPROVED_COMPENDIUM_02052_MODERATE_RESISTANCE,DOMAIN_APPROVED,true
NEX-000190,Neutral Grip Lat Pulldown,REX-000040,5,MODERATE,ADULT_COMPENDIUM_2024;activity_code=02052;url=https://pacompendium.com/;domain_approval=DATA_OWNER_APPROVAL;reviewed_at=2026-08-24T00:00:00+09:00;approval_scope=ALL_MET_MAPPINGS,"Resistance (weight) training, squats, deadlift, slow or explosive effort",USER_APPROVED_COMPENDIUM_02052_MODERATE_RESISTANCE,DOMAIN_APPROVED,true
NEX-000191,Leg curl with elastic,REX-000083,3.5,MODERATE,ADULT_COMPENDIUM_2024;activity_code=02054;url=https://pacompendium.com/;domain_approval=DATA_OWNER_APPROVAL;reviewed_at=2026-08-24T00:00:00+09:00;approval_scope=ALL_MET_MAPPINGS,"Resistance (weight) training, multiple exercises, 8-15 reps at varied resistance",USER_APPROVED_PROVISIONAL_ESTIMATE,DOMAIN_APPROVED,true
NEX-000192,kettlebell sumo deadlift,REX-000004,5,MODERATE,ADULT_COMPENDIUM_2024;activity_code=02052;url=https://pacompendium.com/;domain_approval=DATA_OWNER_APPROVAL;reviewed_at=2026-08-24T00:00:00+09:00;approval_scope=ALL_MET_MAPPINGS,"Resistance (weight) training, squats, deadlift, slow or explosive effort",USER_APPROVED_COMPENDIUM_02052_MODERATE_RESISTANCE,DOMAIN_APPROVED,true
NEX-000193,Dumbbell Romanian Deadlift,REX-000007,5,MODERATE,ADULT_COMPENDIUM_2024;activity_code=02052;url=https://pacompendium.com/;domain_approval=DATA_OWNER_APPROVAL;reviewed_at=2026-08-24T00:00:00+09:00;approval_scope=ALL_MET_MAPPINGS,"Resistance (weight) training, squats, deadlift, slow or explosive effort",USER_APPROVED_COMPENDIUM_02052_MODERATE_RESISTANCE,DOMAIN_APPROVED,true
NEX-000194,Cable Chest Press - Decline,REX-000049,5,MODERATE,ADULT_COMPENDIUM_2024;activity_code=02052;url=https://pacompendium.com/;domain_approval=DATA_OWNER_APPROVAL;reviewed_at=2026-08-24T00:00:00+09:00;approval_scope=ALL_MET_MAPPINGS,"Resistance (weight) training, squats, deadlift, slow or explosive effort",USER_APPROVED_COMPENDIUM_02052_MODERATE_RESISTANCE,DOMAIN_APPROVED,true
NEX-000195,Bulgarian Squat with Dumbbells,REX-000015,5,MODERATE,ADULT_COMPENDIUM_2024;activity_code=02052;url=https://pacompendium.com/;domain_approval=DATA_OWNER_APPROVAL;reviewed_at=2026-08-24T00:00:00+09:00;approval_scope=ALL_MET_MAPPINGS,"Resistance (weight) training, squats, deadlift, slow or explosive effort",USER_APPROVED_COMPENDIUM_02052_MODERATE_RESISTANCE,DOMAIN_APPROVED,true
NEX-000196,Seated Row (Machine),REX-000076,5,MODERATE,ADULT_COMPENDIUM_2024;activity_code=02052;url=https://pacompendium.com/;domain_approval=DATA_OWNER_APPROVAL;reviewed_at=2026-08-24T00:00:00+09:00;approval_scope=ALL_MET_MAPPINGS,"Resistance (weight) training, squats, deadlift, slow or explosive effort",USER_APPROVED_COMPENDIUM_02052_MODERATE_RESISTANCE,DOMAIN_APPROVED,true
NEX-000197,Barbell Full Squat,REX-000093,6,VIGOROUS,ADULT_COMPENDIUM_2024;activity_code=02050;url=https://pacompendium.com/;domain_approval=DATA_OWNER_APPROVAL;reviewed_at=2026-08-24T00:00:00+09:00;approval_scope=ALL_MET_MAPPINGS,"Resistance (weight lifting - free weight, nautilus or universal-type), vigorous effort",USER_APPROVED_COMPENDIUM_02050_VIGOROUS_RESISTANCE,DOMAIN_APPROVED,true
NEX-000198,Overhead Barbell Press,REX-000086,6,VIGOROUS,ADULT_COMPENDIUM_2024;activity_code=02050;url=https://pacompendium.com/;domain_approval=DATA_OWNER_APPROVAL;reviewed_at=2026-08-24T00:00:00+09:00;approval_scope=ALL_MET_MAPPINGS,"Resistance (weight lifting - free weight, nautilus or universal-type), vigorous effort",USER_APPROVED_COMPENDIUM_02050_VIGOROUS_RESISTANCE,DOMAIN_APPROVED,true
NEX-000199,Inverted Lat Pull Down,REX-000038,5,MODERATE,ADULT_COMPENDIUM_2024;activity_code=02052;url=https://pacompendium.com/;domain_approval=DATA_OWNER_APPROVAL;reviewed_at=2026-08-24T00:00:00+09:00;approval_scope=ALL_MET_MAPPINGS,"Resistance (weight) training, squats, deadlift, slow or explosive effort",USER_APPROVED_NO_DIRECT_MATCH_PROXY_COMPENDIUM_02052,DOMAIN_APPROVED,true
NEX-000200,Arnold Shoulder Press,REX-000086,5,MODERATE,ADULT_COMPENDIUM_2024;activity_code=02052;url=https://pacompendium.com/;domain_approval=DATA_OWNER_APPROVAL;reviewed_at=2026-08-24T00:00:00+09:00;approval_scope=ALL_MET_MAPPINGS,"Resistance (weight) training, squats, deadlift, slow or explosive effort",USER_APPROVED_COMPENDIUM_02052_MODERATE_RESISTANCE,DOMAIN_APPROVED,true
NEX-000201,Dumbbell Goblet Squat,REX-000025,5,MODERATE,ADULT_COMPENDIUM_2024;activity_code=02052;url=https://pacompendium.com/;domain_approval=DATA_OWNER_APPROVAL;reviewed_at=2026-08-24T00:00:00+09:00;approval_scope=ALL_MET_MAPPINGS,"Resistance (weight) training, squats, deadlift, slow or explosive effort",USER_APPROVED_COMPENDIUM_02052_MODERATE_RESISTANCE,DOMAIN_APPROVED,true
NEX-000202,Leg Curl,REX-000083,5,MODERATE,ADULT_COMPENDIUM_2024;activity_code=02052;url=https://pacompendium.com/;domain_approval=DATA_OWNER_APPROVAL;reviewed_at=2026-08-24T00:00:00+09:00;approval_scope=ALL_MET_MAPPINGS,"Resistance (weight) training, squats, deadlift, slow or explosive effort",USER_APPROVED_COMPENDIUM_02052_MODERATE_RESISTANCE,DOMAIN_APPROVED,true
NEX-000203,Leg Extension,REX-000044,5,MODERATE,ADULT_COMPENDIUM_2024;activity_code=02052;url=https://pacompendium.com/;domain_approval=DATA_OWNER_APPROVAL;reviewed_at=2026-08-24T00:00:00+09:00;approval_scope=ALL_MET_MAPPINGS,"Resistance (weight) training, squats, deadlift, slow or explosive effort",USER_APPROVED_NO_DIRECT_MATCH_PROXY_COMPENDIUM_02052,DOMAIN_APPROVED,true
NEX-000204,Leg Press,REX-000041,5,MODERATE,ADULT_COMPENDIUM_2024;activity_code=02052;url=https://pacompendium.com/;domain_approval=DATA_OWNER_APPROVAL;reviewed_at=2026-08-24T00:00:00+09:00;approval_scope=ALL_MET_MAPPINGS,"Resistance (weight) training, squats, deadlift, slow or explosive effort",USER_APPROVED_COMPENDIUM_02052_MODERATE_RESISTANCE,DOMAIN_APPROVED,true
NEX-000205,Romanian Deadlift,REX-000007,6,VIGOROUS,ADULT_COMPENDIUM_2024;activity_code=02050;url=https://pacompendium.com/;domain_approval=DATA_OWNER_APPROVAL;reviewed_at=2026-08-24T00:00:00+09:00;approval_scope=ALL_MET_MAPPINGS,"Resistance (weight lifting - free weight, nautilus or universal-type), vigorous effort",USER_APPROVED_COMPENDIUM_02050_VIGOROUS_RESISTANCE,DOMAIN_APPROVED,true
NEX-000206,Incline Bench Press - Dumbbell,REX-000049,5,MODERATE,ADULT_COMPENDIUM_2024;activity_code=02052;url=https://pacompendium.com/;domain_approval=DATA_OWNER_APPROVAL;reviewed_at=2026-08-24T00:00:00+09:00;approval_scope=ALL_MET_MAPPINGS,"Resistance (weight) training, squats, deadlift, slow or explosive effort",USER_APPROVED_COMPENDIUM_02052_MODERATE_RESISTANCE,DOMAIN_APPROVED,true
NEX-000207,"Shoulder Press, on Machine",REX-000086,5,MODERATE,ADULT_COMPENDIUM_2024;activity_code=02052;url=https://pacompendium.com/;domain_approval=DATA_OWNER_APPROVAL;reviewed_at=2026-08-24T00:00:00+09:00;approval_scope=ALL_MET_MAPPINGS,"Resistance (weight) training, squats, deadlift, slow or explosive effort",USER_APPROVED_COMPENDIUM_02052_MODERATE_RESISTANCE,DOMAIN_APPROVED,true
NEX-000208,2 Handed Kettlebell Swing,REX-000061,9.8,vigorous,ADULT_COMPENDIUM_PDF_2024;activity_code=02058;source_locator=PDF page 2;url=https://pacompendium.com/adult-compendium/;domain_approval=DATA_OWNER_APPROVAL;reviewed_at=2026-08-24T00:00:00+09:00;approval_scope=ALL_MET_MAPPINGS,Kettle bell swings,COMPENDIUM_EXACT_MATCH_EXERCISE_AND_EQUIPMENT,DOMAIN_APPROVED,true
