exercise_id,representative_id,existing_status,final_status,existing_production_eligible,final_production_eligible,reviewer,reviewed_at,decision_basis,evidence_reference
NEX-000001,REX-000004,APPROVED,DOMAIN_APPROVED,false,true,DATA_OWNER_APPROVAL,2026-08-24T00:00:00+09:00,USER_ATTESTED_DOMAIN_REVIEW; all 102 MET mappings reviewed by the data owner; existing values retain their row-level Compendium evidence and NEX-000173 uses the explicitly approved 02150 static-balance proxy,https://pacompendium.com/adult-compendium/
NEX-000002,REX-000006,APPROVED,DOMAIN_APPROVED,false,true,DATA_OWNER_APPROVAL,2026-08-24T00:00:00+09:00,USER_ATTESTED_DOMAIN_REVIEW; all 102 MET mappings reviewed by the data owner; existing values retain their row-level Compendium evidence and NEX-000173 uses the explicitly approved 02150 static-balance proxy,https://pacompendium.com/adult-compendium/
NEX-000003,REX-000006,APPROVED,DOMAIN_APPROVED,false,true,DATA_OWNER_APPROVAL,2026-08-24T00:00:00+09:00,USER_ATTESTED_DOMAIN_REVIEW; all 102 MET mappings reviewed by the data owner; existing values retain their row-level Compendium evidence and NEX-000173 uses the explicitly approved 02150 static-balance proxy,https://pacompendium.com/adult-compendium/
NEX-000004,REX-000005,APPROVED,DOMAIN_APPROVED,false,true,DATA_OWNER_APPROVAL,2026-08-24T00:00:00+09:00,USER_ATTESTED_DOMAIN_REVIEW; all 102 MET mappings reviewed by the data owner; existing values retain their row-level Compendium evidence and NEX-000173 uses the explicitly approved 02150 static-balance proxy,https://pacompendium.com/adult-compendium/
NEX-000005,REX-000006,APPROVED,DOMAIN_APPROVED,false,true,DATA_OWNER_APPROVAL,2026-08-24T00:00:00+09:00,USER_ATTESTED_DOMAIN_REVIEW; all 102 MET mappings reviewed by the data owner; existing values retain their row-level Compendium evidence and NEX-000173 uses the explicitly approved 02150 static-balance proxy,https://pacompendium.com/adult-compendium/
NEX-000006,REX-000055,APPROVED,DOMAIN_APPROVED,false,true,DATA_OWNER_APPROVAL,2026-08-24T00:00:00+09:00,USER_ATTESTED_DOMAIN_REVIEW; all 102 MET mappings reviewed by the data owner; existing values retain their row-level Compendium evidence and NEX-000173 uses the explicitly approved 02150 static-balance proxy,https://pacompendium.com/adult-compendium/
NEX-000007,REX-000080,APPROVED,DOMAIN_APPROVED,false,true,DATA_OWNER_APPROVAL,2026-08-24T00:00:00+09:00,USER_ATTESTED_DOMAIN_REVIEW; all 102 MET mappings reviewed by the data owner; existing values retain their row-level Compendium evidence and NEX-000173 uses the explicitly approved 02150 static-balance proxy,https://pacompendium.com/adult-compendium/
NEX-000008,REX-000047,APPROVED,DOMAIN_APPROVED,false,true,DATA_OWNER_APPROVAL,2026-08-24T00:00:00+09:00,USER_ATTESTED_DOMAIN_REVIEW; all 102 MET mappings reviewed by the data owner; existing values retain their row-level Compendium evidence and NEX-000173 uses the explicitly approved 02150 static-balance proxy,https://pacompendium.com/adult-compendium/
NEX-000009,REX-000007,APPROVED,DOMAIN_APPROVED,false,true,DATA_OWNER_APPROVAL,2026-08-24T00:00:00+09:00,USER_ATTESTED_DOMAIN_REVIEW; all 102 MET mappings reviewed by the data owner; existing values retain their row-level Compendium evidence and NEX-000173 uses the explicitly approved 02150 static-balance proxy,https://pacompendium.com/adult-compendium/
NEX-000010,REX-000102,APPROVED,DOMAIN_APPROVED,false,true,DATA_OWNER_APPROVAL,2026-08-24T00:00:00+09:00,USER_ATTESTED_DOMAIN_REVIEW; all 102 MET mappings reviewed by the data owner; existing values retain their row-level Compendium evidence and NEX-000173 uses the explicitly approved 02150 static-balance proxy,https://pacompendium.com/adult-compendium/
NEX-000011,REX-000012,APPROVED,DOMAIN_APPROVED,false,true,DATA_OWNER_APPROVAL,2026-08-24T00:00:00+09:00,USER_ATTESTED_DOMAIN_REVIEW; all 102 MET mappings reviewed by the data owner; existing values retain their row-level Compendium evidence and NEX-000173 uses the explicitly approved 02150 static-balance proxy,https://pacompendium.com/adult-compendium/
NEX-000012,REX-000018,APPROVED,DOMAIN_APPROVED,false,true,DATA_OWNER_APPROVAL,2026-08-24T00:00:00+09:00,USER_ATTESTED_DOMAIN_REVIEW; all 102 MET mappings reviewed by the data owner; existing values retain their row-level Compendium evidence and NEX-000173 uses the explicitly approved 02150 static-balance proxy,https://pacompendium.com/adult-compendium/
NEX-000013,REX-000079,APPROVED,DOMAIN_APPROVED,false,true,DATA_OWNER_APPROVAL,2026-08-24T00:00:00+09:00,USER_ATTESTED_DOMAIN_REVIEW; all 102 MET mappings reviewed by the data owner; existing values retain their row-level Compendium evidence and NEX-000173 uses the explicitly approved 02150 static-balance proxy,https://pacompendium.com/adult-compendium/
NEX-000014,REX-000079,APPROVED,DOMAIN_APPROVED,false,true,DATA_OWNER_APPROVAL,2026-08-24T00:00:00+09:00,USER_ATTESTED_DOMAIN_REVIEW; all 102 MET mappings reviewed by the data owner; existing values retain their row-level Compendium evidence and NEX-000173 uses the explicitly approved 02150 static-balance proxy,https://pacompendium.com/adult-compendium/
NEX-000015,REX-000079,APPROVED,DOMAIN_APPROVED,false,true,DATA_OWNER_APPROVAL,2026-08-24T00:00:00+09:00,USER_ATTESTED_DOMAIN_REVIEW; all 102 MET mappings reviewed by the data owner; existing values retain their row-level Compendium evidence and NEX-000173 uses the explicitly approved 02150 static-balance proxy,https://pacompendium.com/adult-compendium/
NEX-000016,REX-000018,APPROVED,DOMAIN_APPROVED,false,true,DATA_OWNER_APPROVAL,2026-08-24T00:00:00+09:00,USER_ATTESTED_DOMAIN_REVIEW; all 102 MET mappings reviewed by the data owner; existing values retain their row-level Compendium evidence and NEX-000173 uses the explicitly approved 02150 static-balance proxy,https://pacompendium.com/adult-compendium/
NEX-000017,REX-000018,APPROVED,DOMAIN_APPROVED,false,true,DATA_OWNER_APPROVAL,2026-08-24T00:00:00+09:00,USER_ATTESTED_DOMAIN_REVIEW; all 102 MET mappings reviewed by the data owner; existing values retain their row-level Compendium evidence and NEX-000173 uses the explicitly approved 02150 static-balance proxy,https://pacompendium.com/adult-compendium/
NEX-000018,REX-000006,APPROVED,DOMAIN_APPROVED,false,true,DATA_OWNER_APPROVAL,2026-08-24T00:00:00+09:00,USER_ATTESTED_DOMAIN_REVIEW; all 102 MET mappings reviewed by the data owner; existing values retain their row-level Compendium evidence and NEX-000173 uses the explicitly approved 02150 static-balance proxy,https://pacompendium.com/adult-compendium/
NEX-000019,REX-000018,APPROVED,DOMAIN_APPROVED,false,true,DATA_OWNER_APPROVAL,2026-08-24T00:00:00+09:00,USER_ATTESTED_DOMAIN_REVIEW; all 102 MET mappings reviewed by the data owner; existing values retain their row-level Compendium evidence and NEX-000173 uses the explicitly approved 02150 static-balance proxy,https://pacompendium.com/adult-compendium/
NEX-000020,REX-000040,APPROVED,DOMAIN_APPROVED,false,true,DATA_OWNER_APPROVAL,2026-08-24T00:00:00+09:00,USER_ATTESTED_DOMAIN_REVIEW; all 102 MET mappings reviewed by the data owner; existing values retain their row-level Compendium evidence and NEX-000173 uses the explicitly approved 02150 static-balance proxy,https://pacompendium.com/adult-compendium/
NEX-000021,REX-000019,APPROVED,DOMAIN_APPROVED,false,true,DATA_OWNER_APPROVAL,2026-08-24T00:00:00+09:00,USER_ATTESTED_DOMAIN_REVIEW; all 102 MET mappings reviewed by the data owner; existing values retain their row-level Compendium evidence and NEX-000173 uses the explicitly approved 02150 static-balance proxy,https://pacompendium.com/adult-compendium/
NEX-000022,REX-000079,APPROVED,DOMAIN_APPROVED,false,true,DATA_OWNER_APPROVAL,2026-08-24T00:00:00+09:00,USER_ATTESTED_DOMAIN_REVIEW; all 102 MET mappings reviewed by the data owner; existing values retain their row-level Compendium evidence and NEX-000173 uses the explicitly approved 02150 static-balance proxy,https://pacompendium.com/adult-compendium/
NEX-000023,REX-000014,APPROVED,DOMAIN_APPROVED,false,true,DATA_OWNER_APPROVAL,2026-08-24T00:00:00+09:00,USER_ATTESTED_DOMAIN_REVIEW; all 102 MET mappings reviewed by the data owner; existing values retain their row-level Compendium evidence and NEX-000173 uses the explicitly approved 02150 static-balance proxy,https://pacompendium.com/adult-compendium/
NEX-000024,REX-000079,APPROVED,DOMAIN_APPROVED,false,true,DATA_OWNER_APPROVAL,2026-08-24T00:00:00+09:00,USER_ATTESTED_DOMAIN_REVIEW; all 102 MET mappings reviewed by the data owner; existing values retain their row-level Compendium evidence and NEX-000173 uses the explicitly approved 02150 static-balance proxy,https://pacompendium.com/adult-compendium/
NEX-000025,REX-000029,APPROVED,DOMAIN_APPROVED,false,true,DATA_OWNER_APPROVAL,2026-08-24T00:00:00+09:00,USER_ATTESTED_DOMAIN_REVIEW; all 102 MET mappings reviewed by the data owner; existing values retain their row-level Compendium evidence and NEX-000173 uses the explicitly approved 02150 static-balance proxy,https://pacompendium.com/adult-compendium/
NEX-000026,REX-000018,APPROVED,DOMAIN_APPROVED,false,true,DATA_OWNER_APPROVAL,2026-08-24T00:00:00+09:00,USER_ATTESTED_DOMAIN_REVIEW; all 102 MET mappings reviewed by the data owner; existing values retain their row-level Compendium evidence and NEX-000173 uses the explicitly approved 02150 static-balance proxy,https://pacompendium.com/adult-compendium/
NEX-000027,REX-000013,APPROVED,DOMAIN_APPROVED,false,true,DATA_OWNER_APPROVAL,2026-08-24T00:00:00+09:00,USER_ATTESTED_DOMAIN_REVIEW; all 102 MET mappings reviewed by the data owner; existing values retain their row-level Compendium evidence and NEX-000173 uses the explicitly approved 02150 static-balance proxy,https://pacompendium.com/adult-compendium/
NEX-000028,REX-000022,APPROVED,DOMAIN_APPROVED,false,true,DATA_OWNER_APPROVAL,2026-08-24T00:00:00+09:00,USER_ATTESTED_DOMAIN_REVIEW; all 102 MET mappings reviewed by the data owner; existing values retain their row-level Compendium evidence and NEX-000173 uses the explicitly approved 02150 static-balance proxy,https://pacompendium.com/adult-compendium/
NEX-000029,REX-000009,APPROVED,DOMAIN_APPROVED,false,true,DATA_OWNER_APPROVAL,2026-08-24T00:00:00+09:00,USER_ATTESTED_DOMAIN_REVIEW; all 102 MET mappings reviewed by the data owner; existing values retain their row-level Compendium evidence and NEX-000173 uses the explicitly approved 02150 static-balance proxy,https://pacompendium.com/adult-compendium/
NEX-000030,REX-000024,APPROVED,DOMAIN_APPROVED,false,true,DATA_OWNER_APPROVAL,2026-08-24T00:00:00+09:00,USER_ATTESTED_DOMAIN_REVIEW; all 102 MET mappings reviewed by the data owner; existing values retain their row-level Compendium evidence and NEX-000173 uses the explicitly approved 02150 static-balance proxy,https://pacompendium.com/adult-compendium/
NEX-000031,REX-000009,APPROVED,DOMAIN_APPROVED,false,true,DATA_OWNER_APPROVAL,2026-08-24T00:00:00+09:00,USER_ATTESTED_DOMAIN_REVIEW; all 102 MET mappings reviewed by the data owner; existing values retain their row-level Compendium evidence and NEX-000173 uses the explicitly approved 02150 static-balance proxy,https://pacompendium.com/adult-compendium/
NEX-000032,REX-000004,APPROVED,DOMAIN_APPROVED,false,true,DATA_OWNER_APPROVAL,2026-08-24T00:00:00+09:00,USER_ATTESTED_DOMAIN_REVIEW; all 102 MET mappings reviewed by the data owner; existing values retain their row-level Compendium evidence and NEX-000173 uses the explicitly approved 02150 static-balance proxy,https://pacompendium.com/adult-compendium/
NEX-000033,REX-000029,APPROVED,DOMAIN_APPROVED,false,true,DATA_OWNER_APPROVAL,2026-08-24T00:00:00+09:00,USER_ATTESTED_DOMAIN_REVIEW; all 102 MET mappings reviewed by the data owner; existing values retain their row-level Compendium evidence and NEX-000173 uses the explicitly approved 02150 static-balance proxy,https://pacompendium.com/adult-compendium/
NEX-000034,REX-000029,APPROVED,DOMAIN_APPROVED,false,true,DATA_OWNER_APPROVAL,2026-08-24T00:00:00+09:00,USER_ATTESTED_DOMAIN_REVIEW; all 102 MET mappings reviewed by the data owner; existing values retain their row-level Compendium evidence and NEX-000173 uses the explicitly approved 02150 static-balance proxy,https://pacompendium.com/adult-compendium/
NEX-000035,REX-000005,APPROVED,DOMAIN_APPROVED,false,true,DATA_OWNER_APPROVAL,2026-08-24T00:00:00+09:00,USER_ATTESTED_DOMAIN_REVIEW; all 102 MET mappings reviewed by the data owner; existing values retain their row-level Compendium evidence and NEX-000173 uses the explicitly approved 02150 static-balance proxy,https://pacompendium.com/adult-compendium/
NEX-000036,REX-000005,APPROVED,DOMAIN_APPROVED,false,true,DATA_OWNER_APPROVAL,2026-08-24T00:00:00+09:00,USER_ATTESTED_DOMAIN_REVIEW; all 102 MET mappings reviewed by the data owner; existing values retain their row-level Compendium evidence and NEX-000173 uses the explicitly approved 02150 static-balance proxy,https://pacompendium.com/adult-compendium/
NEX-000037,REX-000028,APPROVED,DOMAIN_APPROVED,false,true,DATA_OWNER_APPROVAL,2026-08-24T00:00:00+09:00,USER_ATTESTED_DOMAIN_REVIEW; all 102 MET mappings reviewed by the data owner; existing values retain their row-level Compendium evidence and NEX-000173 uses the explicitly approved 02150 static-balance proxy,https://pacompendium.com/adult-compendium/
NEX-000038,REX-000029,APPROVED,DOMAIN_APPROVED,false,true,DATA_OWNER_APPROVAL,2026-08-24T00:00:00+09:00,USER_ATTESTED_DOMAIN_REVIEW; all 102 MET mappings reviewed by the data owner; existing values retain their row-level Compendium evidence and NEX-000173 uses the explicitly approved 02150 static-balance proxy,https://pacompendium.com/adult-compendium/
NEX-000039,REX-000026,APPROVED,DOMAIN_APPROVED,false,true,DATA_OWNER_APPROVAL,2026-08-24T00:00:00+09:00,USER_ATTESTED_DOMAIN_REVIEW; all 102 MET mappings reviewed by the data owner; existing values retain their row-level Compendium evidence and NEX-000173 uses the explicitly approved 02150 static-balance proxy,https://pacompendium.com/adult-compendium/
NEX-000040,REX-000005,APPROVED,DOMAIN_APPROVED,false,true,DATA_OWNER_APPROVAL,2026-08-24T00:00:00+09:00,USER_ATTESTED_DOMAIN_REVIEW; all 102 MET mappings reviewed by the data owner; existing values retain their row-level Compendium evidence and NEX-000173 uses the explicitly approved 02150 static-balance proxy,https://pacompendium.com/adult-compendium/
NEX-000041,REX-000010,APPROVED,DOMAIN_APPROVED,false,true,DATA_OWNER_APPROVAL,2026-08-24T00:00:00+09:00,USER_ATTESTED_DOMAIN_REVIEW; all 102 MET mappings reviewed by the data owner; existing values retain their row-level Compendium evidence and NEX-000173 uses the explicitly approved 02150 static-balance proxy,https://pacompendium.com/adult-compendium/
NEX-000042,REX-000028,APPROVED,DOMAIN_APPROVED,false,true,DATA_OWNER_APPROVAL,2026-08-24T00:00:00+09:00,USER_ATTESTED_DOMAIN_REVIEW; all 102 MET mappings reviewed by the data owner; existing values retain their row-level Compendium evidence and NEX-000173 uses the explicitly approved 02150 static-balance proxy,https://pacompendium.com/adult-compendium/
NEX-000043,REX-000086,APPROVED,DOMAIN_APPROVED,false,true,DATA_OWNER_APPROVAL,2026-08-24T00:00:00+09:00,USER_ATTESTED_DOMAIN_REVIEW; all 102 MET mappings reviewed by the data owner; existing values retain their row-level Compendium evidence and NEX-000173 uses the explicitly approved 02150 static-balance proxy,https://pacompendium.com/adult-compendium/
NEX-000044,REX-000086,APPROVED,DOMAIN_APPROVED,false,true,DATA_OWNER_APPROVAL,2026-08-24T00:00:00+09:00,USER_ATTESTED_DOMAIN_REVIEW; all 102 MET mappings reviewed by the data owner; existing values retain their row-level Compendium evidence and NEX-000173 uses the explicitly approved 02150 static-balance proxy,https://pacompendium.com/adult-compendium/
NEX-000045,REX-000055,APPROVED,DOMAIN_APPROVED,false,true,DATA_OWNER_APPROVAL,2026-08-24T00:00:00+09:00,USER_ATTESTED_DOMAIN_REVIEW; all 102 MET mappings reviewed by the data owner; existing values retain their row-level Compendium evidence and NEX-000173 uses the explicitly approved 02150 static-balance proxy,https://pacompendium.com/adult-compendium/
NEX-000046,REX-000102,APPROVED,DOMAIN_APPROVED,false,true,DATA_OWNER_APPROVAL,2026-08-24T00:00:00+09:00,USER_ATTESTED_DOMAIN_REVIEW; all 102 MET mappings reviewed by the data owner; existing values retain their row-level Compendium evidence and NEX-000173 uses the explicitly approved 02150 static-balance proxy,https://pacompendium.com/adult-compendium/
NEX-000047,REX-000027,APPROVED,DOMAIN_APPROVED,false,true,DATA_OWNER_APPROVAL,2026-08-24T00:00:00+09:00,USER_ATTESTED_DOMAIN_REVIEW; all 102 MET mappings reviewed by the data owner; existing values retain their row-level Compendium evidence and NEX-000173 uses the explicitly approved 02150 static-balance proxy,https://pacompendium.com/adult-compendium/
NEX-000048,REX-000028,APPROVED,DOMAIN_APPROVED,false,true,DATA_OWNER_APPROVAL,2026-08-24T00:00:00+09:00,USER_ATTESTED_DOMAIN_REVIEW; all 102 MET mappings reviewed by the data owner; existing values retain their row-level Compendium evidence and NEX-000173 uses the explicitly approved 02150 static-balance proxy,https://pacompendium.com/adult-compendium/
NEX-000049,REX-000028,APPROVED,DOMAIN_APPROVED,false,true,DATA_OWNER_APPROVAL,2026-08-24T00:00:00+09:00,USER_ATTESTED_DOMAIN_REVIEW; all 102 MET mappings reviewed by the data owner; existing values retain their row-level Compendium evidence and NEX-000173 uses the explicitly approved 02150 static-balance proxy,https://pacompendium.com/adult-compendium/
NEX-000050,REX-000028,APPROVED,DOMAIN_APPROVED,false,true,DATA_OWNER_APPROVAL,2026-08-24T00:00:00+09:00,USER_ATTESTED_DOMAIN_REVIEW; all 102 MET mappings reviewed by the data owner; existing values retain their row-level Compendium evidence and NEX-000173 uses the explicitly approved 02150 static-balance proxy,https://pacompendium.com/adult-compendium/
NEX-000051,REX-000010,APPROVED,DOMAIN_APPROVED,false,true,DATA_OWNER_APPROVAL,2026-08-24T00:00:00+09:00,USER_ATTESTED_DOMAIN_REVIEW; all 102 MET mappings reviewed by the data owner; existing values retain their row-level Compendium evidence and NEX-000173 uses the explicitly approved 02150 static-balance proxy,https://pacompendium.com/adult-compendium/
NEX-000052,REX-000055,APPROVED,DOMAIN_APPROVED,false,true,DATA_OWNER_APPROVAL,2026-08-24T00:00:00+09:00,USER_ATTESTED_DOMAIN_REVIEW; all 102 MET mappings reviewed by the data owner; existing values retain their row-level Compendium evidence and NEX-000173 uses the explicitly approved 02150 static-balance proxy,https://pacompendium.com/adult-compendium/
NEX-000053,REX-000005,APPROVED,DOMAIN_APPROVED,false,true,DATA_OWNER_APPROVAL,2026-08-24T00:00:00+09:00,USER_ATTESTED_DOMAIN_REVIEW; all 102 MET mappings reviewed by the data owner; existing values retain their row-level Compendium evidence and NEX-000173 uses the explicitly approved 02150 static-balance proxy,https://pacompendium.com/adult-compendium/
NEX-000054,REX-000027,APPROVED,DOMAIN_APPROVED,false,true,DATA_OWNER_APPROVAL,2026-08-24T00:00:00+09:00,USER_ATTESTED_DOMAIN_REVIEW; all 102 MET mappings reviewed by the data owner; existing values retain their row-level Compendium evidence and NEX-000173 uses the explicitly approved 02150 static-balance proxy,https://pacompendium.com/adult-compendium/
NEX-000055,REX-000086,APPROVED,DOMAIN_APPROVED,false,true,DATA_OWNER_APPROVAL,2026-08-24T00:00:00+09:00,USER_ATTESTED_DOMAIN_REVIEW; all 102 MET mappings reviewed by the data owner; existing values retain their row-level Compendium evidence and NEX-000173 uses the explicitly approved 02150 static-balance proxy,https://pacompendium.com/adult-compendium/
NEX-000056,REX-000086,APPROVED,DOMAIN_APPROVED,false,true,DATA_OWNER_APPROVAL,2026-08-24T00:00:00+09:00,USER_ATTESTED_DOMAIN_REVIEW; all 102 MET mappings reviewed by the data owner; existing values retain their row-level Compendium evidence and NEX-000173 uses the explicitly approved 02150 static-balance proxy,https://pacompendium.com/adult-compendium/
NEX-000057,REX-000029,APPROVED,DOMAIN_APPROVED,false,true,DATA_OWNER_APPROVAL,2026-08-24T00:00:00+09:00,USER_ATTESTED_DOMAIN_REVIEW; all 102 MET mappings reviewed by the data owner; existing values retain their row-level Compendium evidence and NEX-000173 uses the explicitly approved 02150 static-balance proxy,https://pacompendium.com/adult-compendium/
NEX-000058,REX-000016,APPROVED,DOMAIN_APPROVED,false,true,DATA_OWNER_APPROVAL,2026-08-24T00:00:00+09:00,USER_ATTESTED_DOMAIN_REVIEW; all 102 MET mappings reviewed by the data owner; existing values retain their row-level Compendium evidence and NEX-000173 uses the explicitly approved 02150 static-balance proxy,https://pacompendium.com/adult-compendium/
NEX-000059,REX-000030,APPROVED,DOMAIN_APPROVED,false,true,DATA_OWNER_APPROVAL,2026-08-24T00:00:00+09:00,USER_ATTESTED_DOMAIN_REVIEW; all 102 MET mappings reviewed by the data owner; existing values retain their row-level Compendium evidence and NEX-000173 uses the explicitly approved 02150 static-balance proxy,https://pacompendium.com/adult-compendium/
NEX-000060,REX-000027,APPROVED,DOMAIN_APPROVED,false,true,DATA_OWNER_APPROVAL,2026-08-24T00:00:00+09:00,USER_ATTESTED_DOMAIN_REVIEW; all 102 MET mappings reviewed by the data owner; existing values retain their row-level Compendium evidence and NEX-000173 uses the explicitly approved 02150 static-balance proxy,https://pacompendium.com/adult-compendium/
NEX-000061,REX-000007,APPROVED,DOMAIN_APPROVED,false,true,DATA_OWNER_APPROVAL,2026-08-24T00:00:00+09:00,USER_ATTESTED_DOMAIN_REVIEW; all 102 MET mappings reviewed by the data owner; existing values retain their row-level Compendium evidence and NEX-000173 uses the explicitly approved 02150 static-balance proxy,https://pacompendium.com/adult-compendium/
NEX-000062,REX-000007,APPROVED,DOMAIN_APPROVED,false,true,DATA_OWNER_APPROVAL,2026-08-24T00:00:00+09:00,USER_ATTESTED_DOMAIN_REVIEW; all 102 MET mappings reviewed by the data owner; existing values retain their row-level Compendium evidence and NEX-000173 uses the explicitly approved 02150 static-balance proxy,https://pacompendium.com/adult-compendium/
NEX-000063,REX-000051,APPROVED,DOMAIN_APPROVED,false,true,DATA_OWNER_APPROVAL,2026-08-24T00:00:00+09:00,USER_ATTESTED_DOMAIN_REVIEW; all 102 MET mappings reviewed by the data owner; existing values retain their row-level Compendium evidence and NEX-000173 uses the explicitly approved 02150 static-balance proxy,https://pacompendium.com/adult-compendium/
NEX-000064,REX-000008,APPROVED,DOMAIN_APPROVED,false,true,DATA_OWNER_APPROVAL,2026-08-24T00:00:00+09:00,USER_ATTESTED_DOMAIN_REVIEW; all 102 MET mappings reviewed by the data owner; existing values retain their row-level Compendium evidence and NEX-000173 uses the explicitly approved 02150 static-balance proxy,https://pacompendium.com/adult-compendium/
NEX-000065,REX-000083,APPROVED,DOMAIN_APPROVED,false,true,DATA_OWNER_APPROVAL,2026-08-24T00:00:00+09:00,USER_ATTESTED_DOMAIN_REVIEW; all 102 MET mappings reviewed by the data owner; existing values retain their row-level Compendium evidence and NEX-000173 uses the explicitly approved 02150 static-balance proxy,https://pacompendium.com/adult-compendium/
NEX-000066,REX-000038,APPROVED,DOMAIN_APPROVED,false,true,DATA_OWNER_APPROVAL,2026-08-24T00:00:00+09:00,USER_ATTESTED_DOMAIN_REVIEW; all 102 MET mappings reviewed by the data owner; existing values retain their row-level Compendium evidence and NEX-000173 uses the explicitly approved 02150 static-balance proxy,https://pacompendium.com/adult-compendium/
NEX-000067,REX-000038,APPROVED,DOMAIN_APPROVED,false,true,DATA_OWNER_APPROVAL,2026-08-24T00:00:00+09:00,USER_ATTESTED_DOMAIN_REVIEW; all 102 MET mappings reviewed by the data owner; existing values retain their row-level Compendium evidence and NEX-000173 uses the explicitly approved 02150 static-balance proxy,https://pacompendium.com/adult-compendium/
NEX-000068,REX-000010,APPROVED,DOMAIN_APPROVED,false,true,DATA_OWNER_APPROVAL,2026-08-24T00:00:00+09:00,USER_ATTESTED_DOMAIN_REVIEW; all 102 MET mappings reviewed by the data owner; existing values retain their row-level Compendium evidence and NEX-000173 uses the explicitly approved 02150 static-balance proxy,https://pacompendium.com/adult-compendium/
NEX-000069,REX-000044,APPROVED,DOMAIN_APPROVED,false,true,DATA_OWNER_APPROVAL,2026-08-24T00:00:00+09:00,USER_ATTESTED_DOMAIN_REVIEW; all 102 MET mappings reviewed by the data owner; existing values retain their row-level Compendium evidence and NEX-000173 uses the explicitly approved 02150 static-balance proxy,https://pacompendium.com/adult-compendium/
NEX-000070,REX-000080,APPROVED,DOMAIN_APPROVED,false,true,DATA_OWNER_APPROVAL,2026-08-24T00:00:00+09:00,USER_ATTESTED_DOMAIN_REVIEW; all 102 MET mappings reviewed by the data owner; existing values retain their row-level Compendium evidence and NEX-000173 uses the explicitly approved 02150 static-balance proxy,https://pacompendium.com/adult-compendium/
NEX-000071,REX-000083,APPROVED,DOMAIN_APPROVED,false,true,DATA_OWNER_APPROVAL,2026-08-24T00:00:00+09:00,USER_ATTESTED_DOMAIN_REVIEW; all 102 MET mappings reviewed by the data owner; existing values retain their row-level Compendium evidence and NEX-000173 uses the explicitly approved 02150 static-balance proxy,https://pacompendium.com/adult-compendium/
NEX-000072,REX-000088,APPROVED,DOMAIN_APPROVED,false,true,DATA_OWNER_APPROVAL,2026-08-24T00:00:00+09:00,USER_ATTESTED_DOMAIN_REVIEW; all 102 MET mappings reviewed by the data owner; existing values retain their row-level Compendium evidence and NEX-000173 uses the explicitly approved 02150 static-balance proxy,https://pacompendium.com/adult-compendium/
NEX-000073,REX-000048,APPROVED,DOMAIN_APPROVED,false,true,DATA_OWNER_APPROVAL,2026-08-24T00:00:00+09:00,USER_ATTESTED_DOMAIN_REVIEW; all 102 MET mappings reviewed by the data owner; existing values retain their row-level Compendium evidence and NEX-000173 uses the explicitly approved 02150 static-balance proxy,https://pacompendium.com/adult-compendium/
NEX-000074,REX-000052,APPROVED,DOMAIN_APPROVED,false,true,DATA_OWNER_APPROVAL,2026-08-24T00:00:00+09:00,USER_ATTESTED_DOMAIN_REVIEW; all 102 MET mappings reviewed by the data owner; existing values retain their row-level Compendium evidence and NEX-000173 uses the explicitly approved 02150 static-balance proxy,https://pacompendium.com/adult-compendium/
NEX-000075,REX-000053,APPROVED,DOMAIN_APPROVED,false,true,DATA_OWNER_APPROVAL,2026-08-24T00:00:00+09:00,USER_ATTESTED_DOMAIN_REVIEW; all 102 MET mappings reviewed by the data owner; existing values retain their row-level Compendium evidence and NEX-000173 uses the explicitly approved 02150 static-balance proxy,https://pacompendium.com/adult-compendium/
NEX-000076,REX-000062,APPROVED,DOMAIN_APPROVED,false,true,DATA_OWNER_APPROVAL,2026-08-24T00:00:00+09:00,USER_ATTESTED_DOMAIN_REVIEW; all 102 MET mappings reviewed by the data owner; existing values retain their row-level Compendium evidence and NEX-000173 uses the explicitly approved 02150 static-balance proxy,https://pacompendium.com/adult-compendium/
NEX-000077,REX-000014,APPROVED,DOMAIN_APPROVED,false,true,DATA_OWNER_APPROVAL,2026-08-24T00:00:00+09:00,USER_ATTESTED_DOMAIN_REVIEW; all 102 MET mappings reviewed by the data owner; existing values retain their row-level Compendium evidence and NEX-000173 uses the explicitly approved 02150 static-balance proxy,https://pacompendium.com/adult-compendium/
NEX-000078,REX-000078,APPROVED,DOMAIN_APPROVED,false,true,DATA_OWNER_APPROVAL,2026-08-24T00:00:00+09:00,USER_ATTESTED_DOMAIN_REVIEW; all 102 MET mappings reviewed by the data owner; existing values retain their row-level Compendium evidence and NEX-000173 uses the explicitly approved 02150 static-balance proxy,https://pacompendium.com/adult-compendium/
NEX-000079,REX-000084,APPROVED,DOMAIN_APPROVED,false,true,DATA_OWNER_APPROVAL,2026-08-24T00:00:00+09:00,USER_ATTESTED_DOMAIN_REVIEW; all 102 MET mappings reviewed by the data owner; existing values retain their row-level Compendium evidence and NEX-000173 uses the explicitly approved 02150 static-balance proxy,https://pacompendium.com/adult-compendium/
NEX-000080,REX-000023,APPROVED,DOMAIN_APPROVED,false,true,DATA_OWNER_APPROVAL,2026-08-24T00:00:00+09:00,USER_ATTESTED_DOMAIN_REVIEW; all 102 MET mappings reviewed by the data owner; existing values retain their row-level Compendium evidence and NEX-000173 uses the explicitly approved 02150 static-balance proxy,https://pacompendium.com/adult-compendium/
NEX-000081,REX-000083,APPROVED,DOMAIN_APPROVED,false,true,DATA_OWNER_APPROVAL,2026-08-24T00:00:00+09:00,USER_ATTESTED_DOMAIN_REVIEW; all 102 MET mappings reviewed by the data owner; existing values retain their row-level Compendium evidence and NEX-000173 uses the explicitly approved 02150 static-balance proxy,https://pacompendium.com/adult-compendium/
NEX-000082,REX-000083,APPROVED,DOMAIN_APPROVED,false,true,DATA_OWNER_APPROVAL,2026-08-24T00:00:00+09:00,USER_ATTESTED_DOMAIN_REVIEW; all 102 MET mappings reviewed by the data owner; existing values retain their row-level Compendium evidence and NEX-000173 uses the explicitly approved 02150 static-balance proxy,https://pacompendium.com/adult-compendium/
NEX-000083,REX-000045,APPROVED,DOMAIN_APPROVED,false,true,DATA_OWNER_APPROVAL,2026-08-24T00:00:00+09:00,USER_ATTESTED_DOMAIN_REVIEW; all 102 MET mappings reviewed by the data owner; existing values retain their row-level Compendium evidence and NEX-000173 uses the explicitly approved 02150 static-balance proxy,https://pacompendium.com/adult-compendium/
NEX-000084,REX-000089,APPROVED,DOMAIN_APPROVED,false,true,DATA_OWNER_APPROVAL,2026-08-24T00:00:00+09:00,USER_ATTESTED_DOMAIN_REVIEW; all 102 MET mappings reviewed by the data owner; existing values retain their row-level Compendium evidence and NEX-000173 uses the explicitly approved 02150 static-balance proxy,https://pacompendium.com/adult-compendium/
NEX-000085,REX-000054,APPROVED,DOMAIN_APPROVED,false,true,DATA_OWNER_APPROVAL,2026-08-24T00:00:00+09:00,USER_ATTESTED_DOMAIN_REVIEW; all 102 MET mappings reviewed by the data owner; existing values retain their row-level Compendium evidence and NEX-000173 uses the explicitly approved 02150 static-balance proxy,https://pacompendium.com/adult-compendium/
NEX-000086,REX-000095,APPROVED,DOMAIN_APPROVED,false,true,DATA_OWNER_APPROVAL,2026-08-24T00:00:00+09:00,USER_ATTESTED_DOMAIN_REVIEW; all 102 MET mappings reviewed by the data owner; existing values retain their row-level Compendium evidence and NEX-000173 uses the explicitly approved 02150 static-balance proxy,https://pacompendium.com/adult-compendium/
NEX-000087,REX-000083,APPROVED,DOMAIN_APPROVED,false,true,DATA_OWNER_APPROVAL,2026-08-24T00:00:00+09:00,USER_ATTESTED_DOMAIN_REVIEW; all 102 MET mappings reviewed by the data owner; existing values retain their row-level Compendium evidence and NEX-000173 uses the explicitly approved 02150 static-balance proxy,https://pacompendium.com/adult-compendium/
NEX-000088,REX-000013,APPROVED,DOMAIN_APPROVED,false,true,DATA_OWNER_APPROVAL,2026-08-24T00:00:00+09:00,USER_ATTESTED_DOMAIN_REVIEW; all 102 MET mappings reviewed by the data owner; existing values retain their row-level Compendium evidence and NEX-000173 uses the explicitly approved 02150 static-balance proxy,https://pacompendium.com/adult-compendium/
NEX-000089,REX-000096,APPROVED,DOMAIN_APPROVED,false,true,DATA_OWNER_APPROVAL,2026-08-24T00:00:00+09:00,USER_ATTESTED_DOMAIN_REVIEW; all 102 MET mappings reviewed by the data owner; existing values retain their row-level Compendium evidence and NEX-000173 uses the explicitly approved 02150 static-balance proxy,https://pacompendium.com/adult-compendium/
NEX-000090,REX-000014,APPROVED,DOMAIN_APPROVED,false,true,DATA_OWNER_APPROVAL,2026-08-24T00:00:00+09:00,USER_ATTESTED_DOMAIN_REVIEW; all 102 MET mappings reviewed by the data owner; existing values retain their row-level Compendium evidence and NEX-000173 uses the explicitly approved 02150 static-balance proxy,https://pacompendium.com/adult-compendium/
NEX-000091,REX-000014,APPROVED,DOMAIN_APPROVED,false,true,DATA_OWNER_APPROVAL,2026-08-24T00:00:00+09:00,USER_ATTESTED_DOMAIN_REVIEW; all 102 MET mappings reviewed by the data owner; existing values retain their row-level Compendium evidence and NEX-000173 uses the explicitly approved 02150 static-balance proxy,https://pacompendium.com/adult-compendium/
NEX-000092,REX-000035,APPROVED,DOMAIN_APPROVED,false,true,DATA_OWNER_APPROVAL,2026-08-24T00:00:00+09:00,USER_ATTESTED_DOMAIN_REVIEW; all 102 MET mappings reviewed by the data owner; existing values retain their row-level Compendium evidence and NEX-000173 uses the explicitly approved 02150 static-balance proxy,https://pacompendium.com/adult-compendium/
NEX-000093,REX-000079,APPROVED,DOMAIN_APPROVED,false,true,DATA_OWNER_APPROVAL,2026-08-24T00:00:00+09:00,USER_ATTESTED_DOMAIN_REVIEW; all 102 MET mappings reviewed by the data owner; existing values retain their row-level Compendium evidence and NEX-000173 uses the explicitly approved 02150 static-balance proxy,https://pacompendium.com/adult-compendium/
NEX-000094,REX-000013,APPROVED,DOMAIN_APPROVED,false,true,DATA_OWNER_APPROVAL,2026-08-24T00:00:00+09:00,USER_ATTESTED_DOMAIN_REVIEW; all 102 MET mappings reviewed by the data owner; existing values retain their row-level Compendium evidence and NEX-000173 uses the explicitly approved 02150 static-balance proxy,https://pacompendium.com/adult-compendium/
NEX-000095,REX-000013,APPROVED,DOMAIN_APPROVED,false,true,DATA_OWNER_APPROVAL,2026-08-24T00:00:00+09:00,USER_ATTESTED_DOMAIN_REVIEW; all 102 MET mappings reviewed by the data owner; existing values retain their row-level Compendium evidence and NEX-000173 uses the explicitly approved 02150 static-balance proxy,https://pacompendium.com/adult-compendium/
NEX-000096,REX-000075,APPROVED,DOMAIN_APPROVED,false,true,DATA_OWNER_APPROVAL,2026-08-24T00:00:00+09:00,USER_ATTESTED_DOMAIN_REVIEW; all 102 MET mappings reviewed by the data owner; existing values retain their row-level Compendium evidence and NEX-000173 uses the explicitly approved 02150 static-balance proxy,https://pacompendium.com/adult-compendium/
NEX-000097,REX-000026,APPROVED,DOMAIN_APPROVED,false,true,DATA_OWNER_APPROVAL,2026-08-24T00:00:00+09:00,USER_ATTESTED_DOMAIN_REVIEW; all 102 MET mappings reviewed by the data owner; existing values retain their row-level Compendium evidence and NEX-000173 uses the explicitly approved 02150 static-balance proxy,https://pacompendium.com/adult-compendium/
NEX-000098,REX-000005,APPROVED,DOMAIN_APPROVED,false,true,DATA_OWNER_APPROVAL,2026-08-24T00:00:00+09:00,USER_ATTESTED_DOMAIN_REVIEW; all 102 MET mappings reviewed by the data owner; existing values retain their row-level Compendium evidence and NEX-000173 uses the explicitly approved 02150 static-balance proxy,https://pacompendium.com/adult-compendium/
NEX-000099,REX-000075,APPROVED,DOMAIN_APPROVED,false,true,DATA_OWNER_APPROVAL,2026-08-24T00:00:00+09:00,USER_ATTESTED_DOMAIN_REVIEW; all 102 MET mappings reviewed by the data owner; existing values retain their row-level Compendium evidence and NEX-000173 uses the explicitly approved 02150 static-balance proxy,https://pacompendium.com/adult-compendium/
NEX-000100,REX-000055,APPROVED,DOMAIN_APPROVED,false,true,DATA_OWNER_APPROVAL,2026-08-24T00:00:00+09:00,USER_ATTESTED_DOMAIN_REVIEW; all 102 MET mappings reviewed by the data owner; existing values retain their row-level Compendium evidence and NEX-000173 uses the explicitly approved 02150 static-balance proxy,https://pacompendium.com/adult-compendium/
NEX-000101,REX-000086,APPROVED,DOMAIN_APPROVED,false,true,DATA_OWNER_APPROVAL,2026-08-24T00:00:00+09:00,USER_ATTESTED_DOMAIN_REVIEW; all 102 MET mappings reviewed by the data owner; existing values retain their row-level Compendium evidence and NEX-000173 uses the explicitly approved 02150 static-balance proxy,https://pacompendium.com/adult-compendium/
NEX-000102,REX-000016,APPROVED,DOMAIN_APPROVED,false,true,DATA_OWNER_APPROVAL,2026-08-24T00:00:00+09:00,USER_ATTESTED_DOMAIN_REVIEW; all 102 MET mappings reviewed by the data owner; existing values retain their row-level Compendium evidence and NEX-000173 uses the explicitly approved 02150 static-balance proxy,https://pacompendium.com/adult-compendium/
NEX-000103,REX-000054,APPROVED,DOMAIN_APPROVED,false,true,DATA_OWNER_APPROVAL,2026-08-24T00:00:00+09:00,USER_ATTESTED_DOMAIN_REVIEW; all 102 MET mappings reviewed by the data owner; existing values retain their row-level Compendium evidence and NEX-000173 uses the explicitly approved 02150 static-balance proxy,https://pacompendium.com/adult-compendium/
NEX-000104,REX-000007,APPROVED,DOMAIN_APPROVED,false,true,DATA_OWNER_APPROVAL,2026-08-24T00:00:00+09:00,USER_ATTESTED_DOMAIN_REVIEW; all 102 MET mappings reviewed by the data owner; existing values retain their row-level Compendium evidence and NEX-000173 uses the explicitly approved 02150 static-balance proxy,https://pacompendium.com/adult-compendium/
NEX-000105,REX-000102,APPROVED,DOMAIN_APPROVED,false,true,DATA_OWNER_APPROVAL,2026-08-24T00:00:00+09:00,USER_ATTESTED_DOMAIN_REVIEW; all 102 MET mappings reviewed by the data owner; existing values retain their row-level Compendium evidence and NEX-000173 uses the explicitly approved 02150 static-balance proxy,https://pacompendium.com/adult-compendium/
NEX-000106,REX-000029,APPROVED,DOMAIN_APPROVED,false,true,DATA_OWNER_APPROVAL,2026-08-24T00:00:00+09:00,USER_ATTESTED_DOMAIN_REVIEW; all 102 MET mappings reviewed by the data owner; existing values retain their row-level Compendium evidence and NEX-000173 uses the explicitly approved 02150 static-balance proxy,https://pacompendium.com/adult-compendium/
NEX-000107,REX-000007,APPROVED,DOMAIN_APPROVED,false,true,DATA_OWNER_APPROVAL,2026-08-24T00:00:00+09:00,USER_ATTESTED_DOMAIN_REVIEW; all 102 MET mappings reviewed by the data owner; existing values retain their row-level Compendium evidence and NEX-000173 uses the explicitly approved 02150 static-balance proxy,https://pacompendium.com/adult-compendium/
NEX-000108,REX-000032,APPROVED,DOMAIN_APPROVED,false,true,DATA_OWNER_APPROVAL,2026-08-24T00:00:00+09:00,USER_ATTESTED_DOMAIN_REVIEW; all 102 MET mappings reviewed by the data owner; existing values retain their row-level Compendium evidence and NEX-000173 uses the explicitly approved 02150 static-balance proxy,https://pacompendium.com/adult-compendium/
NEX-000109,REX-000018,APPROVED,DOMAIN_APPROVED,false,true,DATA_OWNER_APPROVAL,2026-08-24T00:00:00+09:00,USER_ATTESTED_DOMAIN_REVIEW; all 102 MET mappings reviewed by the data owner; existing values retain their row-level Compendium evidence and NEX-000173 uses the explicitly approved 02150 static-balance proxy,https://pacompendium.com/adult-compendium/
NEX-000110,REX-000021,APPROVED,DOMAIN_APPROVED,false,true,DATA_OWNER_APPROVAL,2026-08-24T00:00:00+09:00,USER_ATTESTED_DOMAIN_REVIEW; all 102 MET mappings reviewed by the data owner; existing values retain their row-level Compendium evidence and NEX-000173 uses the explicitly approved 02150 static-balance proxy,https://pacompendium.com/adult-compendium/
NEX-000111,REX-000039,APPROVED,DOMAIN_APPROVED,false,true,DATA_OWNER_APPROVAL,2026-08-24T00:00:00+09:00,USER_ATTESTED_DOMAIN_REVIEW; all 102 MET mappings reviewed by the data owner; existing values retain their row-level Compendium evidence and NEX-000173 uses the explicitly approved 02150 static-balance proxy,https://pacompendium.com/adult-compendium/
NEX-000112,REX-000043,APPROVED,DOMAIN_APPROVED,false,true,DATA_OWNER_APPROVAL,2026-08-24T00:00:00+09:00,USER_ATTESTED_DOMAIN_REVIEW; all 102 MET mappings reviewed by the data owner; existing values retain their row-level Compendium evidence and NEX-000173 uses the explicitly approved 02150 static-balance proxy,https://pacompendium.com/adult-compendium/
NEX-000113,REX-000046,APPROVED,DOMAIN_APPROVED,false,true,DATA_OWNER_APPROVAL,2026-08-24T00:00:00+09:00,USER_ATTESTED_DOMAIN_REVIEW; all 102 MET mappings reviewed by the data owner; existing values retain their row-level Compendium evidence and NEX-000173 uses the explicitly approved 02150 static-balance proxy,https://pacompendium.com/adult-compendium/
NEX-000114,REX-000091,APPROVED,DOMAIN_APPROVED,false,true,DATA_OWNER_APPROVAL,2026-08-24T00:00:00+09:00,USER_ATTESTED_DOMAIN_REVIEW; all 102 MET mappings reviewed by the data owner; existing values retain their row-level Compendium evidence and NEX-000173 uses the explicitly approved 02150 static-balance proxy,https://pacompendium.com/adult-compendium/
NEX-000115,REX-000098,APPROVED,DOMAIN_APPROVED,false,true,DATA_OWNER_APPROVAL,2026-08-24T00:00:00+09:00,USER_ATTESTED_DOMAIN_REVIEW; all 102 MET mappings reviewed by the data owner; existing values retain their row-level Compendium evidence and NEX-000173 uses the explicitly approved 02150 static-balance proxy,https://pacompendium.com/adult-compendium/
NEX-000116,REX-000003,APPROVED,DOMAIN_APPROVED,false,true,DATA_OWNER_APPROVAL,2026-08-24T00:00:00+09:00,USER_ATTESTED_DOMAIN_REVIEW; all 102 MET mappings reviewed by the data owner; existing values retain their row-level Compendium evidence and NEX-000173 uses the explicitly approved 02150 static-balance proxy,https://pacompendium.com/adult-compendium/
NEX-000117,REX-000016,APPROVED,DOMAIN_APPROVED,false,true,DATA_OWNER_APPROVAL,2026-08-24T00:00:00+09:00,USER_ATTESTED_DOMAIN_REVIEW; all 102 MET mappings reviewed by the data owner; existing values retain their row-level Compendium evidence and NEX-000173 uses the explicitly approved 02150 static-balance proxy,https://pacompendium.com/adult-compendium/
NEX-000118,REX-000016,APPROVED,DOMAIN_APPROVED,false,true,DATA_OWNER_APPROVAL,2026-08-24T00:00:00+09:00,USER_ATTESTED_DOMAIN_REVIEW; all 102 MET mappings reviewed by the data owner; existing values retain their row-level Compendium evidence and NEX-000173 uses the explicitly approved 02150 static-balance proxy,https://pacompendium.com/adult-compendium/
NEX-000119,REX-000099,APPROVED,DOMAIN_APPROVED,false,true,DATA_OWNER_APPROVAL,2026-08-24T00:00:00+09:00,USER_ATTESTED_DOMAIN_REVIEW; all 102 MET mappings reviewed by the data owner; existing values retain their row-level Compendium evidence and NEX-000173 uses the explicitly approved 02150 static-balance proxy,https://pacompendium.com/adult-compendium/
NEX-000120,REX-000080,APPROVED,DOMAIN_APPROVED,false,true,DATA_OWNER_APPROVAL,2026-08-24T00:00:00+09:00,USER_ATTESTED_DOMAIN_REVIEW; all 102 MET mappings reviewed by the data owner; existing values retain their row-level Compendium evidence and NEX-000173 uses the explicitly approved 02150 static-balance proxy,https://pacompendium.com/adult-compendium/
NEX-000121,REX-000016,APPROVED,DOMAIN_APPROVED,false,true,DATA_OWNER_APPROVAL,2026-08-24T00:00:00+09:00,USER_ATTESTED_DOMAIN_REVIEW; all 102 MET mappings reviewed by the data owner; existing values retain their row-level Compendium evidence and NEX-000173 uses the explicitly approved 02150 static-balance proxy,https://pacompendium.com/adult-compendium/
NEX-000122,REX-000016,APPROVED,DOMAIN_APPROVED,false,true,DATA_OWNER_APPROVAL,2026-08-24T00:00:00+09:00,USER_ATTESTED_DOMAIN_REVIEW; all 102 MET mappings reviewed by the data owner; existing values retain their row-level Compendium evidence and NEX-000173 uses the explicitly approved 02150 static-balance proxy,https://pacompendium.com/adult-compendium/
NEX-000123,REX-000050,APPROVED,DOMAIN_APPROVED,false,true,DATA_OWNER_APPROVAL,2026-08-24T00:00:00+09:00,USER_ATTESTED_DOMAIN_REVIEW; all 102 MET mappings reviewed by the data owner; existing values retain their row-level Compendium evidence and NEX-000173 uses the explicitly approved 02150 static-balance proxy,https://pacompendium.com/adult-compendium/
NEX-000124,REX-000081,APPROVED,DOMAIN_APPROVED,false,true,DATA_OWNER_APPROVAL,2026-08-24T00:00:00+09:00,USER_ATTESTED_DOMAIN_REVIEW; all 102 MET mappings reviewed by the data owner; existing values retain their row-level Compendium evidence and NEX-000173 uses the explicitly approved 02150 static-balance proxy,https://pacompendium.com/adult-compendium/
NEX-000125,REX-000045,APPROVED,DOMAIN_APPROVED,false,true,DATA_OWNER_APPROVAL,2026-08-24T00:00:00+09:00,USER_ATTESTED_DOMAIN_REVIEW; all 102 MET mappings reviewed by the data owner; existing values retain their row-level Compendium evidence and NEX-000173 uses the explicitly approved 02150 static-balance proxy,https://pacompendium.com/adult-compendium/
NEX-000126,REX-000082,APPROVED,DOMAIN_APPROVED,false,true,DATA_OWNER_APPROVAL,2026-08-24T00:00:00+09:00,USER_ATTESTED_DOMAIN_REVIEW; all 102 MET mappings reviewed by the data owner; existing values retain their row-level Compendium evidence and NEX-000173 uses the explicitly approved 02150 static-balance proxy,https://pacompendium.com/adult-compendium/
NEX-000127,REX-000101,APPROVED,DOMAIN_APPROVED,false,true,DATA_OWNER_APPROVAL,2026-08-24T00:00:00+09:00,USER_ATTESTED_DOMAIN_REVIEW; all 102 MET mappings reviewed by the data owner; existing values retain their row-level Compendium evidence and NEX-000173 uses the explicitly approved 02150 static-balance proxy,https://pacompendium.com/adult-compendium/
NEX-000128,REX-000010,APPROVED,DOMAIN_APPROVED,false,true,DATA_OWNER_APPROVAL,2026-08-24T00:00:00+09:00,USER_ATTESTED_DOMAIN_REVIEW; all 102 MET mappings reviewed by the data owner; existing values retain their row-level Compendium evidence and NEX-000173 uses the explicitly approved 02150 static-balance proxy,https://pacompendium.com/adult-compendium/
NEX-000129,REX-000017,APPROVED,DOMAIN_APPROVED,false,true,DATA_OWNER_APPROVAL,2026-08-24T00:00:00+09:00,USER_ATTESTED_DOMAIN_REVIEW; all 102 MET mappings reviewed by the data owner; existing values retain their row-level Compendium evidence and NEX-000173 uses the explicitly approved 02150 static-balance proxy,https://pacompendium.com/adult-compendium/
NEX-000130,REX-000034,APPROVED,DOMAIN_APPROVED,false,true,DATA_OWNER_APPROVAL,2026-08-24T00:00:00+09:00,USER_ATTESTED_DOMAIN_REVIEW; all 102 MET mappings reviewed by the data owner; existing values retain their row-level Compendium evidence and NEX-000173 uses the explicitly approved 02150 static-balance proxy,https://pacompendium.com/adult-compendium/
NEX-000131,REX-000002,APPROVED,DOMAIN_APPROVED,false,true,DATA_OWNER_APPROVAL,2026-08-24T00:00:00+09:00,USER_ATTESTED_DOMAIN_REVIEW; all 102 MET mappings reviewed by the data owner; existing values retain their row-level Compendium evidence and NEX-000173 uses the explicitly approved 02150 static-balance proxy,https://pacompendium.com/adult-compendium/
NEX-000132,REX-000020,APPROVED,DOMAIN_APPROVED,false,true,DATA_OWNER_APPROVAL,2026-08-24T00:00:00+09:00,USER_ATTESTED_DOMAIN_REVIEW; all 102 MET mappings reviewed by the data owner; existing values retain their row-level Compendium evidence and NEX-000173 uses the explicitly approved 02150 static-balance proxy,https://pacompendium.com/adult-compendium/
NEX-000133,REX-000033,APPROVED,DOMAIN_APPROVED,false,true,DATA_OWNER_APPROVAL,2026-08-24T00:00:00+09:00,USER_ATTESTED_DOMAIN_REVIEW; all 102 MET mappings reviewed by the data owner; existing values retain their row-level Compendium evidence and NEX-000173 uses the explicitly approved 02150 static-balance proxy,https://pacompendium.com/adult-compendium/
NEX-000134,REX-000036,APPROVED,DOMAIN_APPROVED,false,true,DATA_OWNER_APPROVAL,2026-08-24T00:00:00+09:00,USER_ATTESTED_DOMAIN_REVIEW; all 102 MET mappings reviewed by the data owner; existing values retain their row-level Compendium evidence and NEX-000173 uses the explicitly approved 02150 static-balance proxy,https://pacompendium.com/adult-compendium/
NEX-000135,REX-000042,APPROVED,DOMAIN_APPROVED,false,true,DATA_OWNER_APPROVAL,2026-08-24T00:00:00+09:00,USER_ATTESTED_DOMAIN_REVIEW; all 102 MET mappings reviewed by the data owner; existing values retain their row-level Compendium evidence and NEX-000173 uses the explicitly approved 02150 static-balance proxy,https://pacompendium.com/adult-compendium/
NEX-000136,REX-000077,APPROVED,DOMAIN_APPROVED,false,true,DATA_OWNER_APPROVAL,2026-08-24T00:00:00+09:00,USER_ATTESTED_DOMAIN_REVIEW; all 102 MET mappings reviewed by the data owner; existing values retain their row-level Compendium evidence and NEX-000173 uses the explicitly approved 02150 static-balance proxy,https://pacompendium.com/adult-compendium/
NEX-000137,REX-000087,APPROVED,DOMAIN_APPROVED,false,true,DATA_OWNER_APPROVAL,2026-08-24T00:00:00+09:00,USER_ATTESTED_DOMAIN_REVIEW; all 102 MET mappings reviewed by the data owner; existing values retain their row-level Compendium evidence and NEX-000173 uses the explicitly approved 02150 static-balance proxy,https://pacompendium.com/adult-compendium/
NEX-000138,REX-000094,APPROVED,DOMAIN_APPROVED,false,true,DATA_OWNER_APPROVAL,2026-08-24T00:00:00+09:00,USER_ATTESTED_DOMAIN_REVIEW; all 102 MET mappings reviewed by the data owner; existing values retain their row-level Compendium evidence and NEX-000173 uses the explicitly approved 02150 static-balance proxy,https://pacompendium.com/adult-compendium/
NEX-000139,REX-000100,APPROVED,DOMAIN_APPROVED,false,true,DATA_OWNER_APPROVAL,2026-08-24T00:00:00+09:00,USER_ATTESTED_DOMAIN_REVIEW; all 102 MET mappings reviewed by the data owner; existing values retain their row-level Compendium evidence and NEX-000173 uses the explicitly approved 02150 static-balance proxy,https://pacompendium.com/adult-compendium/
NEX-000140,REX-000027,APPROVED,DOMAIN_APPROVED,false,true,DATA_OWNER_APPROVAL,2026-08-24T00:00:00+09:00,USER_ATTESTED_DOMAIN_REVIEW; all 102 MET mappings reviewed by the data owner; existing values retain their row-level Compendium evidence and NEX-000173 uses the explicitly approved 02150 static-balance proxy,https://pacompendium.com/adult-compendium/
NEX-000141,REX-000027,APPROVED,DOMAIN_APPROVED,false,true,DATA_OWNER_APPROVAL,2026-08-24T00:00:00+09:00,USER_ATTESTED_DOMAIN_REVIEW; all 102 MET mappings reviewed by the data owner; existing values retain their row-level Compendium evidence and NEX-000173 uses the explicitly approved 02150 static-balance proxy,https://pacompendium.com/adult-compendium/
NEX-000142,REX-000025,APPROVED,DOMAIN_APPROVED,false,true,DATA_OWNER_APPROVAL,2026-08-24T00:00:00+09:00,USER_ATTESTED_DOMAIN_REVIEW; all 102 MET mappings reviewed by the data owner; existing values retain their row-level Compendium evidence and NEX-000173 uses the explicitly approved 02150 static-balance proxy,https://pacompendium.com/adult-compendium/
NEX-000143,REX-000067,APPROVED,DOMAIN_APPROVED,false,true,DATA_OWNER_APPROVAL,2026-08-24T00:00:00+09:00,USER_ATTESTED_DOMAIN_REVIEW; all 102 MET mappings reviewed by the data owner; existing values retain their row-level Compendium evidence and NEX-000173 uses the explicitly approved 02150 static-balance proxy,https://pacompendium.com/adult-compendium/
NEX-000144,REX-000072,APPROVED,DOMAIN_APPROVED,false,true,DATA_OWNER_APPROVAL,2026-08-24T00:00:00+09:00,USER_ATTESTED_DOMAIN_REVIEW; all 102 MET mappings reviewed by the data owner; existing values retain their row-level Compendium evidence and NEX-000173 uses the explicitly approved 02150 static-balance proxy,https://pacompendium.com/adult-compendium/
NEX-000145,REX-000074,APPROVED,DOMAIN_APPROVED,false,true,DATA_OWNER_APPROVAL,2026-08-24T00:00:00+09:00,USER_ATTESTED_DOMAIN_REVIEW; all 102 MET mappings reviewed by the data owner; existing values retain their row-level Compendium evidence and NEX-000173 uses the explicitly approved 02150 static-balance proxy,https://pacompendium.com/adult-compendium/
NEX-000146,REX-000013,APPROVED,DOMAIN_APPROVED,false,true,DATA_OWNER_APPROVAL,2026-08-24T00:00:00+09:00,USER_ATTESTED_DOMAIN_REVIEW; all 102 MET mappings reviewed by the data owner; existing values retain their row-level Compendium evidence and NEX-000173 uses the explicitly approved 02150 static-balance proxy,https://pacompendium.com/adult-compendium/
NEX-000147,REX-000073,APPROVED,DOMAIN_APPROVED,false,true,DATA_OWNER_APPROVAL,2026-08-24T00:00:00+09:00,USER_ATTESTED_DOMAIN_REVIEW; all 102 MET mappings reviewed by the data owner; existing values retain their row-level Compendium evidence and NEX-000173 uses the explicitly approved 02150 static-balance proxy,https://pacompendium.com/adult-compendium/
NEX-000148,REX-000006,APPROVED,DOMAIN_APPROVED,false,true,DATA_OWNER_APPROVAL,2026-08-24T00:00:00+09:00,USER_ATTESTED_DOMAIN_REVIEW; all 102 MET mappings reviewed by the data owner; existing values retain their row-level Compendium evidence and NEX-000173 uses the explicitly approved 02150 static-balance proxy,https://pacompendium.com/adult-compendium/
NEX-000149,REX-000027,APPROVED,DOMAIN_APPROVED,false,true,DATA_OWNER_APPROVAL,2026-08-24T00:00:00+09:00,USER_ATTESTED_DOMAIN_REVIEW; all 102 MET mappings reviewed by the data owner; existing values retain their row-level Compendium evidence and NEX-000173 uses the explicitly approved 02150 static-balance proxy,https://pacompendium.com/adult-compendium/
NEX-000150,REX-000038,APPROVED,DOMAIN_APPROVED,false,true,DATA_OWNER_APPROVAL,2026-08-24T00:00:00+09:00,USER_ATTESTED_DOMAIN_REVIEW; all 102 MET mappings reviewed by the data owner; existing values retain their row-level Compendium evidence and NEX-000173 uses the explicitly approved 02150 static-balance proxy,https://pacompendium.com/adult-compendium/
NEX-000151,REX-000071,APPROVED,DOMAIN_APPROVED,false,true,DATA_OWNER_APPROVAL,2026-08-24T00:00:00+09:00,USER_ATTESTED_DOMAIN_REVIEW; all 102 MET mappings reviewed by the data owner; existing values retain their row-level Compendium evidence and NEX-000173 uses the explicitly approved 02150 static-balance proxy,https://pacompendium.com/adult-compendium/
NEX-000152,REX-000092,APPROVED,DOMAIN_APPROVED,false,true,DATA_OWNER_APPROVAL,2026-08-24T00:00:00+09:00,USER_ATTESTED_DOMAIN_REVIEW; all 102 MET mappings reviewed by the data owner; existing values retain their row-level Compendium evidence and NEX-000173 uses the explicitly approved 02150 static-balance proxy,https://pacompendium.com/adult-compendium/
NEX-000153,REX-000080,APPROVED,DOMAIN_APPROVED,false,true,DATA_OWNER_APPROVAL,2026-08-24T00:00:00+09:00,USER_ATTESTED_DOMAIN_REVIEW; all 102 MET mappings reviewed by the data owner; existing values retain their row-level Compendium evidence and NEX-000173 uses the explicitly approved 02150 static-balance proxy,https://pacompendium.com/adult-compendium/
NEX-000154,REX-000015,APPROVED,DOMAIN_APPROVED,false,true,DATA_OWNER_APPROVAL,2026-08-24T00:00:00+09:00,USER_ATTESTED_DOMAIN_REVIEW; all 102 MET mappings reviewed by the data owner; existing values retain their row-level Compendium evidence and NEX-000173 uses the explicitly approved 02150 static-balance proxy,https://pacompendium.com/adult-compendium/
NEX-000155,REX-000014,APPROVED,DOMAIN_APPROVED,false,true,DATA_OWNER_APPROVAL,2026-08-24T00:00:00+09:00,USER_ATTESTED_DOMAIN_REVIEW; all 102 MET mappings reviewed by the data owner; existing values retain their row-level Compendium evidence and NEX-000173 uses the explicitly approved 02150 static-balance proxy,https://pacompendium.com/adult-compendium/
NEX-000156,REX-000083,APPROVED,DOMAIN_APPROVED,false,true,DATA_OWNER_APPROVAL,2026-08-24T00:00:00+09:00,USER_ATTESTED_DOMAIN_REVIEW; all 102 MET mappings reviewed by the data owner; existing values retain their row-level Compendium evidence and NEX-000173 uses the explicitly approved 02150 static-balance proxy,https://pacompendium.com/adult-compendium/
NEX-000157,REX-000085,APPROVED,DOMAIN_APPROVED,false,true,DATA_OWNER_APPROVAL,2026-08-24T00:00:00+09:00,USER_ATTESTED_DOMAIN_REVIEW; all 102 MET mappings reviewed by the data owner; existing values retain their row-level Compendium evidence and NEX-000173 uses the explicitly approved 02150 static-balance proxy,https://pacompendium.com/adult-compendium/
NEX-000158,REX-000060,APPROVED,DOMAIN_APPROVED,false,true,DATA_OWNER_APPROVAL,2026-08-24T00:00:00+09:00,USER_ATTESTED_DOMAIN_REVIEW; all 102 MET mappings reviewed by the data owner; existing values retain their row-level Compendium evidence and NEX-000173 uses the explicitly approved 02150 static-balance proxy,https://pacompendium.com/adult-compendium/
NEX-000159,REX-000031,APPROVED,DOMAIN_APPROVED,false,true,DATA_OWNER_APPROVAL,2026-08-24T00:00:00+09:00,USER_ATTESTED_DOMAIN_REVIEW; all 102 MET mappings reviewed by the data owner; existing values retain their row-level Compendium evidence and NEX-000173 uses the explicitly approved 02150 static-balance proxy,https://pacompendium.com/adult-compendium/
NEX-000160,REX-000044,APPROVED,DOMAIN_APPROVED,false,true,DATA_OWNER_APPROVAL,2026-08-24T00:00:00+09:00,USER_ATTESTED_DOMAIN_REVIEW; all 102 MET mappings reviewed by the data owner; existing values retain their row-level Compendium evidence and NEX-000173 uses the explicitly approved 02150 static-balance proxy,https://pacompendium.com/adult-compendium/
NEX-000161,REX-000006,APPROVED,DOMAIN_APPROVED,false,true,DATA_OWNER_APPROVAL,2026-08-24T00:00:00+09:00,USER_ATTESTED_DOMAIN_REVIEW; all 102 MET mappings reviewed by the data owner; existing values retain their row-level Compendium evidence and NEX-000173 uses the explicitly approved 02150 static-balance proxy,https://pacompendium.com/adult-compendium/
NEX-000162,REX-000011,APPROVED,DOMAIN_APPROVED,false,true,DATA_OWNER_APPROVAL,2026-08-24T00:00:00+09:00,USER_ATTESTED_DOMAIN_REVIEW; all 102 MET mappings reviewed by the data owner; existing values retain their row-level Compendium evidence and NEX-000173 uses the explicitly approved 02150 static-balance proxy,https://pacompendium.com/adult-compendium/
NEX-000163,REX-000086,APPROVED,DOMAIN_APPROVED,false,true,DATA_OWNER_APPROVAL,2026-08-24T00:00:00+09:00,USER_ATTESTED_DOMAIN_REVIEW; all 102 MET mappings reviewed by the data owner; existing values retain their row-level Compendium evidence and NEX-000173 uses the explicitly approved 02150 static-balance proxy,https://pacompendium.com/adult-compendium/
NEX-000164,REX-000059,APPROVED,DOMAIN_APPROVED,false,true,DATA_OWNER_APPROVAL,2026-08-24T00:00:00+09:00,USER_ATTESTED_DOMAIN_REVIEW; all 102 MET mappings reviewed by the data owner; existing values retain their row-level Compendium evidence and NEX-000173 uses the explicitly approved 02150 static-balance proxy,https://pacompendium.com/adult-compendium/
NEX-000165,REX-000010,APPROVED,DOMAIN_APPROVED,false,true,DATA_OWNER_APPROVAL,2026-08-24T00:00:00+09:00,USER_ATTESTED_DOMAIN_REVIEW; all 102 MET mappings reviewed by the data owner; existing values retain their row-level Compendium evidence and NEX-000173 uses the explicitly approved 02150 static-balance proxy,https://pacompendium.com/adult-compendium/
NEX-000166,REX-000037,APPROVED,DOMAIN_APPROVED,false,true,DATA_OWNER_APPROVAL,2026-08-24T00:00:00+09:00,USER_ATTESTED_DOMAIN_REVIEW; all 102 MET mappings reviewed by the data owner; existing values retain their row-level Compendium evidence and NEX-000173 uses the explicitly approved 02150 static-balance proxy,https://pacompendium.com/adult-compendium/
NEX-000167,REX-000010,APPROVED,DOMAIN_APPROVED,false,true,DATA_OWNER_APPROVAL,2026-08-24T00:00:00+09:00,USER_ATTESTED_DOMAIN_REVIEW; all 102 MET mappings reviewed by the data owner; existing values retain their row-level Compendium evidence and NEX-000173 uses the explicitly approved 02150 static-balance proxy,https://pacompendium.com/adult-compendium/
NEX-000168,REX-000058,APPROVED,DOMAIN_APPROVED,false,true,DATA_OWNER_APPROVAL,2026-08-24T00:00:00+09:00,USER_ATTESTED_DOMAIN_REVIEW; all 102 MET mappings reviewed by the data owner; existing values retain their row-level Compendium evidence and NEX-000173 uses the explicitly approved 02150 static-balance proxy,https://pacompendium.com/adult-compendium/
NEX-000169,REX-000065,APPROVED,DOMAIN_APPROVED,false,true,DATA_OWNER_APPROVAL,2026-08-24T00:00:00+09:00,USER_ATTESTED_DOMAIN_REVIEW; all 102 MET mappings reviewed by the data owner; existing values retain their row-level Compendium evidence and NEX-000173 uses the explicitly approved 02150 static-balance proxy,https://pacompendium.com/adult-compendium/
NEX-000170,REX-000070,APPROVED,DOMAIN_APPROVED,false,true,DATA_OWNER_APPROVAL,2026-08-24T00:00:00+09:00,USER_ATTESTED_DOMAIN_REVIEW; all 102 MET mappings reviewed by the data owner; existing values retain their row-level Compendium evidence and NEX-000173 uses the explicitly approved 02150 static-balance proxy,https://pacompendium.com/adult-compendium/
NEX-000171,REX-000056,APPROVED,DOMAIN_APPROVED,false,true,DATA_OWNER_APPROVAL,2026-08-24T00:00:00+09:00,USER_ATTESTED_DOMAIN_REVIEW; all 102 MET mappings reviewed by the data owner; existing values retain their row-level Compendium evidence and NEX-000173 uses the explicitly approved 02150 static-balance proxy,https://pacompendium.com/adult-compendium/
NEX-000172,REX-000068,APPROVED,DOMAIN_APPROVED,false,true,DATA_OWNER_APPROVAL,2026-08-24T00:00:00+09:00,USER_ATTESTED_DOMAIN_REVIEW; all 102 MET mappings reviewed by the data owner; existing values retain their row-level Compendium evidence and NEX-000173 uses the explicitly approved 02150 static-balance proxy,https://pacompendium.com/adult-compendium/
NEX-000173,REX-000066,DOMAIN_APPROVED,DOMAIN_APPROVED,true,true,DATA_OWNER_APPROVAL,2026-08-24T00:00:00+09:00,USER_ATTESTED_DOMAIN_REVIEW; all 102 MET mappings reviewed by the data owner; existing values retain their row-level Compendium evidence and NEX-000173 uses the explicitly approved 02150 static-balance proxy,https://pacompendium.com/adult-compendium/
NEX-000174,REX-000057,APPROVED,DOMAIN_APPROVED,false,true,DATA_OWNER_APPROVAL,2026-08-24T00:00:00+09:00,USER_ATTESTED_DOMAIN_REVIEW; all 102 MET mappings reviewed by the data owner; existing values retain their row-level Compendium evidence and NEX-000173 uses the explicitly approved 02150 static-balance proxy,https://pacompendium.com/adult-compendium/
NEX-000175,REX-000063,APPROVED,DOMAIN_APPROVED,false,true,DATA_OWNER_APPROVAL,2026-08-24T00:00:00+09:00,USER_ATTESTED_DOMAIN_REVIEW; all 102 MET mappings reviewed by the data owner; existing values retain their row-level Compendium evidence and NEX-000173 uses the explicitly approved 02150 static-balance proxy,https://pacompendium.com/adult-compendium/
NEX-000176,REX-000069,APPROVED,DOMAIN_APPROVED,false,true,DATA_OWNER_APPROVAL,2026-08-24T00:00:00+09:00,USER_ATTESTED_DOMAIN_REVIEW; all 102 MET mappings reviewed by the data owner; existing values retain their row-level Compendium evidence and NEX-000173 uses the explicitly approved 02150 static-balance proxy,https://pacompendium.com/adult-compendium/
NEX-000177,REX-000001,APPROVED,DOMAIN_APPROVED,false,true,DATA_OWNER_APPROVAL,2026-08-24T00:00:00+09:00,USER_ATTESTED_DOMAIN_REVIEW; all 102 MET mappings reviewed by the data owner; existing values retain their row-level Compendium evidence and NEX-000173 uses the explicitly approved 02150 static-balance proxy,https://pacompendium.com/adult-compendium/
NEX-000178,REX-000097,APPROVED,DOMAIN_APPROVED,false,true,DATA_OWNER_APPROVAL,2026-08-24T00:00:00+09:00,USER_ATTESTED_DOMAIN_REVIEW; all 102 MET mappings reviewed by the data owner; existing values retain their row-level Compendium evidence and NEX-000173 uses the explicitly approved 02150 static-balance proxy,https://pacompendium.com/adult-compendium/
NEX-000179,REX-000090,APPROVED,DOMAIN_APPROVED,false,true,DATA_OWNER_APPROVAL,2026-08-24T00:00:00+09:00,USER_ATTESTED_DOMAIN_REVIEW; all 102 MET mappings reviewed by the data owner; existing values retain their row-level Compendium evidence and NEX-000173 uses the explicitly approved 02150 static-balance proxy,https://pacompendium.com/adult-compendium/
NEX-000180,REX-000083,APPROVED,DOMAIN_APPROVED,false,true,DATA_OWNER_APPROVAL,2026-08-24T00:00:00+09:00,USER_ATTESTED_DOMAIN_REVIEW; all 102 MET mappings reviewed by the data owner; existing values retain their row-level Compendium evidence and NEX-000173 uses the explicitly approved 02150 static-balance proxy,https://pacompendium.com/adult-compendium/
NEX-000181,REX-000064,APPROVED,DOMAIN_APPROVED,false,true,DATA_OWNER_APPROVAL,2026-08-24T00:00:00+09:00,USER_ATTESTED_DOMAIN_REVIEW; all 102 MET mappings reviewed by the data owner; existing values retain their row-level Compendium evidence and NEX-000173 uses the explicitly approved 02150 static-balance proxy,https://pacompendium.com/adult-compendium/
NEX-000182,REX-000049,APPROVED,DOMAIN_APPROVED,false,true,DATA_OWNER_APPROVAL,2026-08-24T00:00:00+09:00,USER_ATTESTED_DOMAIN_REVIEW; all 102 MET mappings reviewed by the data owner; existing values retain their row-level Compendium evidence and NEX-000173 uses the explicitly approved 02150 static-balance proxy,https://pacompendium.com/adult-compendium/
NEX-000183,REX-000076,APPROVED,DOMAIN_APPROVED,false,true,DATA_OWNER_APPROVAL,2026-08-24T00:00:00+09:00,USER_ATTESTED_DOMAIN_REVIEW; all 102 MET mappings reviewed by the data owner; existing values retain their row-level Compendium evidence and NEX-000173 uses the explicitly approved 02150 static-balance proxy,https://pacompendium.com/adult-compendium/
NEX-000184,REX-000076,APPROVED,DOMAIN_APPROVED,false,true,DATA_OWNER_APPROVAL,2026-08-24T00:00:00+09:00,USER_ATTESTED_DOMAIN_REVIEW; all 102 MET mappings reviewed by the data owner; existing values retain their row-level Compendium evidence and NEX-000173 uses the explicitly approved 02150 static-balance proxy,https://pacompendium.com/adult-compendium/
NEX-000185,REX-000076,APPROVED,DOMAIN_APPROVED,false,true,DATA_OWNER_APPROVAL,2026-08-24T00:00:00+09:00,USER_ATTESTED_DOMAIN_REVIEW; all 102 MET mappings reviewed by the data owner; existing values retain their row-level Compendium evidence and NEX-000173 uses the explicitly approved 02150 static-balance proxy,https://pacompendium.com/adult-compendium/
NEX-000186,REX-000004,APPROVED,DOMAIN_APPROVED,false,true,DATA_OWNER_APPROVAL,2026-08-24T00:00:00+09:00,USER_ATTESTED_DOMAIN_REVIEW; all 102 MET mappings reviewed by the data owner; existing values retain their row-level Compendium evidence and NEX-000173 uses the explicitly approved 02150 static-balance proxy,https://pacompendium.com/adult-compendium/
NEX-000187,REX-000075,APPROVED,DOMAIN_APPROVED,false,true,DATA_OWNER_APPROVAL,2026-08-24T00:00:00+09:00,USER_ATTESTED_DOMAIN_REVIEW; all 102 MET mappings reviewed by the data owner; existing values retain their row-level Compendium evidence and NEX-000173 uses the explicitly approved 02150 static-balance proxy,https://pacompendium.com/adult-compendium/
NEX-000188,REX-000080,APPROVED,DOMAIN_APPROVED,false,true,DATA_OWNER_APPROVAL,2026-08-24T00:00:00+09:00,USER_ATTESTED_DOMAIN_REVIEW; all 102 MET mappings reviewed by the data owner; existing values retain their row-level Compendium evidence and NEX-000173 uses the explicitly approved 02150 static-balance proxy,https://pacompendium.com/adult-compendium/
NEX-000189,REX-000040,APPROVED,DOMAIN_APPROVED,false,true,DATA_OWNER_APPROVAL,2026-08-24T00:00:00+09:00,USER_ATTESTED_DOMAIN_REVIEW; all 102 MET mappings reviewed by the data owner; existing values retain their row-level Compendium evidence and NEX-000173 uses the explicitly approved 02150 static-balance proxy,https://pacompendium.com/adult-compendium/
NEX-000190,REX-000040,APPROVED,DOMAIN_APPROVED,false,true,DATA_OWNER_APPROVAL,2026-08-24T00:00:00+09:00,USER_ATTESTED_DOMAIN_REVIEW; all 102 MET mappings reviewed by the data owner; existing values retain their row-level Compendium evidence and NEX-000173 uses the explicitly approved 02150 static-balance proxy,https://pacompendium.com/adult-compendium/
NEX-000191,REX-000083,APPROVED,DOMAIN_APPROVED,false,true,DATA_OWNER_APPROVAL,2026-08-24T00:00:00+09:00,USER_ATTESTED_DOMAIN_REVIEW; all 102 MET mappings reviewed by the data owner; existing values retain their row-level Compendium evidence and NEX-000173 uses the explicitly approved 02150 static-balance proxy,https://pacompendium.com/adult-compendium/
NEX-000192,REX-000004,APPROVED,DOMAIN_APPROVED,false,true,DATA_OWNER_APPROVAL,2026-08-24T00:00:00+09:00,USER_ATTESTED_DOMAIN_REVIEW; all 102 MET mappings reviewed by the data owner; existing values retain their row-level Compendium evidence and NEX-000173 uses the explicitly approved 02150 static-balance proxy,https://pacompendium.com/adult-compendium/
NEX-000193,REX-000007,APPROVED,DOMAIN_APPROVED,false,true,DATA_OWNER_APPROVAL,2026-08-24T00:00:00+09:00,USER_ATTESTED_DOMAIN_REVIEW; all 102 MET mappings reviewed by the data owner; existing values retain their row-level Compendium evidence and NEX-000173 uses the explicitly approved 02150 static-balance proxy,https://pacompendium.com/adult-compendium/
NEX-000194,REX-000049,APPROVED,DOMAIN_APPROVED,false,true,DATA_OWNER_APPROVAL,2026-08-24T00:00:00+09:00,USER_ATTESTED_DOMAIN_REVIEW; all 102 MET mappings reviewed by the data owner; existing values retain their row-level Compendium evidence and NEX-000173 uses the explicitly approved 02150 static-balance proxy,https://pacompendium.com/adult-compendium/
NEX-000195,REX-000015,APPROVED,DOMAIN_APPROVED,false,true,DATA_OWNER_APPROVAL,2026-08-24T00:00:00+09:00,USER_ATTESTED_DOMAIN_REVIEW; all 102 MET mappings reviewed by the data owner; existing values retain their row-level Compendium evidence and NEX-000173 uses the explicitly approved 02150 static-balance proxy,https://pacompendium.com/adult-compendium/
NEX-000196,REX-000076,APPROVED,DOMAIN_APPROVED,false,true,DATA_OWNER_APPROVAL,2026-08-24T00:00:00+09:00,USER_ATTESTED_DOMAIN_REVIEW; all 102 MET mappings reviewed by the data owner; existing values retain their row-level Compendium evidence and NEX-000173 uses the explicitly approved 02150 static-balance proxy,https://pacompendium.com/adult-compendium/
NEX-000197,REX-000093,APPROVED,DOMAIN_APPROVED,false,true,DATA_OWNER_APPROVAL,2026-08-24T00:00:00+09:00,USER_ATTESTED_DOMAIN_REVIEW; all 102 MET mappings reviewed by the data owner; existing values retain their row-level Compendium evidence and NEX-000173 uses the explicitly approved 02150 static-balance proxy,https://pacompendium.com/adult-compendium/
NEX-000198,REX-000086,APPROVED,DOMAIN_APPROVED,false,true,DATA_OWNER_APPROVAL,2026-08-24T00:00:00+09:00,USER_ATTESTED_DOMAIN_REVIEW; all 102 MET mappings reviewed by the data owner; existing values retain their row-level Compendium evidence and NEX-000173 uses the explicitly approved 02150 static-balance proxy,https://pacompendium.com/adult-compendium/
NEX-000199,REX-000038,APPROVED,DOMAIN_APPROVED,false,true,DATA_OWNER_APPROVAL,2026-08-24T00:00:00+09:00,USER_ATTESTED_DOMAIN_REVIEW; all 102 MET mappings reviewed by the data owner; existing values retain their row-level Compendium evidence and NEX-000173 uses the explicitly approved 02150 static-balance proxy,https://pacompendium.com/adult-compendium/
NEX-000200,REX-000086,APPROVED,DOMAIN_APPROVED,false,true,DATA_OWNER_APPROVAL,2026-08-24T00:00:00+09:00,USER_ATTESTED_DOMAIN_REVIEW; all 102 MET mappings reviewed by the data owner; existing values retain their row-level Compendium evidence and NEX-000173 uses the explicitly approved 02150 static-balance proxy,https://pacompendium.com/adult-compendium/
NEX-000201,REX-000025,APPROVED,DOMAIN_APPROVED,false,true,DATA_OWNER_APPROVAL,2026-08-24T00:00:00+09:00,USER_ATTESTED_DOMAIN_REVIEW; all 102 MET mappings reviewed by the data owner; existing values retain their row-level Compendium evidence and NEX-000173 uses the explicitly approved 02150 static-balance proxy,https://pacompendium.com/adult-compendium/
NEX-000202,REX-000083,APPROVED,DOMAIN_APPROVED,false,true,DATA_OWNER_APPROVAL,2026-08-24T00:00:00+09:00,USER_ATTESTED_DOMAIN_REVIEW; all 102 MET mappings reviewed by the data owner; existing values retain their row-level Compendium evidence and NEX-000173 uses the explicitly approved 02150 static-balance proxy,https://pacompendium.com/adult-compendium/
NEX-000203,REX-000044,APPROVED,DOMAIN_APPROVED,false,true,DATA_OWNER_APPROVAL,2026-08-24T00:00:00+09:00,USER_ATTESTED_DOMAIN_REVIEW; all 102 MET mappings reviewed by the data owner; existing values retain their row-level Compendium evidence and NEX-000173 uses the explicitly approved 02150 static-balance proxy,https://pacompendium.com/adult-compendium/
NEX-000204,REX-000041,APPROVED,DOMAIN_APPROVED,false,true,DATA_OWNER_APPROVAL,2026-08-24T00:00:00+09:00,USER_ATTESTED_DOMAIN_REVIEW; all 102 MET mappings reviewed by the data owner; existing values retain their row-level Compendium evidence and NEX-000173 uses the explicitly approved 02150 static-balance proxy,https://pacompendium.com/adult-compendium/
NEX-000205,REX-000007,APPROVED,DOMAIN_APPROVED,false,true,DATA_OWNER_APPROVAL,2026-08-24T00:00:00+09:00,USER_ATTESTED_DOMAIN_REVIEW; all 102 MET mappings reviewed by the data owner; existing values retain their row-level Compendium evidence and NEX-000173 uses the explicitly approved 02150 static-balance proxy,https://pacompendium.com/adult-compendium/
NEX-000206,REX-000049,APPROVED,DOMAIN_APPROVED,false,true,DATA_OWNER_APPROVAL,2026-08-24T00:00:00+09:00,USER_ATTESTED_DOMAIN_REVIEW; all 102 MET mappings reviewed by the data owner; existing values retain their row-level Compendium evidence and NEX-000173 uses the explicitly approved 02150 static-balance proxy,https://pacompendium.com/adult-compendium/
NEX-000207,REX-000086,APPROVED,DOMAIN_APPROVED,false,true,DATA_OWNER_APPROVAL,2026-08-24T00:00:00+09:00,USER_ATTESTED_DOMAIN_REVIEW; all 102 MET mappings reviewed by the data owner; existing values retain their row-level Compendium evidence and NEX-000173 uses the explicitly approved 02150 static-balance proxy,https://pacompendium.com/adult-compendium/
NEX-000208,REX-000061,APPROVED,DOMAIN_APPROVED,false,true,DATA_OWNER_APPROVAL,2026-08-24T00:00:00+09:00,USER_ATTESTED_DOMAIN_REVIEW; all 102 MET mappings reviewed by the data owner; existing values retain their row-level Compendium evidence and NEX-000173 uses the explicitly approved 02150 static-balance proxy,https://pacompendium.com/adult-compendium/
