stable_code,goal_code,role_eligibility_code,experience_level_code,phase_code,sets,reps,work_seconds_per_set,rest_seconds_per_set,intensity_code,prescription_version,reviewer_role_code,reviewer_reference,evidence_reference,reviewed_at,review_status_code,artifact_status_code,production_eligible
abs_core_brace_core_brace_mat,GENERAL_FITNESS,CORE,BEGINNER,MAIN,1,,60,0,LOW,v2.0.0-draft,DOMAIN_REVIEWER,V2-PRESCRIPTION-REVIEW-CANDIDATE-2026-08-25,validation/review_results/v2_prescription_review_input.csv,2026-08-25T00:00:00+09:00,DOMAIN_APPROVED,DRAFT,false
all_fours_squat_stretch_mobility_stretch_bodyweight,GENERAL_FITNESS,SUPPORT,BEGINNER,WARMUP,1,,60,0,LOW,v2.0.0-draft,DOMAIN_REVIEWER,V2-PRESCRIPTION-REVIEW-CANDIDATE-2026-08-25,validation/review_results/v2_prescription_review_input.csv,2026-08-25T00:00:00+09:00,DOMAIN_APPROVED,DRAFT,false
all_fours_squat_stretch_mobility_stretch_bodyweight,GENERAL_FITNESS,SUPPORT,BEGINNER,COOLDOWN,1,,45,0,LOW,v2.0.0-draft,DOMAIN_REVIEWER,V2-PRESCRIPTION-REVIEW-CANDIDATE-2026-08-25,validation/review_results/v2_prescription_review_input.csv,2026-08-25T00:00:00+09:00,DOMAIN_APPROVED,DRAFT,false
ankle_circles_mobility_stretch_bodyweight,GENERAL_FITNESS,SUPPORT,BEGINNER,WARMUP,1,,60,0,LOW,v2.0.0-draft,DOMAIN_REVIEWER,V2-PRESCRIPTION-REVIEW-CANDIDATE-2026-08-25,validation/review_results/v2_prescription_review_input.csv,2026-08-25T00:00:00+09:00,DOMAIN_APPROVED,DRAFT,false
ankle_circles_mobility_stretch_bodyweight,GENERAL_FITNESS,SUPPORT,BEGINNER,COOLDOWN,1,,45,0,LOW,v2.0.0-draft,DOMAIN_REVIEWER,V2-PRESCRIPTION-REVIEW-CANDIDATE-2026-08-25,validation/review_results/v2_prescription_review_input.csv,2026-08-25T00:00:00+09:00,DOMAIN_APPROVED,DRAFT,false
barbell_deadlift_hip_dominant_barbell,GENERAL_FITNESS,CORE,BEGINNER,MAIN,2,8,,45,MODERATE,v2.0.0-draft,DOMAIN_REVIEWER,V2-PRESCRIPTION-REVIEW-CANDIDATE-2026-08-25,validation/review_results/v2_prescription_review_input.csv,2026-08-25T00:00:00+09:00,DOMAIN_APPROVED,DRAFT,false
barbell_front_raise_isolation_barbell,GENERAL_FITNESS,SUPPORT,BEGINNER,MAIN,2,8,,45,MODERATE,v2.0.0-draft,DOMAIN_REVIEWER,V2-PRESCRIPTION-REVIEW-CANDIDATE-2026-08-25,validation/review_results/v2_prescription_review_input.csv,2026-08-25T00:00:00+09:00,DOMAIN_APPROVED,DRAFT,false
barbell_pullover_isolation_barbell,GENERAL_FITNESS,SUPPORT,BEGINNER,MAIN,2,8,,45,MODERATE,v2.0.0-draft,DOMAIN_REVIEWER,V2-PRESCRIPTION-REVIEW-CANDIDATE-2026-08-25,validation/review_results/v2_prescription_review_input.csv,2026-08-25T00:00:00+09:00,DOMAIN_APPROVED,DRAFT,false
barbell_straight_leg_deadlift_hip_dominant_barbell,GENERAL_FITNESS,CORE,BEGINNER,MAIN,2,8,,45,MODERATE,v2.0.0-draft,DOMAIN_REVIEWER,V2-PRESCRIPTION-REVIEW-CANDIDATE-2026-08-25,validation/review_results/v2_prescription_review_input.csv,2026-08-25T00:00:00+09:00,DOMAIN_APPROVED,DRAFT,false
bodyweight_back_extension_hip_dominant_bodyweight,GENERAL_FITNESS,CORE,BEGINNER,MAIN,2,8,,45,MODERATE,v2.0.0-draft,DOMAIN_REVIEWER,V2-PRESCRIPTION-REVIEW-CANDIDATE-2026-08-25,validation/review_results/v2_prescription_review_input.csv,2026-08-25T00:00:00+09:00,DOMAIN_APPROVED,DRAFT,false
bodyweight_crunch_core_brace_bodyweight,GENERAL_FITNESS,CORE,BEGINNER,MAIN,1,,60,0,LOW,v2.0.0-draft,DOMAIN_REVIEWER,V2-PRESCRIPTION-REVIEW-CANDIDATE-2026-08-25,validation/review_results/v2_prescription_review_input.csv,2026-08-25T00:00:00+09:00,DOMAIN_APPROVED,DRAFT,false
bodyweight_forward_lunge_knee_dominant_bodyweight,GENERAL_FITNESS,CORE,BEGINNER,MAIN,2,8,,45,MODERATE,v2.0.0-draft,DOMAIN_REVIEWER,V2-PRESCRIPTION-REVIEW-CANDIDATE-2026-08-25,validation/review_results/v2_prescription_review_input.csv,2026-08-25T00:00:00+09:00,DOMAIN_APPROVED,DRAFT,false
bodyweight_glute_bridge_hip_dominant_bodyweight,GENERAL_FITNESS,CORE,BEGINNER,MAIN,2,8,,45,MODERATE,v2.0.0-draft,DOMAIN_REVIEWER,V2-PRESCRIPTION-REVIEW-CANDIDATE-2026-08-25,validation/review_results/v2_prescription_review_input.csv,2026-08-25T00:00:00+09:00,DOMAIN_APPROVED,DRAFT,false
bodyweight_pull_up_biceps_vertical_pull_bodyweight_pull_up_bar,GENERAL_FITNESS,CORE,BEGINNER,MAIN,2,8,,45,MODERATE,v2.0.0-draft,DOMAIN_REVIEWER,V2-PRESCRIPTION-REVIEW-CANDIDATE-2026-08-25,validation/review_results/v2_prescription_review_input.csv,2026-08-25T00:00:00+09:00,DOMAIN_APPROVED,DRAFT,false
bodyweight_reverse_crunch_core_brace_bodyweight,GENERAL_FITNESS,CORE,BEGINNER,MAIN,1,,60,0,LOW,v2.0.0-draft,DOMAIN_REVIEWER,V2-PRESCRIPTION-REVIEW-CANDIDATE-2026-08-25,validation/review_results/v2_prescription_review_input.csv,2026-08-25T00:00:00+09:00,DOMAIN_APPROVED,DRAFT,false
bodyweight_russian_twist_core_brace_bodyweight,GENERAL_FITNESS,CORE,BEGINNER,MAIN,1,,60,0,LOW,v2.0.0-draft,DOMAIN_REVIEWER,V2-PRESCRIPTION-REVIEW-CANDIDATE-2026-08-25,validation/review_results/v2_prescription_review_input.csv,2026-08-25T00:00:00+09:00,DOMAIN_APPROVED,DRAFT,false
bodyweight_split_squat_knee_dominant_bodyweight,GENERAL_FITNESS,CORE,BEGINNER,MAIN,2,8,,45,MODERATE,v2.0.0-draft,DOMAIN_REVIEWER,V2-PRESCRIPTION-REVIEW-CANDIDATE-2026-08-25,validation/review_results/v2_prescription_review_input.csv,2026-08-25T00:00:00+09:00,DOMAIN_APPROVED,DRAFT,false
bodyweight_standing_calf_raise_isolation_bodyweight,GENERAL_FITNESS,SUPPORT,BEGINNER,MAIN,2,8,,45,MODERATE,v2.0.0-draft,DOMAIN_REVIEWER,V2-PRESCRIPTION-REVIEW-CANDIDATE-2026-08-25,validation/review_results/v2_prescription_review_input.csv,2026-08-25T00:00:00+09:00,DOMAIN_APPROVED,DRAFT,false
butterfly_adductor_stretch_mobility_stretch_bodyweight,GENERAL_FITNESS,SUPPORT,BEGINNER,WARMUP,1,,60,0,LOW,v2.0.0-draft,DOMAIN_REVIEWER,V2-PRESCRIPTION-REVIEW-CANDIDATE-2026-08-25,validation/review_results/v2_prescription_review_input.csv,2026-08-25T00:00:00+09:00,DOMAIN_APPROVED,DRAFT,false
butterfly_adductor_stretch_mobility_stretch_bodyweight,GENERAL_FITNESS,SUPPORT,BEGINNER,COOLDOWN,1,,45,0,LOW,v2.0.0-draft,DOMAIN_REVIEWER,V2-PRESCRIPTION-REVIEW-CANDIDATE-2026-08-25,validation/review_results/v2_prescription_review_input.csv,2026-08-25T00:00:00+09:00,DOMAIN_APPROVED,DRAFT,false
cable_fly_isolation_cable_machine,GENERAL_FITNESS,SUPPORT,BEGINNER,MAIN,2,8,,45,MODERATE,v2.0.0-draft,DOMAIN_REVIEWER,V2-PRESCRIPTION-REVIEW-CANDIDATE-2026-08-25,validation/review_results/v2_prescription_review_input.csv,2026-08-25T00:00:00+09:00,DOMAIN_APPROVED,DRAFT,false
cable_triceps_pushdown_isolation_cable_machine,GENERAL_FITNESS,SUPPORT,BEGINNER,MAIN,2,8,,45,MODERATE,v2.0.0-draft,DOMAIN_REVIEWER,V2-PRESCRIPTION-REVIEW-CANDIDATE-2026-08-25,validation/review_results/v2_prescription_review_input.csv,2026-08-25T00:00:00+09:00,DOMAIN_APPROVED,DRAFT,false
cardio_cycling_stationary_bike,GENERAL_FITNESS,CORE,BEGINNER,MAIN,1,,60,0,LOW,v2.0.0-draft,DOMAIN_REVIEWER,V2-PRESCRIPTION-REVIEW-CANDIDATE-2026-08-25,validation/review_results/v2_prescription_review_input.csv,2026-08-25T00:00:00+09:00,DOMAIN_APPROVED,DRAFT,false
cardio_elliptical_elliptical_machine,GENERAL_FITNESS,CORE,BEGINNER,MAIN,1,,60,0,LOW,v2.0.0-draft,DOMAIN_REVIEWER,V2-PRESCRIPTION-REVIEW-CANDIDATE-2026-08-25,validation/review_results/v2_prescription_review_input.csv,2026-08-25T00:00:00+09:00,DOMAIN_APPROVED,DRAFT,false
cardio_gait_bodyweight,GENERAL_FITNESS,CORE,BEGINNER,MAIN,1,,60,0,LOW,v2.0.0-draft,DOMAIN_REVIEWER,V2-PRESCRIPTION-REVIEW-CANDIDATE-2026-08-25,validation/review_results/v2_prescription_review_input.csv,2026-08-25T00:00:00+09:00,DOMAIN_APPROVED,DRAFT,false
cardio_gait_bodyweight_rex_000058,GENERAL_FITNESS,CORE,BEGINNER,MAIN,1,,60,0,LOW,v2.0.0-draft,DOMAIN_REVIEWER,V2-PRESCRIPTION-REVIEW-CANDIDATE-2026-08-25,validation/review_results/v2_prescription_review_input.csv,2026-08-25T00:00:00+09:00,DOMAIN_APPROVED,DRAFT,false
cardio_gait_bodyweight_rex_000062,GENERAL_FITNESS,CORE,BEGINNER,MAIN,1,,60,0,LOW,v2.0.0-draft,DOMAIN_REVIEWER,V2-PRESCRIPTION-REVIEW-CANDIDATE-2026-08-25,validation/review_results/v2_prescription_review_input.csv,2026-08-25T00:00:00+09:00,DOMAIN_APPROVED,DRAFT,false
cardio_gait_bodyweight_rex_000065,GENERAL_FITNESS,CORE,BEGINNER,MAIN,1,,60,0,LOW,v2.0.0-draft,DOMAIN_REVIEWER,V2-PRESCRIPTION-REVIEW-CANDIDATE-2026-08-25,validation/review_results/v2_prescription_review_input.csv,2026-08-25T00:00:00+09:00,DOMAIN_APPROVED,DRAFT,false
cardio_gait_machine,GENERAL_FITNESS,CORE,BEGINNER,MAIN,1,,60,0,LOW,v2.0.0-draft,DOMAIN_REVIEWER,V2-PRESCRIPTION-REVIEW-CANDIDATE-2026-08-25,validation/review_results/v2_prescription_review_input.csv,2026-08-25T00:00:00+09:00,DOMAIN_APPROVED,DRAFT,false
cardio_gait_machine_rex_000071,GENERAL_FITNESS,CORE,BEGINNER,MAIN,1,,60,0,LOW,v2.0.0-draft,DOMAIN_REVIEWER,V2-PRESCRIPTION-REVIEW-CANDIDATE-2026-08-25,validation/review_results/v2_prescription_review_input.csv,2026-08-25T00:00:00+09:00,DOMAIN_APPROVED,DRAFT,false
cardio_gait_step_box,GENERAL_FITNESS,CORE,BEGINNER,MAIN,1,,60,0,LOW,v2.0.0-draft,DOMAIN_REVIEWER,V2-PRESCRIPTION-REVIEW-CANDIDATE-2026-08-25,validation/review_results/v2_prescription_review_input.csv,2026-08-25T00:00:00+09:00,DOMAIN_APPROVED,DRAFT,false
cardio_jump_plyometric_bodyweight,GENERAL_FITNESS,CORE,BEGINNER,MAIN,1,,60,0,LOW,v2.0.0-draft,DOMAIN_REVIEWER,V2-PRESCRIPTION-REVIEW-CANDIDATE-2026-08-25,validation/review_results/v2_prescription_review_input.csv,2026-08-25T00:00:00+09:00,DOMAIN_APPROVED,DRAFT,false
cardio_jump_plyometric_jump_rope,GENERAL_FITNESS,CORE,BEGINNER,MAIN,1,,60,0,LOW,v2.0.0-draft,DOMAIN_REVIEWER,V2-PRESCRIPTION-REVIEW-CANDIDATE-2026-08-25,validation/review_results/v2_prescription_review_input.csv,2026-08-25T00:00:00+09:00,DOMAIN_APPROVED,DRAFT,false
chair_leg_extended_stretch_mobility_stretch_bodyweight,GENERAL_FITNESS,SUPPORT,BEGINNER,WARMUP,1,,60,0,LOW,v2.0.0-draft,DOMAIN_REVIEWER,V2-PRESCRIPTION-REVIEW-CANDIDATE-2026-08-25,validation/review_results/v2_prescription_review_input.csv,2026-08-25T00:00:00+09:00,DOMAIN_APPROVED,DRAFT,false
chair_leg_extended_stretch_mobility_stretch_bodyweight,GENERAL_FITNESS,SUPPORT,BEGINNER,COOLDOWN,1,,45,0,LOW,v2.0.0-draft,DOMAIN_REVIEWER,V2-PRESCRIPTION-REVIEW-CANDIDATE-2026-08-25,validation/review_results/v2_prescription_review_input.csv,2026-08-25T00:00:00+09:00,DOMAIN_APPROVED,DRAFT,false
chest_front_shoulder_stretch_mobility_stretch_bodyweight,GENERAL_FITNESS,SUPPORT,BEGINNER,WARMUP,1,,60,0,LOW,v2.0.0-draft,DOMAIN_REVIEWER,V2-PRESCRIPTION-REVIEW-CANDIDATE-2026-08-25,validation/review_results/v2_prescription_review_input.csv,2026-08-25T00:00:00+09:00,DOMAIN_APPROVED,DRAFT,false
chest_front_shoulder_stretch_mobility_stretch_bodyweight,GENERAL_FITNESS,SUPPORT,BEGINNER,COOLDOWN,1,,45,0,LOW,v2.0.0-draft,DOMAIN_REVIEWER,V2-PRESCRIPTION-REVIEW-CANDIDATE-2026-08-25,validation/review_results/v2_prescription_review_input.csv,2026-08-25T00:00:00+09:00,DOMAIN_APPROVED,DRAFT,false
close_grip_push_up_horizontal_push_bodyweight,GENERAL_FITNESS,CORE,BEGINNER,MAIN,2,8,,45,MODERATE,v2.0.0-draft,DOMAIN_REVIEWER,V2-PRESCRIPTION-REVIEW-CANDIDATE-2026-08-25,validation/review_results/v2_prescription_review_input.csv,2026-08-25T00:00:00+09:00,DOMAIN_APPROVED,DRAFT,false
crunch_variant_core_brace_bodyweight,GENERAL_FITNESS,CORE,BEGINNER,MAIN,1,,60,0,LOW,v2.0.0-draft,DOMAIN_REVIEWER,V2-PRESCRIPTION-REVIEW-CANDIDATE-2026-08-25,validation/review_results/v2_prescription_review_input.csv,2026-08-25T00:00:00+09:00,DOMAIN_APPROVED,DRAFT,false
dead_bug_core_brace_bodyweight,GENERAL_FITNESS,CORE,BEGINNER,MAIN,1,,60,0,LOW,v2.0.0-draft,DOMAIN_REVIEWER,V2-PRESCRIPTION-REVIEW-CANDIDATE-2026-08-25,validation/review_results/v2_prescription_review_input.csv,2026-08-25T00:00:00+09:00,DOMAIN_APPROVED,DRAFT,false
dumbbell_goblet_squat_knee_dominant_dumbbell,GENERAL_FITNESS,CORE,BEGINNER,MAIN,2,8,,45,MODERATE,v2.0.0-draft,DOMAIN_REVIEWER,V2-PRESCRIPTION-REVIEW-CANDIDATE-2026-08-25,validation/review_results/v2_prescription_review_input.csv,2026-08-25T00:00:00+09:00,DOMAIN_APPROVED,DRAFT,false
dumbbell_lateral_raise_isolation_dumbbell,GENERAL_FITNESS,SUPPORT,BEGINNER,MAIN,2,8,,45,MODERATE,v2.0.0-draft,DOMAIN_REVIEWER,V2-PRESCRIPTION-REVIEW-CANDIDATE-2026-08-25,validation/review_results/v2_prescription_review_input.csv,2026-08-25T00:00:00+09:00,DOMAIN_APPROVED,DRAFT,false
dumbbell_preacher_curl_isolation_dumbbell,GENERAL_FITNESS,SUPPORT,BEGINNER,MAIN,2,8,,45,MODERATE,v2.0.0-draft,DOMAIN_REVIEWER,V2-PRESCRIPTION-REVIEW-CANDIDATE-2026-08-25,validation/review_results/v2_prescription_review_input.csv,2026-08-25T00:00:00+09:00,DOMAIN_APPROVED,DRAFT,false
dumbbell_rear_fly_isolation_dumbbell,GENERAL_FITNESS,SUPPORT,BEGINNER,MAIN,2,8,,45,MODERATE,v2.0.0-draft,DOMAIN_REVIEWER,V2-PRESCRIPTION-REVIEW-CANDIDATE-2026-08-25,validation/review_results/v2_prescription_review_input.csv,2026-08-25T00:00:00+09:00,DOMAIN_APPROVED,DRAFT,false
dumbbell_shrug_isolation_dumbbell,GENERAL_FITNESS,SUPPORT,BEGINNER,MAIN,2,8,,45,MODERATE,v2.0.0-draft,DOMAIN_REVIEWER,V2-PRESCRIPTION-REVIEW-CANDIDATE-2026-08-25,validation/review_results/v2_prescription_review_input.csv,2026-08-25T00:00:00+09:00,DOMAIN_APPROVED,DRAFT,false
dumbbell_standing_curl_isolation_dumbbell,GENERAL_FITNESS,SUPPORT,BEGINNER,MAIN,2,8,,45,MODERATE,v2.0.0-draft,DOMAIN_REVIEWER,V2-PRESCRIPTION-REVIEW-CANDIDATE-2026-08-25,validation/review_results/v2_prescription_review_input.csv,2026-08-25T00:00:00+09:00,DOMAIN_APPROVED,DRAFT,false
dumbbell_step_up_lunge_knee_dominant_dumbbell_step_box,GENERAL_FITNESS,CORE,BEGINNER,MAIN,2,8,,45,MODERATE,v2.0.0-draft,DOMAIN_REVIEWER,V2-PRESCRIPTION-REVIEW-CANDIDATE-2026-08-25,validation/review_results/v2_prescription_review_input.csv,2026-08-25T00:00:00+09:00,DOMAIN_APPROVED,DRAFT,false
dynamic_chest_stretch_mobility_stretch_bodyweight,GENERAL_FITNESS,SUPPORT,BEGINNER,WARMUP,1,,60,0,LOW,v2.0.0-draft,DOMAIN_REVIEWER,V2-PRESCRIPTION-REVIEW-CANDIDATE-2026-08-25,validation/review_results/v2_prescription_review_input.csv,2026-08-25T00:00:00+09:00,DOMAIN_APPROVED,DRAFT,false
dynamic_chest_stretch_mobility_stretch_bodyweight,GENERAL_FITNESS,SUPPORT,BEGINNER,COOLDOWN,1,,45,0,LOW,v2.0.0-draft,DOMAIN_REVIEWER,V2-PRESCRIPTION-REVIEW-CANDIDATE-2026-08-25,validation/review_results/v2_prescription_review_input.csv,2026-08-25T00:00:00+09:00,DOMAIN_APPROVED,DRAFT,false
exercise_ball_hip_flexor_stretch_mobility_stretch_stability_ball,GENERAL_FITNESS,SUPPORT,BEGINNER,WARMUP,1,,60,0,LOW,v2.0.0-draft,DOMAIN_REVIEWER,V2-PRESCRIPTION-REVIEW-CANDIDATE-2026-08-25,validation/review_results/v2_prescription_review_input.csv,2026-08-25T00:00:00+09:00,DOMAIN_APPROVED,DRAFT,false
exercise_ball_hip_flexor_stretch_mobility_stretch_stability_ball,GENERAL_FITNESS,SUPPORT,BEGINNER,COOLDOWN,1,,45,0,LOW,v2.0.0-draft,DOMAIN_REVIEWER,V2-PRESCRIPTION-REVIEW-CANDIDATE-2026-08-25,validation/review_results/v2_prescription_review_input.csv,2026-08-25T00:00:00+09:00,DOMAIN_APPROVED,DRAFT,false
hamstring_stretch_mobility_stretch_bodyweight,GENERAL_FITNESS,SUPPORT,BEGINNER,WARMUP,1,,60,0,LOW,v2.0.0-draft,DOMAIN_REVIEWER,V2-PRESCRIPTION-REVIEW-CANDIDATE-2026-08-25,validation/review_results/v2_prescription_review_input.csv,2026-08-25T00:00:00+09:00,DOMAIN_APPROVED,DRAFT,false
hamstring_stretch_mobility_stretch_bodyweight,GENERAL_FITNESS,SUPPORT,BEGINNER,COOLDOWN,1,,45,0,LOW,v2.0.0-draft,DOMAIN_REVIEWER,V2-PRESCRIPTION-REVIEW-CANDIDATE-2026-08-25,validation/review_results/v2_prescription_review_input.csv,2026-08-25T00:00:00+09:00,DOMAIN_APPROVED,DRAFT,false
hand_grip_squeeze_isolation_household_weight,GENERAL_FITNESS,SUPPORT,BEGINNER,MAIN,2,8,,45,MODERATE,v2.0.0-draft,DOMAIN_REVIEWER,V2-PRESCRIPTION-REVIEW-CANDIDATE-2026-08-25,validation/review_results/v2_prescription_review_input.csv,2026-08-25T00:00:00+09:00,DOMAIN_APPROVED,DRAFT,false
hip_adduction_isolation_stability_ball,GENERAL_FITNESS,SUPPORT,BEGINNER,MAIN,2,8,,45,MODERATE,v2.0.0-draft,DOMAIN_REVIEWER,V2-PRESCRIPTION-REVIEW-CANDIDATE-2026-08-25,validation/review_results/v2_prescription_review_input.csv,2026-08-25T00:00:00+09:00,DOMAIN_APPROVED,DRAFT,false
hip_flexion_isolation_bodyweight,GENERAL_FITNESS,SUPPORT,BEGINNER,MAIN,2,8,,45,MODERATE,v2.0.0-draft,DOMAIN_REVIEWER,V2-PRESCRIPTION-REVIEW-CANDIDATE-2026-08-25,validation/review_results/v2_prescription_review_input.csv,2026-08-25T00:00:00+09:00,DOMAIN_APPROVED,DRAFT,false
hip_flexion_isolation_bodyweight_rex_000064,GENERAL_FITNESS,SUPPORT,BEGINNER,MAIN,2,8,,45,MODERATE,v2.0.0-draft,DOMAIN_REVIEWER,V2-PRESCRIPTION-REVIEW-CANDIDATE-2026-08-25,validation/review_results/v2_prescription_review_input.csv,2026-08-25T00:00:00+09:00,DOMAIN_APPROVED,DRAFT,false
hip_flexor_quadriceps_stretch_mobility_stretch_stretch_strap,GENERAL_FITNESS,SUPPORT,BEGINNER,WARMUP,1,,60,0,LOW,v2.0.0-draft,DOMAIN_REVIEWER,V2-PRESCRIPTION-REVIEW-CANDIDATE-2026-08-25,validation/review_results/v2_prescription_review_input.csv,2026-08-25T00:00:00+09:00,DOMAIN_APPROVED,DRAFT,false
hip_flexor_quadriceps_stretch_mobility_stretch_stretch_strap,GENERAL_FITNESS,SUPPORT,BEGINNER,COOLDOWN,1,,45,0,LOW,v2.0.0-draft,DOMAIN_REVIEWER,V2-PRESCRIPTION-REVIEW-CANDIDATE-2026-08-25,validation/review_results/v2_prescription_review_input.csv,2026-08-25T00:00:00+09:00,DOMAIN_APPROVED,DRAFT,false
incline_y_raise_isolation_dumbbell,GENERAL_FITNESS,SUPPORT,BEGINNER,MAIN,2,8,,45,MODERATE,v2.0.0-draft,DOMAIN_REVIEWER,V2-PRESCRIPTION-REVIEW-CANDIDATE-2026-08-25,validation/review_results/v2_prescription_review_input.csv,2026-08-25T00:00:00+09:00,DOMAIN_APPROVED,DRAFT,false
inverted_row_horizontal_pull_bodyweight,GENERAL_FITNESS,CORE,BEGINNER,MAIN,2,8,,45,MODERATE,v2.0.0-draft,DOMAIN_REVIEWER,V2-PRESCRIPTION-REVIEW-CANDIDATE-2026-08-25,validation/review_results/v2_prescription_review_input.csv,2026-08-25T00:00:00+09:00,DOMAIN_APPROVED,DRAFT,false
kettlebell_swing_hip_dominant_kettlebell,GENERAL_FITNESS,CORE,BEGINNER,MAIN,2,8,,45,MODERATE,v2.0.0-draft,DOMAIN_REVIEWER,V2-PRESCRIPTION-REVIEW-CANDIDATE-2026-08-25,validation/review_results/v2_prescription_review_input.csv,2026-08-25T00:00:00+09:00,DOMAIN_APPROVED,DRAFT,false
kneeling_lat_stretch_mobility_stretch_bodyweight,GENERAL_FITNESS,SUPPORT,BEGINNER,WARMUP,1,,60,0,LOW,v2.0.0-draft,DOMAIN_REVIEWER,V2-PRESCRIPTION-REVIEW-CANDIDATE-2026-08-25,validation/review_results/v2_prescription_review_input.csv,2026-08-25T00:00:00+09:00,DOMAIN_APPROVED,DRAFT,false
kneeling_lat_stretch_mobility_stretch_bodyweight,GENERAL_FITNESS,SUPPORT,BEGINNER,COOLDOWN,1,,45,0,LOW,v2.0.0-draft,DOMAIN_REVIEWER,V2-PRESCRIPTION-REVIEW-CANDIDATE-2026-08-25,validation/review_results/v2_prescription_review_input.csv,2026-08-25T00:00:00+09:00,DOMAIN_APPROVED,DRAFT,false
lat_pulldown_vertical_pull_cable_machine,GENERAL_FITNESS,CORE,BEGINNER,MAIN,2,8,,45,MODERATE,v2.0.0-draft,DOMAIN_REVIEWER,V2-PRESCRIPTION-REVIEW-CANDIDATE-2026-08-25,validation/review_results/v2_prescription_review_input.csv,2026-08-25T00:00:00+09:00,DOMAIN_APPROVED,DRAFT,false
leg_press_knee_dominant_machine,GENERAL_FITNESS,CORE,BEGINNER,MAIN,2,8,,45,MODERATE,v2.0.0-draft,DOMAIN_REVIEWER,V2-PRESCRIPTION-REVIEW-CANDIDATE-2026-08-25,validation/review_results/v2_prescription_review_input.csv,2026-08-25T00:00:00+09:00,DOMAIN_APPROVED,DRAFT,false
leg_press_knee_dominant_resistance_band,GENERAL_FITNESS,CORE,BEGINNER,MAIN,2,8,,45,MODERATE,v2.0.0-draft,DOMAIN_REVIEWER,V2-PRESCRIPTION-REVIEW-CANDIDATE-2026-08-25,validation/review_results/v2_prescription_review_input.csv,2026-08-25T00:00:00+09:00,DOMAIN_APPROVED,DRAFT,false
leg_up_hamstring_stretch_mobility_stretch_bodyweight,GENERAL_FITNESS,SUPPORT,BEGINNER,WARMUP,1,,60,0,LOW,v2.0.0-draft,DOMAIN_REVIEWER,V2-PRESCRIPTION-REVIEW-CANDIDATE-2026-08-25,validation/review_results/v2_prescription_review_input.csv,2026-08-25T00:00:00+09:00,DOMAIN_APPROVED,DRAFT,false
leg_up_hamstring_stretch_mobility_stretch_bodyweight,GENERAL_FITNESS,SUPPORT,BEGINNER,COOLDOWN,1,,45,0,LOW,v2.0.0-draft,DOMAIN_REVIEWER,V2-PRESCRIPTION-REVIEW-CANDIDATE-2026-08-25,validation/review_results/v2_prescription_review_input.csv,2026-08-25T00:00:00+09:00,DOMAIN_APPROVED,DRAFT,false
lower_back_curl_core_brace_bodyweight,GENERAL_FITNESS,CORE,BEGINNER,MAIN,1,,60,0,LOW,v2.0.0-draft,DOMAIN_REVIEWER,V2-PRESCRIPTION-REVIEW-CANDIDATE-2026-08-25,validation/review_results/v2_prescription_review_input.csv,2026-08-25T00:00:00+09:00,DOMAIN_APPROVED,DRAFT,false
machine_leg_extension_isolation_machine,GENERAL_FITNESS,SUPPORT,BEGINNER,MAIN,2,8,,45,MODERATE,v2.0.0-draft,DOMAIN_REVIEWER,V2-PRESCRIPTION-REVIEW-CANDIDATE-2026-08-25,validation/review_results/v2_prescription_review_input.csv,2026-08-25T00:00:00+09:00,DOMAIN_APPROVED,DRAFT,false
mobility_balance_bodyweight,GENERAL_FITNESS,CORE,BEGINNER,WARMUP,1,,60,0,LOW,v2.0.0-draft,DOMAIN_REVIEWER,V2-PRESCRIPTION-REVIEW-CANDIDATE-2026-08-25,validation/review_results/v2_prescription_review_input.csv,2026-08-25T00:00:00+09:00,DOMAIN_APPROVED,DRAFT,false
mobility_balance_bodyweight,GENERAL_FITNESS,CORE,BEGINNER,COOLDOWN,1,,45,0,LOW,v2.0.0-draft,DOMAIN_REVIEWER,V2-PRESCRIPTION-REVIEW-CANDIDATE-2026-08-25,validation/review_results/v2_prescription_review_input.csv,2026-08-25T00:00:00+09:00,DOMAIN_APPROVED,DRAFT,false
neck_lateral_stretch_mobility_stretch_bodyweight,GENERAL_FITNESS,SUPPORT,BEGINNER,WARMUP,1,,60,0,LOW,v2.0.0-draft,DOMAIN_REVIEWER,V2-PRESCRIPTION-REVIEW-CANDIDATE-2026-08-25,validation/review_results/v2_prescription_review_input.csv,2026-08-25T00:00:00+09:00,DOMAIN_APPROVED,DRAFT,false
neck_lateral_stretch_mobility_stretch_bodyweight,GENERAL_FITNESS,SUPPORT,BEGINNER,COOLDOWN,1,,45,0,LOW,v2.0.0-draft,DOMAIN_REVIEWER,V2-PRESCRIPTION-REVIEW-CANDIDATE-2026-08-25,validation/review_results/v2_prescription_review_input.csv,2026-08-25T00:00:00+09:00,DOMAIN_APPROVED,DRAFT,false
one_arm_wall_lats_isolation_bodyweight,GENERAL_FITNESS,SUPPORT,BEGINNER,MAIN,2,8,,45,MODERATE,v2.0.0-draft,DOMAIN_REVIEWER,V2-PRESCRIPTION-REVIEW-CANDIDATE-2026-08-25,validation/review_results/v2_prescription_review_input.csv,2026-08-25T00:00:00+09:00,DOMAIN_APPROVED,DRAFT,false
overhead_triceps_extension_isolation_barbell,GENERAL_FITNESS,SUPPORT,BEGINNER,MAIN,2,8,,45,MODERATE,v2.0.0-draft,DOMAIN_REVIEWER,V2-PRESCRIPTION-REVIEW-CANDIDATE-2026-08-25,validation/review_results/v2_prescription_review_input.csv,2026-08-25T00:00:00+09:00,DOMAIN_APPROVED,DRAFT,false
overhead_triceps_stretch_mobility_stretch_bodyweight,GENERAL_FITNESS,SUPPORT,BEGINNER,WARMUP,1,,60,0,LOW,v2.0.0-draft,DOMAIN_REVIEWER,V2-PRESCRIPTION-REVIEW-CANDIDATE-2026-08-25,validation/review_results/v2_prescription_review_input.csv,2026-08-25T00:00:00+09:00,DOMAIN_APPROVED,DRAFT,false
overhead_triceps_stretch_mobility_stretch_bodyweight,GENERAL_FITNESS,SUPPORT,BEGINNER,COOLDOWN,1,,45,0,LOW,v2.0.0-draft,DOMAIN_REVIEWER,V2-PRESCRIPTION-REVIEW-CANDIDATE-2026-08-25,validation/review_results/v2_prescription_review_input.csv,2026-08-25T00:00:00+09:00,DOMAIN_APPROVED,DRAFT,false
pectorals_horizontal_push_horizontal_push_machine,GENERAL_FITNESS,CORE,BEGINNER,MAIN,2,8,,45,MODERATE,v2.0.0-draft,DOMAIN_REVIEWER,V2-PRESCRIPTION-REVIEW-CANDIDATE-2026-08-25,validation/review_results/v2_prescription_review_input.csv,2026-08-25T00:00:00+09:00,DOMAIN_APPROVED,DRAFT,false
peroneal_stretch_mobility_stretch_stretch_strap,GENERAL_FITNESS,SUPPORT,BEGINNER,WARMUP,1,,60,0,LOW,v2.0.0-draft,DOMAIN_REVIEWER,V2-PRESCRIPTION-REVIEW-CANDIDATE-2026-08-25,validation/review_results/v2_prescription_review_input.csv,2026-08-25T00:00:00+09:00,DOMAIN_APPROVED,DRAFT,false
peroneal_stretch_mobility_stretch_stretch_strap,GENERAL_FITNESS,SUPPORT,BEGINNER,COOLDOWN,1,,45,0,LOW,v2.0.0-draft,DOMAIN_REVIEWER,V2-PRESCRIPTION-REVIEW-CANDIDATE-2026-08-25,validation/review_results/v2_prescription_review_input.csv,2026-08-25T00:00:00+09:00,DOMAIN_APPROVED,DRAFT,false
plank_rotation_core_brace_bodyweight,GENERAL_FITNESS,CORE,BEGINNER,MAIN,1,,60,0,LOW,v2.0.0-draft,DOMAIN_REVIEWER,V2-PRESCRIPTION-REVIEW-CANDIDATE-2026-08-25,validation/review_results/v2_prescription_review_input.csv,2026-08-25T00:00:00+09:00,DOMAIN_APPROVED,DRAFT,false
push_up_horizontal_push_bodyweight,GENERAL_FITNESS,CORE,BEGINNER,MAIN,2,8,,45,MODERATE,v2.0.0-draft,DOMAIN_REVIEWER,V2-PRESCRIPTION-REVIEW-CANDIDATE-2026-08-25,validation/review_results/v2_prescription_review_input.csv,2026-08-25T00:00:00+09:00,DOMAIN_APPROVED,DRAFT,false
rear_deltoid_stretch_mobility_stretch_bodyweight,GENERAL_FITNESS,SUPPORT,BEGINNER,WARMUP,1,,60,0,LOW,v2.0.0-draft,DOMAIN_REVIEWER,V2-PRESCRIPTION-REVIEW-CANDIDATE-2026-08-25,validation/review_results/v2_prescription_review_input.csv,2026-08-25T00:00:00+09:00,DOMAIN_APPROVED,DRAFT,false
rear_deltoid_stretch_mobility_stretch_bodyweight,GENERAL_FITNESS,SUPPORT,BEGINNER,COOLDOWN,1,,45,0,LOW,v2.0.0-draft,DOMAIN_REVIEWER,V2-PRESCRIPTION-REVIEW-CANDIDATE-2026-08-25,validation/review_results/v2_prescription_review_input.csv,2026-08-25T00:00:00+09:00,DOMAIN_APPROVED,DRAFT,false
reverse_calf_raise_isolation_resistance_band,GENERAL_FITNESS,SUPPORT,BEGINNER,MAIN,2,8,,45,MODERATE,v2.0.0-draft,DOMAIN_REVIEWER,V2-PRESCRIPTION-REVIEW-CANDIDATE-2026-08-25,validation/review_results/v2_prescription_review_input.csv,2026-08-25T00:00:00+09:00,DOMAIN_APPROVED,DRAFT,false
reverse_wrist_curl_isolation_barbell,GENERAL_FITNESS,SUPPORT,BEGINNER,MAIN,2,8,,45,MODERATE,v2.0.0-draft,DOMAIN_REVIEWER,V2-PRESCRIPTION-REVIEW-CANDIDATE-2026-08-25,validation/review_results/v2_prescription_review_input.csv,2026-08-25T00:00:00+09:00,DOMAIN_APPROVED,DRAFT,false
roller_back_stretch_mobility_stretch_foam_roller,GENERAL_FITNESS,SUPPORT,BEGINNER,WARMUP,1,,60,0,LOW,v2.0.0-draft,DOMAIN_REVIEWER,V2-PRESCRIPTION-REVIEW-CANDIDATE-2026-08-25,validation/review_results/v2_prescription_review_input.csv,2026-08-25T00:00:00+09:00,DOMAIN_APPROVED,DRAFT,false
roller_back_stretch_mobility_stretch_foam_roller,GENERAL_FITNESS,SUPPORT,BEGINNER,COOLDOWN,1,,45,0,LOW,v2.0.0-draft,DOMAIN_REVIEWER,V2-PRESCRIPTION-REVIEW-CANDIDATE-2026-08-25,validation/review_results/v2_prescription_review_input.csv,2026-08-25T00:00:00+09:00,DOMAIN_APPROVED,DRAFT,false
roller_hip_stretch_mobility_stretch_foam_roller,GENERAL_FITNESS,SUPPORT,BEGINNER,WARMUP,1,,60,0,LOW,v2.0.0-draft,DOMAIN_REVIEWER,V2-PRESCRIPTION-REVIEW-CANDIDATE-2026-08-25,validation/review_results/v2_prescription_review_input.csv,2026-08-25T00:00:00+09:00,DOMAIN_APPROVED,DRAFT,false
roller_hip_stretch_mobility_stretch_foam_roller,GENERAL_FITNESS,SUPPORT,BEGINNER,COOLDOWN,1,,45,0,LOW,v2.0.0-draft,DOMAIN_REVIEWER,V2-PRESCRIPTION-REVIEW-CANDIDATE-2026-08-25,validation/review_results/v2_prescription_review_input.csv,2026-08-25T00:00:00+09:00,DOMAIN_APPROVED,DRAFT,false
rotation_variant_core_brace_cable_machine,GENERAL_FITNESS,CORE,BEGINNER,MAIN,1,,60,0,LOW,v2.0.0-draft,DOMAIN_REVIEWER,V2-PRESCRIPTION-REVIEW-CANDIDATE-2026-08-25,validation/review_results/v2_prescription_review_input.csv,2026-08-25T00:00:00+09:00,DOMAIN_APPROVED,DRAFT,false
row_variant_horizontal_pull_cable_machine,GENERAL_FITNESS,CORE,BEGINNER,MAIN,2,8,,45,MODERATE,v2.0.0-draft,DOMAIN_REVIEWER,V2-PRESCRIPTION-REVIEW-CANDIDATE-2026-08-25,validation/review_results/v2_prescription_review_input.csv,2026-08-25T00:00:00+09:00,DOMAIN_APPROVED,DRAFT,false
runners_stretch_mobility_stretch_bodyweight,GENERAL_FITNESS,SUPPORT,BEGINNER,WARMUP,1,,60,0,LOW,v2.0.0-draft,DOMAIN_REVIEWER,V2-PRESCRIPTION-REVIEW-CANDIDATE-2026-08-25,validation/review_results/v2_prescription_review_input.csv,2026-08-25T00:00:00+09:00,DOMAIN_APPROVED,DRAFT,false
runners_stretch_mobility_stretch_bodyweight,GENERAL_FITNESS,SUPPORT,BEGINNER,COOLDOWN,1,,45,0,LOW,v2.0.0-draft,DOMAIN_REVIEWER,V2-PRESCRIPTION-REVIEW-CANDIDATE-2026-08-25,validation/review_results/v2_prescription_review_input.csv,2026-08-25T00:00:00+09:00,DOMAIN_APPROVED,DRAFT,false
scapular_pull_up_vertical_pull_bodyweight_pull_up_bar,GENERAL_FITNESS,CORE,BEGINNER,MAIN,2,8,,45,MODERATE,v2.0.0-draft,DOMAIN_REVIEWER,V2-PRESCRIPTION-REVIEW-CANDIDATE-2026-08-25,validation/review_results/v2_prescription_review_input.csv,2026-08-25T00:00:00+09:00,DOMAIN_APPROVED,DRAFT,false
seated_cable_row_horizontal_pull_cable_machine,GENERAL_FITNESS,CORE,BEGINNER,MAIN,2,8,,45,MODERATE,v2.0.0-draft,DOMAIN_REVIEWER,V2-PRESCRIPTION-REVIEW-CANDIDATE-2026-08-25,validation/review_results/v2_prescription_review_input.csv,2026-08-25T00:00:00+09:00,DOMAIN_APPROVED,DRAFT,false
seated_calf_raise_isolation_barbell,GENERAL_FITNESS,SUPPORT,BEGINNER,MAIN,2,8,,45,MODERATE,v2.0.0-draft,DOMAIN_REVIEWER,V2-PRESCRIPTION-REVIEW-CANDIDATE-2026-08-25,validation/review_results/v2_prescription_review_input.csv,2026-08-25T00:00:00+09:00,DOMAIN_APPROVED,DRAFT,false
seated_calf_stretch_mobility_stretch_bodyweight,GENERAL_FITNESS,SUPPORT,BEGINNER,WARMUP,1,,60,0,LOW,v2.0.0-draft,DOMAIN_REVIEWER,V2-PRESCRIPTION-REVIEW-CANDIDATE-2026-08-25,validation/review_results/v2_prescription_review_input.csv,2026-08-25T00:00:00+09:00,DOMAIN_APPROVED,DRAFT,false
seated_calf_stretch_mobility_stretch_bodyweight,GENERAL_FITNESS,SUPPORT,BEGINNER,COOLDOWN,1,,45,0,LOW,v2.0.0-draft,DOMAIN_REVIEWER,V2-PRESCRIPTION-REVIEW-CANDIDATE-2026-08-25,validation/review_results/v2_prescription_review_input.csv,2026-08-25T00:00:00+09:00,DOMAIN_APPROVED,DRAFT,false
seated_glute_stretch_mobility_stretch_bodyweight,GENERAL_FITNESS,SUPPORT,BEGINNER,WARMUP,1,,60,0,LOW,v2.0.0-draft,DOMAIN_REVIEWER,V2-PRESCRIPTION-REVIEW-CANDIDATE-2026-08-25,validation/review_results/v2_prescription_review_input.csv,2026-08-25T00:00:00+09:00,DOMAIN_APPROVED,DRAFT,false
seated_glute_stretch_mobility_stretch_bodyweight,GENERAL_FITNESS,SUPPORT,BEGINNER,COOLDOWN,1,,45,0,LOW,v2.0.0-draft,DOMAIN_REVIEWER,V2-PRESCRIPTION-REVIEW-CANDIDATE-2026-08-25,validation/review_results/v2_prescription_review_input.csv,2026-08-25T00:00:00+09:00,DOMAIN_APPROVED,DRAFT,false
seated_leg_curl_knee_flexion_machine,GENERAL_FITNESS,SUPPORT,BEGINNER,MAIN,2,8,,45,MODERATE,v2.0.0-draft,DOMAIN_REVIEWER,V2-PRESCRIPTION-REVIEW-CANDIDATE-2026-08-25,validation/review_results/v2_prescription_review_input.csv,2026-08-25T00:00:00+09:00,DOMAIN_APPROVED,DRAFT,false
seated_lower_back_stretch_mobility_stretch_bodyweight,GENERAL_FITNESS,SUPPORT,BEGINNER,WARMUP,1,,60,0,LOW,v2.0.0-draft,DOMAIN_REVIEWER,V2-PRESCRIPTION-REVIEW-CANDIDATE-2026-08-25,validation/review_results/v2_prescription_review_input.csv,2026-08-25T00:00:00+09:00,DOMAIN_APPROVED,DRAFT,false
seated_lower_back_stretch_mobility_stretch_bodyweight,GENERAL_FITNESS,SUPPORT,BEGINNER,COOLDOWN,1,,45,0,LOW,v2.0.0-draft,DOMAIN_REVIEWER,V2-PRESCRIPTION-REVIEW-CANDIDATE-2026-08-25,validation/review_results/v2_prescription_review_input.csv,2026-08-25T00:00:00+09:00,DOMAIN_APPROVED,DRAFT,false
seated_piriformis_stretch_mobility_stretch_bodyweight,GENERAL_FITNESS,SUPPORT,BEGINNER,WARMUP,1,,60,0,LOW,v2.0.0-draft,DOMAIN_REVIEWER,V2-PRESCRIPTION-REVIEW-CANDIDATE-2026-08-25,validation/review_results/v2_prescription_review_input.csv,2026-08-25T00:00:00+09:00,DOMAIN_APPROVED,DRAFT,false
seated_piriformis_stretch_mobility_stretch_bodyweight,GENERAL_FITNESS,SUPPORT,BEGINNER,COOLDOWN,1,,45,0,LOW,v2.0.0-draft,DOMAIN_REVIEWER,V2-PRESCRIPTION-REVIEW-CANDIDATE-2026-08-25,validation/review_results/v2_prescription_review_input.csv,2026-08-25T00:00:00+09:00,DOMAIN_APPROVED,DRAFT,false
seated_shoulder_press_vertical_push_dumbbell,GENERAL_FITNESS,CORE,BEGINNER,MAIN,2,8,,45,MODERATE,v2.0.0-draft,DOMAIN_REVIEWER,V2-PRESCRIPTION-REVIEW-CANDIDATE-2026-08-25,validation/review_results/v2_prescription_review_input.csv,2026-08-25T00:00:00+09:00,DOMAIN_APPROVED,DRAFT,false
seated_wide_angle_stretch_mobility_stretch_bodyweight,GENERAL_FITNESS,SUPPORT,BEGINNER,WARMUP,1,,60,0,LOW,v2.0.0-draft,DOMAIN_REVIEWER,V2-PRESCRIPTION-REVIEW-CANDIDATE-2026-08-25,validation/review_results/v2_prescription_review_input.csv,2026-08-25T00:00:00+09:00,DOMAIN_APPROVED,DRAFT,false
seated_wide_angle_stretch_mobility_stretch_bodyweight,GENERAL_FITNESS,SUPPORT,BEGINNER,COOLDOWN,1,,45,0,LOW,v2.0.0-draft,DOMAIN_REVIEWER,V2-PRESCRIPTION-REVIEW-CANDIDATE-2026-08-25,validation/review_results/v2_prescription_review_input.csv,2026-08-25T00:00:00+09:00,DOMAIN_APPROVED,DRAFT,false
side_lying_quadriceps_stretch_mobility_stretch_bodyweight,GENERAL_FITNESS,SUPPORT,BEGINNER,WARMUP,1,,60,0,LOW,v2.0.0-draft,DOMAIN_REVIEWER,V2-PRESCRIPTION-REVIEW-CANDIDATE-2026-08-25,validation/review_results/v2_prescription_review_input.csv,2026-08-25T00:00:00+09:00,DOMAIN_APPROVED,DRAFT,false
side_lying_quadriceps_stretch_mobility_stretch_bodyweight,GENERAL_FITNESS,SUPPORT,BEGINNER,COOLDOWN,1,,45,0,LOW,v2.0.0-draft,DOMAIN_REVIEWER,V2-PRESCRIPTION-REVIEW-CANDIDATE-2026-08-25,validation/review_results/v2_prescription_review_input.csv,2026-08-25T00:00:00+09:00,DOMAIN_APPROVED,DRAFT,false
side_wrist_pull_stretch_mobility_stretch_bodyweight,GENERAL_FITNESS,SUPPORT,BEGINNER,WARMUP,1,,60,0,LOW,v2.0.0-draft,DOMAIN_REVIEWER,V2-PRESCRIPTION-REVIEW-CANDIDATE-2026-08-25,validation/review_results/v2_prescription_review_input.csv,2026-08-25T00:00:00+09:00,DOMAIN_APPROVED,DRAFT,false
side_wrist_pull_stretch_mobility_stretch_bodyweight,GENERAL_FITNESS,SUPPORT,BEGINNER,COOLDOWN,1,,45,0,LOW,v2.0.0-draft,DOMAIN_REVIEWER,V2-PRESCRIPTION-REVIEW-CANDIDATE-2026-08-25,validation/review_results/v2_prescription_review_input.csv,2026-08-25T00:00:00+09:00,DOMAIN_APPROVED,DRAFT,false
spine_core_brace_core_brace_mat,GENERAL_FITNESS,CORE,BEGINNER,MAIN,1,,60,0,LOW,v2.0.0-draft,DOMAIN_REVIEWER,V2-PRESCRIPTION-REVIEW-CANDIDATE-2026-08-25,validation/review_results/v2_prescription_review_input.csv,2026-08-25T00:00:00+09:00,DOMAIN_APPROVED,DRAFT,false
spine_stretch_mobility_stretch_bodyweight,GENERAL_FITNESS,SUPPORT,BEGINNER,WARMUP,1,,60,0,LOW,v2.0.0-draft,DOMAIN_REVIEWER,V2-PRESCRIPTION-REVIEW-CANDIDATE-2026-08-25,validation/review_results/v2_prescription_review_input.csv,2026-08-25T00:00:00+09:00,DOMAIN_APPROVED,DRAFT,false
spine_stretch_mobility_stretch_bodyweight,GENERAL_FITNESS,SUPPORT,BEGINNER,COOLDOWN,1,,45,0,LOW,v2.0.0-draft,DOMAIN_REVIEWER,V2-PRESCRIPTION-REVIEW-CANDIDATE-2026-08-25,validation/review_results/v2_prescription_review_input.csv,2026-08-25T00:00:00+09:00,DOMAIN_APPROVED,DRAFT,false
spine_twist_mobility_stretch_bodyweight,GENERAL_FITNESS,SUPPORT,BEGINNER,WARMUP,1,,60,0,LOW,v2.0.0-draft,DOMAIN_REVIEWER,V2-PRESCRIPTION-REVIEW-CANDIDATE-2026-08-25,validation/review_results/v2_prescription_review_input.csv,2026-08-25T00:00:00+09:00,DOMAIN_APPROVED,DRAFT,false
spine_twist_mobility_stretch_bodyweight,GENERAL_FITNESS,SUPPORT,BEGINNER,COOLDOWN,1,,45,0,LOW,v2.0.0-draft,DOMAIN_REVIEWER,V2-PRESCRIPTION-REVIEW-CANDIDATE-2026-08-25,validation/review_results/v2_prescription_review_input.csv,2026-08-25T00:00:00+09:00,DOMAIN_APPROVED,DRAFT,false
squat_variant_knee_dominant_barbell,GENERAL_FITNESS,CORE,BEGINNER,MAIN,2,8,,45,MODERATE,v2.0.0-draft,DOMAIN_REVIEWER,V2-PRESCRIPTION-REVIEW-CANDIDATE-2026-08-25,validation/review_results/v2_prescription_review_input.csv,2026-08-25T00:00:00+09:00,DOMAIN_APPROVED,DRAFT,false
standing_hamstring_calf_strap_stretch_mobility_stretch_stretch_strap,GENERAL_FITNESS,SUPPORT,BEGINNER,WARMUP,1,,60,0,LOW,v2.0.0-draft,DOMAIN_REVIEWER,V2-PRESCRIPTION-REVIEW-CANDIDATE-2026-08-25,validation/review_results/v2_prescription_review_input.csv,2026-08-25T00:00:00+09:00,DOMAIN_APPROVED,DRAFT,false
standing_hamstring_calf_strap_stretch_mobility_stretch_stretch_strap,GENERAL_FITNESS,SUPPORT,BEGINNER,COOLDOWN,1,,45,0,LOW,v2.0.0-draft,DOMAIN_REVIEWER,V2-PRESCRIPTION-REVIEW-CANDIDATE-2026-08-25,validation/review_results/v2_prescription_review_input.csv,2026-08-25T00:00:00+09:00,DOMAIN_APPROVED,DRAFT,false
standing_lateral_stretch_mobility_stretch_bodyweight,GENERAL_FITNESS,SUPPORT,BEGINNER,WARMUP,1,,60,0,LOW,v2.0.0-draft,DOMAIN_REVIEWER,V2-PRESCRIPTION-REVIEW-CANDIDATE-2026-08-25,validation/review_results/v2_prescription_review_input.csv,2026-08-25T00:00:00+09:00,DOMAIN_APPROVED,DRAFT,false
standing_lateral_stretch_mobility_stretch_bodyweight,GENERAL_FITNESS,SUPPORT,BEGINNER,COOLDOWN,1,,45,0,LOW,v2.0.0-draft,DOMAIN_REVIEWER,V2-PRESCRIPTION-REVIEW-CANDIDATE-2026-08-25,validation/review_results/v2_prescription_review_input.csv,2026-08-25T00:00:00+09:00,DOMAIN_APPROVED,DRAFT,false
triceps_stretch_mobility_stretch_bodyweight,GENERAL_FITNESS,SUPPORT,BEGINNER,WARMUP,1,,60,0,LOW,v2.0.0-draft,DOMAIN_REVIEWER,V2-PRESCRIPTION-REVIEW-CANDIDATE-2026-08-25,validation/review_results/v2_prescription_review_input.csv,2026-08-25T00:00:00+09:00,DOMAIN_APPROVED,DRAFT,false
triceps_stretch_mobility_stretch_bodyweight,GENERAL_FITNESS,SUPPORT,BEGINNER,COOLDOWN,1,,45,0,LOW,v2.0.0-draft,DOMAIN_REVIEWER,V2-PRESCRIPTION-REVIEW-CANDIDATE-2026-08-25,validation/review_results/v2_prescription_review_input.csv,2026-08-25T00:00:00+09:00,DOMAIN_APPROVED,DRAFT,false
upper_back_isolation_isolation_resistance_band,GENERAL_FITNESS,SUPPORT,BEGINNER,MAIN,2,8,,45,MODERATE,v2.0.0-draft,DOMAIN_REVIEWER,V2-PRESCRIPTION-REVIEW-CANDIDATE-2026-08-25,validation/review_results/v2_prescription_review_input.csv,2026-08-25T00:00:00+09:00,DOMAIN_APPROVED,DRAFT,false
upper_back_stretch_mobility_stretch_bodyweight,GENERAL_FITNESS,SUPPORT,BEGINNER,WARMUP,1,,60,0,LOW,v2.0.0-draft,DOMAIN_REVIEWER,V2-PRESCRIPTION-REVIEW-CANDIDATE-2026-08-25,validation/review_results/v2_prescription_review_input.csv,2026-08-25T00:00:00+09:00,DOMAIN_APPROVED,DRAFT,false
upper_back_stretch_mobility_stretch_bodyweight,GENERAL_FITNESS,SUPPORT,BEGINNER,COOLDOWN,1,,45,0,LOW,v2.0.0-draft,DOMAIN_REVIEWER,V2-PRESCRIPTION-REVIEW-CANDIDATE-2026-08-25,validation/review_results/v2_prescription_review_input.csv,2026-08-25T00:00:00+09:00,DOMAIN_APPROVED,DRAFT,false
wall_calf_stretch_mobility_stretch_bodyweight,GENERAL_FITNESS,SUPPORT,BEGINNER,WARMUP,1,,60,0,LOW,v2.0.0-draft,DOMAIN_REVIEWER,V2-PRESCRIPTION-REVIEW-CANDIDATE-2026-08-25,validation/review_results/v2_prescription_review_input.csv,2026-08-25T00:00:00+09:00,DOMAIN_APPROVED,DRAFT,false
wall_calf_stretch_mobility_stretch_bodyweight,GENERAL_FITNESS,SUPPORT,BEGINNER,COOLDOWN,1,,45,0,LOW,v2.0.0-draft,DOMAIN_REVIEWER,V2-PRESCRIPTION-REVIEW-CANDIDATE-2026-08-25,validation/review_results/v2_prescription_review_input.csv,2026-08-25T00:00:00+09:00,DOMAIN_APPROVED,DRAFT,false
world_greatest_stretch_mobility_stretch_bodyweight,GENERAL_FITNESS,SUPPORT,BEGINNER,WARMUP,1,,60,0,LOW,v2.0.0-draft,DOMAIN_REVIEWER,V2-PRESCRIPTION-REVIEW-CANDIDATE-2026-08-25,validation/review_results/v2_prescription_review_input.csv,2026-08-25T00:00:00+09:00,DOMAIN_APPROVED,DRAFT,false
world_greatest_stretch_mobility_stretch_bodyweight,GENERAL_FITNESS,SUPPORT,BEGINNER,COOLDOWN,1,,45,0,LOW,v2.0.0-draft,DOMAIN_REVIEWER,V2-PRESCRIPTION-REVIEW-CANDIDATE-2026-08-25,validation/review_results/v2_prescription_review_input.csv,2026-08-25T00:00:00+09:00,DOMAIN_APPROVED,DRAFT,false
wrist_circles_mobility_stretch_bodyweight,GENERAL_FITNESS,SUPPORT,BEGINNER,WARMUP,1,,60,0,LOW,v2.0.0-draft,DOMAIN_REVIEWER,V2-PRESCRIPTION-REVIEW-CANDIDATE-2026-08-25,validation/review_results/v2_prescription_review_input.csv,2026-08-25T00:00:00+09:00,DOMAIN_APPROVED,DRAFT,false
wrist_circles_mobility_stretch_bodyweight,GENERAL_FITNESS,SUPPORT,BEGINNER,COOLDOWN,1,,45,0,LOW,v2.0.0-draft,DOMAIN_REVIEWER,V2-PRESCRIPTION-REVIEW-CANDIDATE-2026-08-25,validation/review_results/v2_prescription_review_input.csv,2026-08-25T00:00:00+09:00,DOMAIN_APPROVED,DRAFT,false
wrist_curl_isolation_barbell,GENERAL_FITNESS,SUPPORT,BEGINNER,MAIN,2,8,,45,MODERATE,v2.0.0-draft,DOMAIN_REVIEWER,V2-PRESCRIPTION-REVIEW-CANDIDATE-2026-08-25,validation/review_results/v2_prescription_review_input.csv,2026-08-25T00:00:00+09:00,DOMAIN_APPROVED,DRAFT,false
